/*
 Navicat Premium Data Transfer

 Source Server         : root
 Source Server Type    : MySQL
 Source Server Version : 80031
 Source Host           : localhost:3306
 Source Schema         : hgu7-zxxx

 Target Server Type    : MySQL
 Target Server Version : 80031
 File Encoding         : 65001

 Date: 06/11/2024 15:26:06
*/

SET NAMES utf8mb4;
SET FOREIGN_KEY_CHECKS = 0;

-- ----------------------------
-- Table structure for caru_course
-- ----------------------------
DROP TABLE IF EXISTS `caru_course`;
CREATE TABLE `caru_course`  (
  `caru_id` int NOT NULL AUTO_INCREMENT,
  `CaruCourseId` int NULL DEFAULT NULL COMMENT '轮播图课程id',
  PRIMARY KEY (`caru_id`) USING BTREE
) ENGINE = InnoDB AUTO_INCREMENT = 7 CHARACTER SET = utf8mb4 COLLATE = utf8mb4_0900_ai_ci COMMENT = '首页轮播图展示的课程id' ROW_FORMAT = DYNAMIC;

-- ----------------------------
-- Records of caru_course
-- ----------------------------
INSERT INTO `caru_course` VALUES (1, 1);
INSERT INTO `caru_course` VALUES (2, 2);
INSERT INTO `caru_course` VALUES (3, 3);
INSERT INTO `caru_course` VALUES (4, 4);
INSERT INTO `caru_course` VALUES (5, 5);
INSERT INTO `caru_course` VALUES (6, 6);

-- ----------------------------
-- Table structure for course
-- ----------------------------
DROP TABLE IF EXISTS `course`;
CREATE TABLE `course`  (
  `course_id` int NOT NULL AUTO_INCREMENT COMMENT '课程id\r\n',
  `course_name` varchar(255) CHARACTER SET utf8mb4 COLLATE utf8mb4_0900_ai_ci NULL DEFAULT NULL COMMENT '课程名\r\n',
  `course_description` varchar(500) CHARACTER SET utf8mb4 COLLATE utf8mb4_0900_ai_ci NULL DEFAULT NULL COMMENT '课程简介\r\n',
  `user_id` int NULL DEFAULT NULL COMMENT '创建者id\r\n',
  `created_at` timestamp NULL DEFAULT NULL ON UPDATE CURRENT_TIMESTAMP COMMENT '创建时间\r\n',
  `updated_at` timestamp NULL DEFAULT NULL ON UPDATE CURRENT_TIMESTAMP COMMENT '更新时间\r\n',
  `teacher` varchar(10) CHARACTER SET utf8mb4 COLLATE utf8mb4_0900_ai_ci NULL DEFAULT NULL COMMENT '讲师',
  `course_category` varchar(2) CHARACTER SET utf8mb4 COLLATE utf8mb4_0900_ai_ci NULL DEFAULT NULL COMMENT '课程分类',
  `course_img` varchar(255) CHARACTER SET utf8mb4 COLLATE utf8mb4_0900_ai_ci NULL DEFAULT NULL COMMENT '课程封面',
  PRIMARY KEY (`course_id`) USING BTREE
) ENGINE = InnoDB AUTO_INCREMENT = 7 CHARACTER SET = utf8mb4 COLLATE = utf8mb4_0900_ai_ci ROW_FORMAT = DYNAMIC;

-- ----------------------------
-- Records of course
-- ----------------------------
INSERT INTO `course` VALUES (1, '线性代数', '线性代数是一门重要的数学基础课程，研究变量间的线性关系。它在自然科学、社会科学、工程技术、军事和工农业生产等领域中有广泛的应用。课程内容包括行列式、矩阵、向量的线性相关性、线性方程组、相似矩阵和二次型等理论。学习该课程需要具备微积分和代数基本知识。', 1, '2024-10-30 00:00:00', '2024-11-04 14:31:53', '宋浩', '00', 'https://tse4-mm.cn.bing.net/th/id/OIP-C.fK7K5Lvtke9pBIs-x0hN_wHaEY?w=290&h=180&c=7&r=0&o=5&pid=1.7');
INSERT INTO `course` VALUES (2, '高等数学', '高等数学是一门十分重要的基础理论课。它的主要研究对象为实变实值函数，尤其是连续的实变实值函数。本课程包括的主要内容有：一元函数的极限，连续、微分、积分，级数及多元函数的极限、连续、微分、积分（含参积分，线积分、重积分、面积分）、空间解析几何、微分方程等。', 1, '2024-10-28 00:00:00', '2024-11-04 14:33:26', '宋浩', '00', 'https://ts1.cn.mm.bing.net/th?id=OVP.O5FgFLeZI404cxGQkyzhywIIFE&w=608&h=342&c=7&rs=1&qlt=90&o=6&pid=1.7');
INSERT INTO `course` VALUES (3, '计算机网络', '《计算机网络基础》是网络工程专业学生的必修课程，是一门集计算机技术与通信技术、 软件与硬件、理论与实践为一体的课程。作为一门学科与专业基础性课程，本课程的学习将 为学生后续从事计算机网络应用、设计与开发和进一步的专业学习打下必要的基础。', 1, '2024-10-29 00:00:00', '2024-11-04 14:37:18', '湖科大教书匠', '80', 'https://tse3-mm.cn.bing.net/th/id/OIP-C.W89FVAuldBahnyfGq96HsAHaEK?w=298&h=180&c=7&r=0&o=5&pid=1.7');
INSERT INTO `course` VALUES (4, '数据结构', '《数据结构》是计算机科学教育中的一门必修课程，主要介绍数据结构及其相关操作的算法。课程内容包括算法分析、抽象数据类型、数组、表、栈、递归、广义表、队列和优先队列、树、搜索树和平衡搜索树、集合、散列和散列表、排序、图和图的算法。学生通过学习，能够掌握数据结构的基本知识，提高用计算机解决实际问题的能力。', 1, '2024-10-30 00:00:00', '2024-11-04 14:37:40', '王道', '80', 'https://tse3-mm.cn.bing.net/th/id/OIP-C.EGOrs0RiHjuiJ6cTUZVTtAAAAA?w=277&h=180&c=7&r=0&o=5&pid=1.7');
INSERT INTO `course` VALUES (5, '计算机组成原理', '该课程讲授计算机单机系统的组成 原理，讨论计算机组织与结构，即在硬件与软件功能分配中最基本的硬件系统。 课程内容包括计算机主要部件类型、结构，组成和基本工作原理，讨论机内数据 流、数据通路和控制方式等，使学生在硬件层面理解计算机系统，为后续的操作 系统、编译原理等课程打下良好的基础。', 1, '2024-11-04 00:00:00', '2024-11-04 14:37:59', '王道', '80', 'https://tse2-mm.cn.bing.net/th/id/OIP-C.zOqBjnegIbKvPNf8RcL6ngHaEK?w=318&h=180&c=7&r=0&o=5&pid=1.7');
INSERT INTO `course` VALUES (6, '操作系统', '本课程是计算机类专业的必修课程，旨在全面系统地介绍操作系统的体系结构、设计机理及实现方法和技术，包括自启动装入、系统调用与接口、处理器调度及进/线程控制、同步与通信机制、死锁处理、基于分区/分页/分段的内存管理及虚拟存储、设备管理、文件系统等，从而培养同学在操作系统研发方面的理论基础及技术素养。', 1, '2024-11-04 00:00:00', '2024-11-04 14:38:23', '王道', '80', 'https://tse3-mm.cn.bing.net/th/id/OIP-C.p_bKAcU-MFBZUbZ0i_pHKQHaHa?w=161&h=180&c=7&r=0&o=5&pid=1.7');

-- ----------------------------
-- Table structure for course_chapters
-- ----------------------------
DROP TABLE IF EXISTS `course_chapters`;
CREATE TABLE `course_chapters`  (
  `chapter_id` int NOT NULL AUTO_INCREMENT COMMENT '章节id',
  `course_id` int NULL DEFAULT NULL COMMENT '课程id',
  `chapter_title` varchar(255) CHARACTER SET utf8mb4 COLLATE utf8mb4_0900_ai_ci NULL DEFAULT NULL COMMENT '章节标题',
  `chapter_description` varchar(255) CHARACTER SET utf8mb4 COLLATE utf8mb4_0900_ai_ci NULL DEFAULT NULL COMMENT '章节描述',
  `video_url` varchar(400) CHARACTER SET utf8mb4 COLLATE utf8mb4_0900_ai_ci NULL DEFAULT NULL COMMENT '视频链接',
  `position` varchar(255) CHARACTER SET utf8mb4 COLLATE utf8mb4_0900_ai_ci NULL DEFAULT NULL COMMENT '章节顺序',
  `created_at` timestamp NULL DEFAULT NULL ON UPDATE CURRENT_TIMESTAMP COMMENT '创建时间',
  `updated_at` timestamp NULL DEFAULT NULL ON UPDATE CURRENT_TIMESTAMP COMMENT '更新时间',
  PRIMARY KEY (`chapter_id`) USING BTREE
) ENGINE = InnoDB AUTO_INCREMENT = 36 CHARACTER SET = utf8mb4 COLLATE = utf8mb4_0900_ai_ci ROW_FORMAT = DYNAMIC;

-- ----------------------------
-- Records of course_chapters
-- ----------------------------
INSERT INTO `course_chapters` VALUES (1, 2, '1.1 函数的几种特性', '微积分的创立背景是在十六十七世纪，由于天文学、航海和力学的发展，提出了两大类科学问题，第一类问题包括光调曲线的切线和)法线、的速度和加速度以及如何求炮弹的最大射程，最终形成了做分学理论。第二类问题包括曲线的长度、平面图形的面积、空间物体的体积以及天体间的引力，最终形成了积分学理论。牛顿是经验的、具体的和谨慎的，而莱布尼茨则是富于想象的、喜欢推广的和大胆的。', 'http://s-bj-11294-hgu-zxxx.oss.dogecdn.com/gs1.1%20%E5%87%BD%E6%95%B0%E7%9A%84%E5%87%A0%E7%A7%8D%E7%89%B9%E6%80%A7.mp4', '1', '2024-10-31 00:00:00', '2024-11-04 14:40:37');
INSERT INTO `course_chapters` VALUES (2, 2, '1.2 反函数 复合函数 初等函数', '本视频介绍了函数的概念与性质。函数起源于描述一个量依赖于另外一个量的变化，简要的函数例子、函数的运算以及函数的几个简单特性', 'http://s-bj-11294-hgu-zxxx.oss.dogecdn.com/gs1.1%20%E5%8F%8D%E5%87%BD%E6%95%B0%20%E5%A4%8D%E5%90%88%E5%87%BD%E6%95%B0%20%E5%88%9D%E7%AD%89%E5%87%BD%E6%95%B0.mp4', '2', '2024-10-31 00:00:00', '2024-11-04 14:40:57');
INSERT INTO `course_chapters` VALUES (3, 2, '1.3 收敛数列的性质', '本视频介绍了指数函数和对数函数的概念及其图形表示。指数函数是通过将一些点进行无限加密得到的连续曲线，而对数函数则是指数函数的反函数。对数西数表示了物质财盲和精神财富之间的关系，\n即物质财富增加的量要更\n多才能获得与精神财富增加相同的量。通过图形可以看出，对数函数的增量要比指数函数的增量大。本节课还介绍了基本初等函数和双曲函教。', 'http://s-bj-11294-hgu-zxxx.oss.dogecdn.com/gs1.2%20%E6%94%B6%E6%95%9B%E6%95%B0%E5%88%97%E7%9A%84%E6%80%A7%E8%B4%A8.mp4', '3', '2024-10-31 00:00:00', '2024-11-04 14:41:20');
INSERT INTO `course_chapters` VALUES (4, 2, '1.4 无穷小与无穷大', '本节课土要讲解了二项式定理的推广问题，即如同将二项式定理中的n换成一般的实数。牛顿在创立做积分理论时考虑了这个问题，并提出了将有限和推广为无很和的思想，然后讨论了如问考虑无穷多个数的和，以及无穷级数\n的概念和收敛性质。最后介绍了柯西收敛原理。本节课的主要内容是关于无穷级数的概念与运算性质的问题引入。', 'http://s-bj-11294-hgu-zxxx.oss.dogecdn.com/gs1.4%20%E6%97%A0%E7%A9%B7%E5%B0%8F%E4%B8%8E%E6%97%A0%E7%A9%B7%E5%A4%A7.mp4', '4', '2024-10-31 00:00:00', '2024-11-04 14:41:38');
INSERT INTO `course_chapters` VALUES (5, 1, '第一节二阶三阶行列式的定义', '第一节二阶三阶行列式的定义', 'http://s-bj-11294-hgu-zxxx.oss.dogecdn.com/xd%E6%96%B0%EF%BD%9C%E7%AC%AC%E4%B8%80%E8%8A%82%E4%BA%8C%E9%98%B6%E4%B8%89%E9%98%B6%E8%A1%8C%E5%88%97%E5%BC%8F%E7%9A%84%E5%AE%9A%E4%B9%89.mp4', '1', '2024-10-31 00:00:00', '2024-11-04 14:42:30');
INSERT INTO `course_chapters` VALUES (6, 1, '第二节排列与逆序', '第二节排列与逆序', 'http://s-bj-11294-hgu-zxxx.oss.dogecdn.com/xd%E6%96%B0%EF%BD%9C%E7%AC%AC%E4%BA%8C%E8%8A%82%E6%8E%92%E5%88%97%E4%B8%8E%E9%80%86%E5%BA%8F.mp4', '2', '2024-10-31 00:00:00', '2024-11-04 14:49:01');
INSERT INTO `course_chapters` VALUES (7, 1, '第三节n阶行列式', '第三节n阶行列式', 'http://s-bj-11294-hgu-zxxx.oss.dogecdn.com/xd%E6%96%B0%EF%BD%9C%E7%AC%AC%E4%B8%89%E8%8A%82n%E9%98%B6%E8%A1%8C%E5%88%97%E5%BC%8F.mp4', '3', '2024-10-31 00:00:00', '2024-11-04 14:49:15');
INSERT INTO `course_chapters` VALUES (8, 1, '第四节行列式的性质', '第四节行列式的性质', 'http://s-bj-11294-hgu-zxxx.oss.dogecdn.com/xd%E6%96%B0%EF%BD%9C%E7%AC%AC%E5%9B%9B%E8%8A%82%E8%A1%8C%E5%88%97%E5%BC%8F%E7%9A%84%E6%80%A7%E8%B4%A8.mp4', '4', '2024-10-31 00:00:00', '2024-11-04 14:49:32');
INSERT INTO `course_chapters` VALUES (9, 1, '第五节行列式按一行（列）展开', '第五节行列式按一行（列）展开', 'http://s-bj-11294-hgu-zxxx.oss.dogecdn.com/xd%E6%96%B0%EF%BD%9C%E7%AC%AC%E4%BA%94%E8%8A%82%E8%A1%8C%E5%88%97%E5%BC%8F%E6%8C%89%E4%B8%80%E8%A1%8C%EF%BC%88%E5%88%97%EF%BC%89%E5%B1%95%E5%BC%80.mp4', '5', '2024-10-31 00:00:00', '2024-11-04 14:49:48');
INSERT INTO `course_chapters` VALUES (10, 3, '1.1 计算机网络在信息时代的作用', '1.1 计算机网络在信息时代的作用', 'http://s-bj-11294-hgu-zxxx.oss.dogecdn.com/jw1.1%20%E8%AE%A1%E7%AE%97%E6%9C%BA%E7%BD%91%E7%BB%9C%E5%9C%A8%E4%BF%A1%E6%81%AF%E6%97%B6%E4%BB%A3%E7%9A%84%E4%BD%9C%E7%94%A8.mp4', '1', '2024-10-31 00:00:00', '2024-11-04 14:50:28');
INSERT INTO `course_chapters` VALUES (11, 3, '1.2 因特网概述', '1.2 因特网概述', 'http://s-bj-11294-hgu-zxxx.oss.dogecdn.com/jw1.2%20%E5%9B%A0%E7%89%B9%E7%BD%91%E6%A6%82%E8%BF%B0.mp4', '2', '2024-10-31 00:00:00', '2024-11-04 14:50:43');
INSERT INTO `course_chapters` VALUES (12, 3, '1.3 三种交换方式：电路交换、分组交换和报文交换', '1.3 三种交换方式：电路交换、分组交换和报文交换', 'http://s-bj-11294-hgu-zxxx.oss.dogecdn.com/jw1.3%20%E4%B8%89%E7%A7%8D%E4%BA%A4%E6%8D%A2%E6%96%B9%E5%BC%8F%EF%BC%9A%E7%94%B5%E8%B7%AF%E4%BA%A4%E6%8D%A2%E3%80%81%E5%88%86%E7%BB%84%E4%BA%A4%E6%8D%A2%E5%92%8C%E6%8A%A5%E6%96%87%E4%BA%A4%E6%8D%A2.mp4', '3', '2024-10-31 00:00:00', '2024-11-04 14:50:54');
INSERT INTO `course_chapters` VALUES (13, 3, '1.4 计算机网络的定义和分类', '1.4 计算机网络的定义和分类', 'http://s-bj-11294-hgu-zxxx.oss.dogecdn.com/jw1.4%20%E8%AE%A1%E7%AE%97%E6%9C%BA%E7%BD%91%E7%BB%9C%E7%9A%84%E5%AE%9A%E4%B9%89%E5%92%8C%E5%88%86%E7%B1%BB.mp4', '4', '2024-10-31 00:00:00', '2024-11-04 14:51:09');
INSERT INTO `course_chapters` VALUES (14, 2, '反三角函数介绍', '反三角函数介绍反三角函数介绍反三角函数介绍反三角函数介绍', 'http://s-bj-11294-hgu-zxxx.oss.dogecdn.com/gs%E5%8F%8D%E4%B8%89%E8%A7%92%E5%87%BD%E6%95%B0%E4%BB%8B%E7%BB%8D.mp4', '5', '2024-11-04 14:42:06', '2024-11-04 14:42:06');
INSERT INTO `course_chapters` VALUES (15, 1, '第六节行列式按多行展开', '第六节行列式按多行展开', 'http://s-bj-11294-hgu-zxxx.oss.dogecdn.com/xd%E6%96%B0%EF%BD%9C%E7%AC%AC%E5%85%AD%E8%8A%82%E8%A1%8C%E5%88%97%E5%BC%8F%E6%8C%89%E5%A4%9A%E8%A1%8C%E5%B1%95%E5%BC%80.mp4', '6', '2024-11-04 14:50:06', '2024-11-04 14:50:06');
INSERT INTO `course_chapters` VALUES (16, 3, '1.5 计算机网络的性能指标（1）', '1.5 计算机网络的性能指标（1）', 'http://s-bj-11294-hgu-zxxx.oss.dogecdn.com/jw1.5%20%E8%AE%A1%E7%AE%97%E6%9C%BA%E7%BD%91%E7%BB%9C%E7%9A%84%E6%80%A7%E8%83%BD%E6%8C%87%E6%A0%87%EF%BC%881%EF%BC%89.mp4', '5', '2024-11-04 00:00:00', '2024-11-04 14:51:40');
INSERT INTO `course_chapters` VALUES (17, 3, '1.5 计算机网络的性能指标（2）', '1.5 计算机网络的性能指标（2）', 'http://s-bj-11294-hgu-zxxx.oss.dogecdn.com/jw1.5%20%E8%AE%A1%E7%AE%97%E6%9C%BA%E7%BD%91%E7%BB%9C%E7%9A%84%E6%80%A7%E8%83%BD%E6%8C%87%E6%A0%87%EF%BC%882%EF%BC%89.mp4', '6', '2024-11-04 14:51:54', '2024-11-04 14:51:54');
INSERT INTO `course_chapters` VALUES (18, 3, '1.6 计算机网络体系结构（1）—常见的计算机网络体系结构', '1.6 计算机网络体系结构（1）—常见的计算机网络体系结构', 'http://s-bj-11294-hgu-zxxx.oss.dogecdn.com/jw1.6%20%E8%AE%A1%E7%AE%97%E6%9C%BA%E7%BD%91%E7%BB%9C%E4%BD%93%E7%B3%BB%E7%BB%93%E6%9E%84%EF%BC%881%EF%BC%89%E2%80%94%E5%B8%B8%E8%A7%81%E7%9A%84%E8%AE%A1%E7%AE%97%E6%9C%BA%E7%BD%91%E7%BB%9C%E4%BD%93%E7%B3%BB%E7%BB%93%E6%9E%84.mp4', '7', '2024-11-04 14:52:09', '2024-11-04 14:52:09');
INSERT INTO `course_chapters` VALUES (19, 4, '1.0_开篇_数据结构在学什么', '1.0_开篇_数据结构在学什么', 'http://s-bj-11294-hgu-zxxx.oss.dogecdn.com/sj1.0_%E5%BC%80%E7%AF%87_%E6%95%B0%E6%8D%AE%E7%BB%93%E6%9E%84%E5%9C%A8%E5%AD%A6%E4%BB%80%E4%B9%88.mp4', '1', '2024-11-04 14:52:48', '2024-11-04 14:52:48');
INSERT INTO `course_chapters` VALUES (20, 4, '1.1_1_数据结构的基本概念', '1.1_1_数据结构的基本概念', 'http://s-bj-11294-hgu-zxxx.oss.dogecdn.com/sj1.1_1_%E6%95%B0%E6%8D%AE%E7%BB%93%E6%9E%84%E7%9A%84%E5%9F%BA%E6%9C%AC%E6%A6%82%E5%BF%B5.mp4', '2', '2024-11-04 14:53:05', '2024-11-04 14:53:05');
INSERT INTO `course_chapters` VALUES (21, 4, '1.1_2算法的基本概念', '1.1_2算法的基本概念', 'http://s-bj-11294-hgu-zxxx.oss.dogecdn.com/sj1.1_2%E7%AE%97%E6%B3%95%E7%9A%84%E5%9F%BA%E6%9C%AC%E6%A6%82%E5%BF%B5.mp4', '3', '2024-11-04 14:53:19', '2024-11-04 14:53:19');
INSERT INTO `course_chapters` VALUES (22, 4, '1.2_2_算法的时间复杂度', '1.2_2_算法的时间复杂度', 'http://s-bj-11294-hgu-zxxx.oss.dogecdn.com/sj1.2_2_%E7%AE%97%E6%B3%95%E7%9A%84%E6%97%B6%E9%97%B4%E5%A4%8D%E6%9D%82%E5%BA%A6.mp4', '4', '2024-11-04 00:00:00', '2024-11-04 14:53:53');
INSERT INTO `course_chapters` VALUES (23, 4, '1.2_3_算法的空间复杂度', '1.2_3_算法的空间复杂度', 'http://s-bj-11294-hgu-zxxx.oss.dogecdn.com/sj1.2_3_%E7%AE%97%E6%B3%95%E7%9A%84%E7%A9%BA%E9%97%B4%E5%A4%8D%E6%9D%82%E5%BA%A6.mp4', '5', '2024-11-04 00:00:00', '2024-11-04 14:54:17');
INSERT INTO `course_chapters` VALUES (24, 5, '1.1_计算机的发展', '1.1_计算机的发展', 'http://s-bj-11294-hgu-zxxx.oss.dogecdn.com/zy1.1_%E8%AE%A1%E7%AE%97%E6%9C%BA%E7%9A%84%E5%8F%91%E5%B1%95.mp4', '1', '2024-11-04 14:54:44', '2024-11-04 14:54:44');
INSERT INTO `course_chapters` VALUES (25, 5, '1.2_1_计算机硬件的基本组成', '1.2_1_计算机硬件的基本组成', 'http://s-bj-11294-hgu-zxxx.oss.dogecdn.com/zy1.2_1_%E8%AE%A1%E7%AE%97%E6%9C%BA%E7%A1%AC%E4%BB%B6%E7%9A%84%E5%9F%BA%E6%9C%AC%E7%BB%84%E6%88%90.mp4', '2', '2024-11-04 14:55:01', '2024-11-04 14:55:01');
INSERT INTO `course_chapters` VALUES (26, 5, '1.2_2_各个硬件的工作原理', '1.2_2_各个硬件的工作原理', 'http://s-bj-11294-hgu-zxxx.oss.dogecdn.com/zy1.2_2_%E5%90%84%E4%B8%AA%E7%A1%AC%E4%BB%B6%E7%9A%84%E5%B7%A5%E4%BD%9C%E5%8E%9F%E7%90%86.mp4', '3', '2024-11-04 14:55:33', '2024-11-04 14:55:33');
INSERT INTO `course_chapters` VALUES (27, 5, '1.2_3_计算机系统的层次结构', '1.2_3_计算机系统的层次结构', 'http://s-bj-11294-hgu-zxxx.oss.dogecdn.com/zy1.2_3_%E8%AE%A1%E7%AE%97%E6%9C%BA%E7%B3%BB%E7%BB%9F%E7%9A%84%E5%B1%82%E6%AC%A1%E7%BB%93%E6%9E%84.mp4', '4', '2024-11-04 14:55:48', '2024-11-04 14:55:48');
INSERT INTO `course_chapters` VALUES (28, 5, '1.3_计算机的性能指标', '1.3_计算机的性能指标', 'http://s-bj-11294-hgu-zxxx.oss.dogecdn.com/zy1.3_%E8%AE%A1%E7%AE%97%E6%9C%BA%E7%9A%84%E6%80%A7%E8%83%BD%E6%8C%87%E6%A0%87.mp4', '5', '2024-11-04 14:56:01', '2024-11-04 14:56:01');
INSERT INTO `course_chapters` VALUES (29, 6, '1.1_1_操作系统的概念、功能', '1.1_1_操作系统的概念、功能', 'http://s-bj-11294-hgu-zxxx.oss.dogecdn.com/os1.1_1_%E6%93%8D%E4%BD%9C%E7%B3%BB%E7%BB%9F%E7%9A%84%E6%A6%82%E5%BF%B5%E3%80%81%E5%8A%9F%E8%83%BD.mp4', '1', '2024-11-04 14:56:15', '2024-11-04 14:56:15');
INSERT INTO `course_chapters` VALUES (30, 6, '1.2_操作系统的发展与分类', '1.2_操作系统的发展与分类', 'http://s-bj-11294-hgu-zxxx.oss.dogecdn.com/os1.2_%E6%93%8D%E4%BD%9C%E7%B3%BB%E7%BB%9F%E7%9A%84%E5%8F%91%E5%B1%95%E4%B8%8E%E5%88%86%E7%B1%BB.mp4', '2', '2024-11-04 14:56:25', '2024-11-04 14:56:25');
INSERT INTO `course_chapters` VALUES (31, 6, '1.3_1_操作系统的运行机制', '1.3_1_操作系统的运行机制', 'http://s-bj-11294-hgu-zxxx.oss.dogecdn.com/os1.3_1_%E6%93%8D%E4%BD%9C%E7%B3%BB%E7%BB%9F%E7%9A%84%E8%BF%90%E8%A1%8C%E6%9C%BA%E5%88%B6.mp4', '3', '2024-11-04 14:56:38', '2024-11-04 14:56:38');
INSERT INTO `course_chapters` VALUES (32, 6, '1.3_2_中断和异常', '1.3_2_中断和异常', 'http://s-bj-11294-hgu-zxxx.oss.dogecdn.com/os1.3_2_%E4%B8%AD%E6%96%AD%E5%92%8C%E5%BC%82%E5%B8%B8.mp4', '4', '2024-11-04 00:00:00', '2024-11-04 14:57:34');
INSERT INTO `course_chapters` VALUES (33, 6, '1.3_3_系统调用', '1.3_3_系统调用', 'http://s-bj-11294-hgu-zxxx.oss.dogecdn.com/os1.3_3_%E7%B3%BB%E7%BB%9F%E8%B0%83%E7%94%A8.mp4', '5', '2024-11-04 14:57:51', '2024-11-04 14:57:51');
INSERT INTO `course_chapters` VALUES (34, 6, '1.4_1_操作系统体系结构（上）', '1.4_1_操作系统体系结构（上）', 'http://s-bj-11294-hgu-zxxx.oss.dogecdn.com/os1.4_1_%E6%93%8D%E4%BD%9C%E7%B3%BB%E7%BB%9F%E4%BD%93%E7%B3%BB%E7%BB%93%E6%9E%84%EF%BC%88%E4%B8%8A%EF%BC%89.mp4', '6', '2024-11-04 14:58:11', '2024-11-04 14:58:11');
INSERT INTO `course_chapters` VALUES (35, 6, '1.4_2_操作系统体系结构（下）', '1.4_2_操作系统体系结构（下）', 'http://s-bj-11294-hgu-zxxx.oss.dogecdn.com/os1.4_2_%E6%93%8D%E4%BD%9C%E7%B3%BB%E7%BB%9F%E4%BD%93%E7%B3%BB%E7%BB%93%E6%9E%84%EF%BC%88%E4%B8%8B%EF%BC%89.mp4', '7', '2024-11-04 14:58:26', '2024-11-04 14:58:26');

-- ----------------------------
-- Table structure for course_enrollments
-- ----------------------------
DROP TABLE IF EXISTS `course_enrollments`;
CREATE TABLE `course_enrollments`  (
  `enrollment_id` int NOT NULL AUTO_INCREMENT COMMENT '选课id',
  `course_id` int NULL DEFAULT NULL COMMENT '课程id',
  `user_id` int NULL DEFAULT NULL COMMENT '创建者用户id',
  `enrollment_date` timestamp NULL DEFAULT NULL ON UPDATE CURRENT_TIMESTAMP COMMENT '选课日期',
  `chapter_id` int NULL DEFAULT 1 COMMENT '章节id',
  `course_status` varchar(1) CHARACTER SET utf8mb4 COLLATE utf8mb4_0900_ai_ci NULL DEFAULT '1' COMMENT '课程状态',
  PRIMARY KEY (`enrollment_id`) USING BTREE
) ENGINE = InnoDB AUTO_INCREMENT = 17 CHARACTER SET = utf8mb4 COLLATE = utf8mb4_0900_ai_ci ROW_FORMAT = DYNAMIC;

-- ----------------------------
-- Records of course_enrollments
-- ----------------------------
INSERT INTO `course_enrollments` VALUES (1, 1, 1, '2024-11-04 15:01:53', 5, '1');
INSERT INTO `course_enrollments` VALUES (2, 2, 2, '2024-10-27 00:00:00', 2, '1');
INSERT INTO `course_enrollments` VALUES (9, 3, 1, '2024-11-04 15:02:02', 10, '1');
INSERT INTO `course_enrollments` VALUES (11, 4, 1, '2024-11-04 15:02:19', 19, '1');
INSERT INTO `course_enrollments` VALUES (12, 2, 1, '2024-11-04 20:01:23', 2, '1');
INSERT INTO `course_enrollments` VALUES (13, 1, 101, '2024-11-01 14:58:38', 1, '1');
INSERT INTO `course_enrollments` VALUES (14, 5, 1, '2024-11-04 15:02:10', 24, '1');
INSERT INTO `course_enrollments` VALUES (15, 6, 1, '2024-11-04 15:01:19', 1, '1');
INSERT INTO `course_enrollments` VALUES (16, 2, 100, '2024-11-04 17:42:50', 4, '1');

-- ----------------------------
-- Table structure for fine_course
-- ----------------------------
DROP TABLE IF EXISTS `fine_course`;
CREATE TABLE `fine_course`  (
  `Fine_id` tinyint NOT NULL AUTO_INCREMENT,
  `findCourseId` int NULL DEFAULT NULL COMMENT '精品课的课程id',
  PRIMARY KEY (`Fine_id`) USING BTREE
) ENGINE = InnoDB AUTO_INCREMENT = 7 CHARACTER SET = utf8mb4 COLLATE = utf8mb4_0900_ai_ci COMMENT = '精品课的课程id' ROW_FORMAT = DYNAMIC;

-- ----------------------------
-- Records of fine_course
-- ----------------------------
INSERT INTO `fine_course` VALUES (1, 1);
INSERT INTO `fine_course` VALUES (2, 2);
INSERT INTO `fine_course` VALUES (3, 3);
INSERT INTO `fine_course` VALUES (4, 4);
INSERT INTO `fine_course` VALUES (5, 5);
INSERT INTO `fine_course` VALUES (6, 6);

-- ----------------------------
-- Table structure for gen_table
-- ----------------------------
DROP TABLE IF EXISTS `gen_table`;
CREATE TABLE `gen_table`  (
  `table_id` bigint NOT NULL AUTO_INCREMENT COMMENT '编号',
  `table_name` varchar(200) CHARACTER SET utf8mb4 COLLATE utf8mb4_0900_ai_ci NULL DEFAULT '' COMMENT '表名称',
  `table_comment` varchar(500) CHARACTER SET utf8mb4 COLLATE utf8mb4_0900_ai_ci NULL DEFAULT '' COMMENT '表描述',
  `sub_table_name` varchar(64) CHARACTER SET utf8mb4 COLLATE utf8mb4_0900_ai_ci NULL DEFAULT NULL COMMENT '关联子表的表名',
  `sub_table_fk_name` varchar(64) CHARACTER SET utf8mb4 COLLATE utf8mb4_0900_ai_ci NULL DEFAULT NULL COMMENT '子表关联的外键名',
  `class_name` varchar(100) CHARACTER SET utf8mb4 COLLATE utf8mb4_0900_ai_ci NULL DEFAULT '' COMMENT '实体类名称',
  `tpl_category` varchar(200) CHARACTER SET utf8mb4 COLLATE utf8mb4_0900_ai_ci NULL DEFAULT 'crud' COMMENT '使用的模板（crud单表操作 tree树表操作）',
  `tpl_web_type` varchar(30) CHARACTER SET utf8mb4 COLLATE utf8mb4_0900_ai_ci NULL DEFAULT '' COMMENT '前端模板类型（element-ui模版 element-plus模版）',
  `package_name` varchar(100) CHARACTER SET utf8mb4 COLLATE utf8mb4_0900_ai_ci NULL DEFAULT NULL COMMENT '生成包路径',
  `module_name` varchar(30) CHARACTER SET utf8mb4 COLLATE utf8mb4_0900_ai_ci NULL DEFAULT NULL COMMENT '生成模块名',
  `business_name` varchar(30) CHARACTER SET utf8mb4 COLLATE utf8mb4_0900_ai_ci NULL DEFAULT NULL COMMENT '生成业务名',
  `function_name` varchar(50) CHARACTER SET utf8mb4 COLLATE utf8mb4_0900_ai_ci NULL DEFAULT NULL COMMENT '生成功能名',
  `function_author` varchar(50) CHARACTER SET utf8mb4 COLLATE utf8mb4_0900_ai_ci NULL DEFAULT NULL COMMENT '生成功能作者',
  `gen_type` char(1) CHARACTER SET utf8mb4 COLLATE utf8mb4_0900_ai_ci NULL DEFAULT '0' COMMENT '生成代码方式（0zip压缩包 1自定义路径）',
  `gen_path` varchar(200) CHARACTER SET utf8mb4 COLLATE utf8mb4_0900_ai_ci NULL DEFAULT '/' COMMENT '生成路径（不填默认项目路径）',
  `options` varchar(1000) CHARACTER SET utf8mb4 COLLATE utf8mb4_0900_ai_ci NULL DEFAULT NULL COMMENT '其它生成选项',
  `create_by` varchar(64) CHARACTER SET utf8mb4 COLLATE utf8mb4_0900_ai_ci NULL DEFAULT '' COMMENT '创建者',
  `create_time` datetime NULL DEFAULT NULL COMMENT '创建时间',
  `update_by` varchar(64) CHARACTER SET utf8mb4 COLLATE utf8mb4_0900_ai_ci NULL DEFAULT '' COMMENT '更新者',
  `update_time` datetime NULL DEFAULT NULL COMMENT '更新时间',
  `remark` varchar(500) CHARACTER SET utf8mb4 COLLATE utf8mb4_0900_ai_ci NULL DEFAULT NULL COMMENT '备注',
  PRIMARY KEY (`table_id`) USING BTREE
) ENGINE = InnoDB AUTO_INCREMENT = 7 CHARACTER SET = utf8mb4 COLLATE = utf8mb4_0900_ai_ci COMMENT = '代码生成业务表' ROW_FORMAT = DYNAMIC;

-- ----------------------------
-- Records of gen_table
-- ----------------------------
INSERT INTO `gen_table` VALUES (1, 'course', '课程', NULL, NULL, 'Course', 'crud', 'element-plus', 'site.hgu7.core.course', 'course', 'course', 'course', 'hzm', '0', '/', '{\"parentMenuId\":0}', 'admin', '2024-10-26 22:37:25', '', '2024-10-27 17:10:53', '课程');
INSERT INTO `gen_table` VALUES (2, 'course_chapters', '课程章节', NULL, NULL, 'CourseChapters', 'crud', 'element-plus', 'site.hgu7.core.course', 'course', 'chapters', 'course_chapters', 'hzm', '0', '/', '{\"parentMenuId\":0}', 'admin', '2024-10-26 22:37:25', '', '2024-10-27 17:11:17', '课程章节');
INSERT INTO `gen_table` VALUES (3, 'course_enrollments', '学生选课表', NULL, NULL, 'CourseEnrollments', 'crud', 'element-plus', 'site.hgu7.core.course', 'course', 'enrollments', 'course_enrollments', 'hzm', '0', '/', '{\"parentMenuId\":0}', 'admin', '2024-10-26 22:37:25', '', '2024-10-27 17:11:27', NULL);
INSERT INTO `gen_table` VALUES (4, 'caru_course', '首页轮播图展示的课程id', NULL, NULL, 'CaruCourse', 'crud', 'element-plus', 'site.hgu7.CaruCourse', 'CaruCourse', 'CaruCourse', '首页轮播图展示的课程', 'hzm', '0', '/', '{\"parentMenuId\":1}', 'admin', '2024-11-06 15:00:07', '', '2024-11-06 15:02:12', NULL);
INSERT INTO `gen_table` VALUES (5, 'fine_course', '精品课的课程id', NULL, NULL, 'FineCourse', 'crud', '', 'site.hgu7.system', 'system', 'course', '精品课的课程id', 'ruoyi', '0', '/', NULL, 'admin', '2024-11-06 15:00:07', '', NULL, NULL);
INSERT INTO `gen_table` VALUES (6, 'recommend_course', '首页推荐课的课程id', NULL, NULL, 'RecommendCourse', 'crud', '', 'site.hgu7.system', 'system', 'course', '首页推荐课的课程id', 'ruoyi', '0', '/', NULL, 'admin', '2024-11-06 15:00:07', '', NULL, NULL);

-- ----------------------------
-- Table structure for gen_table_column
-- ----------------------------
DROP TABLE IF EXISTS `gen_table_column`;
CREATE TABLE `gen_table_column`  (
  `column_id` bigint NOT NULL AUTO_INCREMENT COMMENT '编号',
  `table_id` bigint NULL DEFAULT NULL COMMENT '归属表编号',
  `column_name` varchar(200) CHARACTER SET utf8mb4 COLLATE utf8mb4_0900_ai_ci NULL DEFAULT NULL COMMENT '列名称',
  `column_comment` varchar(500) CHARACTER SET utf8mb4 COLLATE utf8mb4_0900_ai_ci NULL DEFAULT NULL COMMENT '列描述',
  `column_type` varchar(100) CHARACTER SET utf8mb4 COLLATE utf8mb4_0900_ai_ci NULL DEFAULT NULL COMMENT '列类型',
  `java_type` varchar(500) CHARACTER SET utf8mb4 COLLATE utf8mb4_0900_ai_ci NULL DEFAULT NULL COMMENT 'JAVA类型',
  `java_field` varchar(200) CHARACTER SET utf8mb4 COLLATE utf8mb4_0900_ai_ci NULL DEFAULT NULL COMMENT 'JAVA字段名',
  `is_pk` char(1) CHARACTER SET utf8mb4 COLLATE utf8mb4_0900_ai_ci NULL DEFAULT NULL COMMENT '是否主键（1是）',
  `is_increment` char(1) CHARACTER SET utf8mb4 COLLATE utf8mb4_0900_ai_ci NULL DEFAULT NULL COMMENT '是否自增（1是）',
  `is_required` char(1) CHARACTER SET utf8mb4 COLLATE utf8mb4_0900_ai_ci NULL DEFAULT NULL COMMENT '是否必填（1是）',
  `is_insert` char(1) CHARACTER SET utf8mb4 COLLATE utf8mb4_0900_ai_ci NULL DEFAULT NULL COMMENT '是否为插入字段（1是）',
  `is_edit` char(1) CHARACTER SET utf8mb4 COLLATE utf8mb4_0900_ai_ci NULL DEFAULT NULL COMMENT '是否编辑字段（1是）',
  `is_list` char(1) CHARACTER SET utf8mb4 COLLATE utf8mb4_0900_ai_ci NULL DEFAULT NULL COMMENT '是否列表字段（1是）',
  `is_query` char(1) CHARACTER SET utf8mb4 COLLATE utf8mb4_0900_ai_ci NULL DEFAULT NULL COMMENT '是否查询字段（1是）',
  `query_type` varchar(200) CHARACTER SET utf8mb4 COLLATE utf8mb4_0900_ai_ci NULL DEFAULT 'EQ' COMMENT '查询方式（等于、不等于、大于、小于、范围）',
  `html_type` varchar(200) CHARACTER SET utf8mb4 COLLATE utf8mb4_0900_ai_ci NULL DEFAULT NULL COMMENT '显示类型（文本框、文本域、下拉框、复选框、单选框、日期控件）',
  `dict_type` varchar(200) CHARACTER SET utf8mb4 COLLATE utf8mb4_0900_ai_ci NULL DEFAULT '' COMMENT '字典类型',
  `sort` int NULL DEFAULT NULL COMMENT '排序',
  `create_by` varchar(64) CHARACTER SET utf8mb4 COLLATE utf8mb4_0900_ai_ci NULL DEFAULT '' COMMENT '创建者',
  `create_time` datetime NULL DEFAULT NULL COMMENT '创建时间',
  `update_by` varchar(64) CHARACTER SET utf8mb4 COLLATE utf8mb4_0900_ai_ci NULL DEFAULT '' COMMENT '更新者',
  `update_time` datetime NULL DEFAULT NULL COMMENT '更新时间',
  PRIMARY KEY (`column_id`) USING BTREE
) ENGINE = InnoDB AUTO_INCREMENT = 30 CHARACTER SET = utf8mb4 COLLATE = utf8mb4_0900_ai_ci COMMENT = '代码生成业务表字段' ROW_FORMAT = DYNAMIC;

-- ----------------------------
-- Records of gen_table_column
-- ----------------------------
INSERT INTO `gen_table_column` VALUES (1, 1, 'course_id', '课程id\r\n', 'int', 'Integer', 'courseId', '1', '1', '0', '1', NULL, NULL, NULL, 'EQ', 'input', '', 1, 'admin', '2024-10-26 22:37:25', '', '2024-10-27 17:10:53');
INSERT INTO `gen_table_column` VALUES (2, 1, 'course_name', '课程名\r\n', 'varchar(255)', 'String', 'courseName', '0', '0', '0', '1', '1', '1', '1', 'LIKE', 'input', '', 2, 'admin', '2024-10-26 22:37:25', '', '2024-10-27 17:10:53');
INSERT INTO `gen_table_column` VALUES (3, 1, 'course_description', '课程简介\r\n', 'varchar(255)', 'String', 'courseDescription', '0', '0', '0', '1', '1', '1', '1', 'EQ', 'input', '', 3, 'admin', '2024-10-26 22:37:25', '', '2024-10-27 17:10:53');
INSERT INTO `gen_table_column` VALUES (4, 1, 'user_id', '创建者id\r\n', 'int', 'Long', 'userId', '0', '0', '0', '1', '1', '1', '1', 'EQ', 'input', '', 4, 'admin', '2024-10-26 22:37:25', '', '2024-10-27 17:10:53');
INSERT INTO `gen_table_column` VALUES (5, 1, 'created_at', '创建时间\r\n', 'timestamp', 'Date', 'createdAt', '0', '0', '0', '1', '1', '1', '1', 'EQ', 'datetime', '', 5, 'admin', '2024-10-26 22:37:25', '', '2024-10-27 17:10:53');
INSERT INTO `gen_table_column` VALUES (6, 1, 'updated_at', '更新时间\r\n', 'timestamp', 'Date', 'updatedAt', '0', '0', '0', '1', '1', '1', '1', 'EQ', 'datetime', '', 6, 'admin', '2024-10-26 22:37:25', '', '2024-10-27 17:10:53');
INSERT INTO `gen_table_column` VALUES (7, 1, 'teacher', '讲师', 'varchar(10)', 'String', 'teacher', '0', '0', '0', '1', '1', '1', '1', 'LIKE', 'input', '', 7, 'admin', '2024-10-26 22:37:25', '', '2024-10-27 17:10:53');
INSERT INTO `gen_table_column` VALUES (8, 1, 'course_category', '课程分类', 'varchar(1)', 'String', 'courseCategory', '0', '0', '0', '1', '1', '1', '1', 'EQ', 'radio', 'course_category', 8, 'admin', '2024-10-26 22:37:25', '', '2024-10-27 17:10:53');
INSERT INTO `gen_table_column` VALUES (9, 1, 'course_img', '课程封面', 'varchar(255)', 'String', 'courseImg', '0', '0', '0', '1', '1', '1', '0', 'EQ', 'input', '', 9, 'admin', '2024-10-26 22:37:25', '', '2024-10-27 17:10:53');
INSERT INTO `gen_table_column` VALUES (10, 2, 'chapter_id', '章节id', 'int', 'Integer', 'chapterId', '1', '1', '0', '1', NULL, NULL, NULL, 'EQ', 'input', '', 1, 'admin', '2024-10-26 22:37:25', '', '2024-10-27 17:11:17');
INSERT INTO `gen_table_column` VALUES (11, 2, 'course_id', '课程id', 'int', 'Integer', 'courseId', '0', '0', '0', '1', '1', '1', '1', 'EQ', 'input', '', 2, 'admin', '2024-10-26 22:37:25', '', '2024-10-27 17:11:17');
INSERT INTO `gen_table_column` VALUES (12, 2, 'chapter_title', '章节标题', 'varchar(255)', 'String', 'chapterTitle', '0', '0', '0', '1', '1', '1', '1', 'LIKE', 'input', '', 3, 'admin', '2024-10-26 22:37:25', '', '2024-10-27 17:11:17');
INSERT INTO `gen_table_column` VALUES (13, 2, 'chapter_description', '章节描述', 'varchar(255)', 'String', 'chapterDescription', '0', '0', '0', '1', '1', '1', '1', 'EQ', 'input', '', 4, 'admin', '2024-10-26 22:37:25', '', '2024-10-27 17:11:17');
INSERT INTO `gen_table_column` VALUES (14, 2, 'video_url', '视频链接', 'varchar(255)', 'String', 'videoUrl', '0', '0', '0', '1', '1', '1', '1', 'EQ', 'input', '', 5, 'admin', '2024-10-26 22:37:25', '', '2024-10-27 17:11:17');
INSERT INTO `gen_table_column` VALUES (15, 2, 'position', '章节顺序', 'varchar(255)', 'String', 'position', '0', '0', '0', '1', '1', '1', '1', 'EQ', 'input', '', 6, 'admin', '2024-10-26 22:37:25', '', '2024-10-27 17:11:17');
INSERT INTO `gen_table_column` VALUES (16, 2, 'created_at', '创建时间', 'timestamp', 'Date', 'createdAt', '0', '0', '0', '1', '1', '1', '1', 'EQ', 'datetime', '', 7, 'admin', '2024-10-26 22:37:25', '', '2024-10-27 17:11:17');
INSERT INTO `gen_table_column` VALUES (17, 2, 'updated_at', '更新时间', 'timestamp', 'Date', 'updatedAt', '0', '0', '0', '1', '1', '1', '1', 'EQ', 'datetime', '', 8, 'admin', '2024-10-26 22:37:25', '', '2024-10-27 17:11:17');
INSERT INTO `gen_table_column` VALUES (18, 3, 'enrollment_id', '选课id', 'int', 'Integer', 'enrollmentId', '1', '1', '0', '1', NULL, NULL, NULL, 'EQ', 'input', '', 1, 'admin', '2024-10-26 22:37:25', '', '2024-10-27 17:11:27');
INSERT INTO `gen_table_column` VALUES (19, 3, 'course_id', '课程id', 'int', 'Integer', 'courseId', '0', '0', '0', '1', '1', '1', '1', 'EQ', 'input', '', 2, 'admin', '2024-10-26 22:37:25', '', '2024-10-27 17:11:27');
INSERT INTO `gen_table_column` VALUES (20, 3, 'user_id', '创建者用户id', 'int', 'Long', 'userId', '0', '0', '0', '1', '1', '1', '1', 'EQ', 'input', '', 3, 'admin', '2024-10-26 22:37:25', '', '2024-10-27 17:11:27');
INSERT INTO `gen_table_column` VALUES (21, 3, 'enrollment_date', '选课日期', 'timestamp', 'Date', 'enrollmentDate', '0', '0', '0', '1', '1', '1', '1', 'EQ', 'datetime', '', 4, 'admin', '2024-10-26 22:37:25', '', '2024-10-27 17:11:27');
INSERT INTO `gen_table_column` VALUES (22, 3, 'chapter_id', '章节id', 'int', 'Integer', 'chapterId', '0', '0', '0', '1', '1', '1', '1', 'EQ', 'input', '', 5, 'admin', '2024-10-26 22:37:25', '', '2024-10-27 17:11:27');
INSERT INTO `gen_table_column` VALUES (23, 3, 'course_status', '课程状态', 'varchar(1)', 'String', 'courseStatus', '0', '0', '0', '1', '1', '1', '1', 'EQ', 'radio', 'course_status', 6, 'admin', '2024-10-26 22:37:25', '', '2024-10-27 17:11:27');
INSERT INTO `gen_table_column` VALUES (24, 4, 'caru_id', NULL, 'int', 'Long', 'caruId', '1', '1', '0', '1', NULL, NULL, NULL, 'EQ', 'input', '', 1, 'admin', '2024-11-06 15:00:07', '', '2024-11-06 15:02:12');
INSERT INTO `gen_table_column` VALUES (25, 4, 'CaruCourseId', '轮播图课程id', 'int', 'Long', 'CaruCourseId', '0', '0', '0', '1', '1', '1', '1', 'EQ', 'input', '', 2, 'admin', '2024-11-06 15:00:07', '', '2024-11-06 15:02:12');
INSERT INTO `gen_table_column` VALUES (26, 5, 'Fine_id', NULL, 'tinyint', 'Long', 'fineId', '1', '1', '0', '1', NULL, NULL, NULL, 'EQ', 'input', '', 1, 'admin', '2024-11-06 15:00:07', '', NULL);
INSERT INTO `gen_table_column` VALUES (27, 5, 'findCourseId', '精品课的课程id', 'int', 'Long', 'findCourseId', '0', '0', '0', '1', '1', '1', '1', 'EQ', 'input', '', 2, 'admin', '2024-11-06 15:00:07', '', NULL);
INSERT INTO `gen_table_column` VALUES (28, 6, 'recommend_id', NULL, 'tinyint', 'Long', 'recommendId', '1', '1', '0', '1', NULL, NULL, NULL, 'EQ', 'input', '', 1, 'admin', '2024-11-06 15:00:07', '', NULL);
INSERT INTO `gen_table_column` VALUES (29, 6, 'recommendCourseId', '推荐课的课程id', 'int', 'Long', 'recommendCourseId', '0', '0', '0', '1', '1', '1', '1', 'EQ', 'input', '', 2, 'admin', '2024-11-06 15:00:07', '', NULL);

-- ----------------------------
-- Table structure for qrtz_blob_triggers
-- ----------------------------
DROP TABLE IF EXISTS `qrtz_blob_triggers`;
CREATE TABLE `qrtz_blob_triggers`  (
  `sched_name` varchar(120) CHARACTER SET utf8mb4 COLLATE utf8mb4_0900_ai_ci NOT NULL COMMENT '调度名称',
  `trigger_name` varchar(200) CHARACTER SET utf8mb4 COLLATE utf8mb4_0900_ai_ci NOT NULL COMMENT 'qrtz_triggers表trigger_name的外键',
  `trigger_group` varchar(200) CHARACTER SET utf8mb4 COLLATE utf8mb4_0900_ai_ci NOT NULL COMMENT 'qrtz_triggers表trigger_group的外键',
  `blob_data` blob NULL COMMENT '存放持久化Trigger对象',
  PRIMARY KEY (`sched_name`, `trigger_name`, `trigger_group`) USING BTREE,
  CONSTRAINT `qrtz_blob_triggers_ibfk_1` FOREIGN KEY (`sched_name`, `trigger_name`, `trigger_group`) REFERENCES `qrtz_triggers` (`sched_name`, `trigger_name`, `trigger_group`) ON DELETE RESTRICT ON UPDATE RESTRICT
) ENGINE = InnoDB CHARACTER SET = utf8mb4 COLLATE = utf8mb4_0900_ai_ci COMMENT = 'Blob类型的触发器表' ROW_FORMAT = DYNAMIC;

-- ----------------------------
-- Records of qrtz_blob_triggers
-- ----------------------------

-- ----------------------------
-- Table structure for qrtz_calendars
-- ----------------------------
DROP TABLE IF EXISTS `qrtz_calendars`;
CREATE TABLE `qrtz_calendars`  (
  `sched_name` varchar(120) CHARACTER SET utf8mb4 COLLATE utf8mb4_0900_ai_ci NOT NULL COMMENT '调度名称',
  `calendar_name` varchar(200) CHARACTER SET utf8mb4 COLLATE utf8mb4_0900_ai_ci NOT NULL COMMENT '日历名称',
  `calendar` blob NOT NULL COMMENT '存放持久化calendar对象',
  PRIMARY KEY (`sched_name`, `calendar_name`) USING BTREE
) ENGINE = InnoDB CHARACTER SET = utf8mb4 COLLATE = utf8mb4_0900_ai_ci COMMENT = '日历信息表' ROW_FORMAT = DYNAMIC;

-- ----------------------------
-- Records of qrtz_calendars
-- ----------------------------

-- ----------------------------
-- Table structure for qrtz_cron_triggers
-- ----------------------------
DROP TABLE IF EXISTS `qrtz_cron_triggers`;
CREATE TABLE `qrtz_cron_triggers`  (
  `sched_name` varchar(120) CHARACTER SET utf8mb4 COLLATE utf8mb4_0900_ai_ci NOT NULL COMMENT '调度名称',
  `trigger_name` varchar(200) CHARACTER SET utf8mb4 COLLATE utf8mb4_0900_ai_ci NOT NULL COMMENT 'qrtz_triggers表trigger_name的外键',
  `trigger_group` varchar(200) CHARACTER SET utf8mb4 COLLATE utf8mb4_0900_ai_ci NOT NULL COMMENT 'qrtz_triggers表trigger_group的外键',
  `cron_expression` varchar(200) CHARACTER SET utf8mb4 COLLATE utf8mb4_0900_ai_ci NOT NULL COMMENT 'cron表达式',
  `time_zone_id` varchar(80) CHARACTER SET utf8mb4 COLLATE utf8mb4_0900_ai_ci NULL DEFAULT NULL COMMENT '时区',
  PRIMARY KEY (`sched_name`, `trigger_name`, `trigger_group`) USING BTREE,
  CONSTRAINT `qrtz_cron_triggers_ibfk_1` FOREIGN KEY (`sched_name`, `trigger_name`, `trigger_group`) REFERENCES `qrtz_triggers` (`sched_name`, `trigger_name`, `trigger_group`) ON DELETE RESTRICT ON UPDATE RESTRICT
) ENGINE = InnoDB CHARACTER SET = utf8mb4 COLLATE = utf8mb4_0900_ai_ci COMMENT = 'Cron类型的触发器表' ROW_FORMAT = DYNAMIC;

-- ----------------------------
-- Records of qrtz_cron_triggers
-- ----------------------------

-- ----------------------------
-- Table structure for qrtz_fired_triggers
-- ----------------------------
DROP TABLE IF EXISTS `qrtz_fired_triggers`;
CREATE TABLE `qrtz_fired_triggers`  (
  `sched_name` varchar(120) CHARACTER SET utf8mb4 COLLATE utf8mb4_0900_ai_ci NOT NULL COMMENT '调度名称',
  `entry_id` varchar(95) CHARACTER SET utf8mb4 COLLATE utf8mb4_0900_ai_ci NOT NULL COMMENT '调度器实例id',
  `trigger_name` varchar(200) CHARACTER SET utf8mb4 COLLATE utf8mb4_0900_ai_ci NOT NULL COMMENT 'qrtz_triggers表trigger_name的外键',
  `trigger_group` varchar(200) CHARACTER SET utf8mb4 COLLATE utf8mb4_0900_ai_ci NOT NULL COMMENT 'qrtz_triggers表trigger_group的外键',
  `instance_name` varchar(200) CHARACTER SET utf8mb4 COLLATE utf8mb4_0900_ai_ci NOT NULL COMMENT '调度器实例名',
  `fired_time` bigint NOT NULL COMMENT '触发的时间',
  `sched_time` bigint NOT NULL COMMENT '定时器制定的时间',
  `priority` int NOT NULL COMMENT '优先级',
  `state` varchar(16) CHARACTER SET utf8mb4 COLLATE utf8mb4_0900_ai_ci NOT NULL COMMENT '状态',
  `job_name` varchar(200) CHARACTER SET utf8mb4 COLLATE utf8mb4_0900_ai_ci NULL DEFAULT NULL COMMENT '任务名称',
  `job_group` varchar(200) CHARACTER SET utf8mb4 COLLATE utf8mb4_0900_ai_ci NULL DEFAULT NULL COMMENT '任务组名',
  `is_nonconcurrent` varchar(1) CHARACTER SET utf8mb4 COLLATE utf8mb4_0900_ai_ci NULL DEFAULT NULL COMMENT '是否并发',
  `requests_recovery` varchar(1) CHARACTER SET utf8mb4 COLLATE utf8mb4_0900_ai_ci NULL DEFAULT NULL COMMENT '是否接受恢复执行',
  PRIMARY KEY (`sched_name`, `entry_id`) USING BTREE
) ENGINE = InnoDB CHARACTER SET = utf8mb4 COLLATE = utf8mb4_0900_ai_ci COMMENT = '已触发的触发器表' ROW_FORMAT = DYNAMIC;

-- ----------------------------
-- Records of qrtz_fired_triggers
-- ----------------------------

-- ----------------------------
-- Table structure for qrtz_job_details
-- ----------------------------
DROP TABLE IF EXISTS `qrtz_job_details`;
CREATE TABLE `qrtz_job_details`  (
  `sched_name` varchar(120) CHARACTER SET utf8mb4 COLLATE utf8mb4_0900_ai_ci NOT NULL COMMENT '调度名称',
  `job_name` varchar(200) CHARACTER SET utf8mb4 COLLATE utf8mb4_0900_ai_ci NOT NULL COMMENT '任务名称',
  `job_group` varchar(200) CHARACTER SET utf8mb4 COLLATE utf8mb4_0900_ai_ci NOT NULL COMMENT '任务组名',
  `description` varchar(250) CHARACTER SET utf8mb4 COLLATE utf8mb4_0900_ai_ci NULL DEFAULT NULL COMMENT '相关介绍',
  `job_class_name` varchar(250) CHARACTER SET utf8mb4 COLLATE utf8mb4_0900_ai_ci NOT NULL COMMENT '执行任务类名称',
  `is_durable` varchar(1) CHARACTER SET utf8mb4 COLLATE utf8mb4_0900_ai_ci NOT NULL COMMENT '是否持久化',
  `is_nonconcurrent` varchar(1) CHARACTER SET utf8mb4 COLLATE utf8mb4_0900_ai_ci NOT NULL COMMENT '是否并发',
  `is_update_data` varchar(1) CHARACTER SET utf8mb4 COLLATE utf8mb4_0900_ai_ci NOT NULL COMMENT '是否更新数据',
  `requests_recovery` varchar(1) CHARACTER SET utf8mb4 COLLATE utf8mb4_0900_ai_ci NOT NULL COMMENT '是否接受恢复执行',
  `job_data` blob NULL COMMENT '存放持久化job对象',
  PRIMARY KEY (`sched_name`, `job_name`, `job_group`) USING BTREE
) ENGINE = InnoDB CHARACTER SET = utf8mb4 COLLATE = utf8mb4_0900_ai_ci COMMENT = '任务详细信息表' ROW_FORMAT = DYNAMIC;

-- ----------------------------
-- Records of qrtz_job_details
-- ----------------------------

-- ----------------------------
-- Table structure for qrtz_locks
-- ----------------------------
DROP TABLE IF EXISTS `qrtz_locks`;
CREATE TABLE `qrtz_locks`  (
  `sched_name` varchar(120) CHARACTER SET utf8mb4 COLLATE utf8mb4_0900_ai_ci NOT NULL COMMENT '调度名称',
  `lock_name` varchar(40) CHARACTER SET utf8mb4 COLLATE utf8mb4_0900_ai_ci NOT NULL COMMENT '悲观锁名称',
  PRIMARY KEY (`sched_name`, `lock_name`) USING BTREE
) ENGINE = InnoDB CHARACTER SET = utf8mb4 COLLATE = utf8mb4_0900_ai_ci COMMENT = '存储的悲观锁信息表' ROW_FORMAT = DYNAMIC;

-- ----------------------------
-- Records of qrtz_locks
-- ----------------------------

-- ----------------------------
-- Table structure for qrtz_paused_trigger_grps
-- ----------------------------
DROP TABLE IF EXISTS `qrtz_paused_trigger_grps`;
CREATE TABLE `qrtz_paused_trigger_grps`  (
  `sched_name` varchar(120) CHARACTER SET utf8mb4 COLLATE utf8mb4_0900_ai_ci NOT NULL COMMENT '调度名称',
  `trigger_group` varchar(200) CHARACTER SET utf8mb4 COLLATE utf8mb4_0900_ai_ci NOT NULL COMMENT 'qrtz_triggers表trigger_group的外键',
  PRIMARY KEY (`sched_name`, `trigger_group`) USING BTREE
) ENGINE = InnoDB CHARACTER SET = utf8mb4 COLLATE = utf8mb4_0900_ai_ci COMMENT = '暂停的触发器表' ROW_FORMAT = DYNAMIC;

-- ----------------------------
-- Records of qrtz_paused_trigger_grps
-- ----------------------------

-- ----------------------------
-- Table structure for qrtz_scheduler_state
-- ----------------------------
DROP TABLE IF EXISTS `qrtz_scheduler_state`;
CREATE TABLE `qrtz_scheduler_state`  (
  `sched_name` varchar(120) CHARACTER SET utf8mb4 COLLATE utf8mb4_0900_ai_ci NOT NULL COMMENT '调度名称',
  `instance_name` varchar(200) CHARACTER SET utf8mb4 COLLATE utf8mb4_0900_ai_ci NOT NULL COMMENT '实例名称',
  `last_checkin_time` bigint NOT NULL COMMENT '上次检查时间',
  `checkin_interval` bigint NOT NULL COMMENT '检查间隔时间',
  PRIMARY KEY (`sched_name`, `instance_name`) USING BTREE
) ENGINE = InnoDB CHARACTER SET = utf8mb4 COLLATE = utf8mb4_0900_ai_ci COMMENT = '调度器状态表' ROW_FORMAT = DYNAMIC;

-- ----------------------------
-- Records of qrtz_scheduler_state
-- ----------------------------

-- ----------------------------
-- Table structure for qrtz_simple_triggers
-- ----------------------------
DROP TABLE IF EXISTS `qrtz_simple_triggers`;
CREATE TABLE `qrtz_simple_triggers`  (
  `sched_name` varchar(120) CHARACTER SET utf8mb4 COLLATE utf8mb4_0900_ai_ci NOT NULL COMMENT '调度名称',
  `trigger_name` varchar(200) CHARACTER SET utf8mb4 COLLATE utf8mb4_0900_ai_ci NOT NULL COMMENT 'qrtz_triggers表trigger_name的外键',
  `trigger_group` varchar(200) CHARACTER SET utf8mb4 COLLATE utf8mb4_0900_ai_ci NOT NULL COMMENT 'qrtz_triggers表trigger_group的外键',
  `repeat_count` bigint NOT NULL COMMENT '重复的次数统计',
  `repeat_interval` bigint NOT NULL COMMENT '重复的间隔时间',
  `times_triggered` bigint NOT NULL COMMENT '已经触发的次数',
  PRIMARY KEY (`sched_name`, `trigger_name`, `trigger_group`) USING BTREE,
  CONSTRAINT `qrtz_simple_triggers_ibfk_1` FOREIGN KEY (`sched_name`, `trigger_name`, `trigger_group`) REFERENCES `qrtz_triggers` (`sched_name`, `trigger_name`, `trigger_group`) ON DELETE RESTRICT ON UPDATE RESTRICT
) ENGINE = InnoDB CHARACTER SET = utf8mb4 COLLATE = utf8mb4_0900_ai_ci COMMENT = '简单触发器的信息表' ROW_FORMAT = DYNAMIC;

-- ----------------------------
-- Records of qrtz_simple_triggers
-- ----------------------------

-- ----------------------------
-- Table structure for qrtz_simprop_triggers
-- ----------------------------
DROP TABLE IF EXISTS `qrtz_simprop_triggers`;
CREATE TABLE `qrtz_simprop_triggers`  (
  `sched_name` varchar(120) CHARACTER SET utf8mb4 COLLATE utf8mb4_0900_ai_ci NOT NULL COMMENT '调度名称',
  `trigger_name` varchar(200) CHARACTER SET utf8mb4 COLLATE utf8mb4_0900_ai_ci NOT NULL COMMENT 'qrtz_triggers表trigger_name的外键',
  `trigger_group` varchar(200) CHARACTER SET utf8mb4 COLLATE utf8mb4_0900_ai_ci NOT NULL COMMENT 'qrtz_triggers表trigger_group的外键',
  `str_prop_1` varchar(512) CHARACTER SET utf8mb4 COLLATE utf8mb4_0900_ai_ci NULL DEFAULT NULL COMMENT 'String类型的trigger的第一个参数',
  `str_prop_2` varchar(512) CHARACTER SET utf8mb4 COLLATE utf8mb4_0900_ai_ci NULL DEFAULT NULL COMMENT 'String类型的trigger的第二个参数',
  `str_prop_3` varchar(512) CHARACTER SET utf8mb4 COLLATE utf8mb4_0900_ai_ci NULL DEFAULT NULL COMMENT 'String类型的trigger的第三个参数',
  `int_prop_1` int NULL DEFAULT NULL COMMENT 'int类型的trigger的第一个参数',
  `int_prop_2` int NULL DEFAULT NULL COMMENT 'int类型的trigger的第二个参数',
  `long_prop_1` bigint NULL DEFAULT NULL COMMENT 'long类型的trigger的第一个参数',
  `long_prop_2` bigint NULL DEFAULT NULL COMMENT 'long类型的trigger的第二个参数',
  `dec_prop_1` decimal(13, 4) NULL DEFAULT NULL COMMENT 'decimal类型的trigger的第一个参数',
  `dec_prop_2` decimal(13, 4) NULL DEFAULT NULL COMMENT 'decimal类型的trigger的第二个参数',
  `bool_prop_1` varchar(1) CHARACTER SET utf8mb4 COLLATE utf8mb4_0900_ai_ci NULL DEFAULT NULL COMMENT 'Boolean类型的trigger的第一个参数',
  `bool_prop_2` varchar(1) CHARACTER SET utf8mb4 COLLATE utf8mb4_0900_ai_ci NULL DEFAULT NULL COMMENT 'Boolean类型的trigger的第二个参数',
  PRIMARY KEY (`sched_name`, `trigger_name`, `trigger_group`) USING BTREE,
  CONSTRAINT `qrtz_simprop_triggers_ibfk_1` FOREIGN KEY (`sched_name`, `trigger_name`, `trigger_group`) REFERENCES `qrtz_triggers` (`sched_name`, `trigger_name`, `trigger_group`) ON DELETE RESTRICT ON UPDATE RESTRICT
) ENGINE = InnoDB CHARACTER SET = utf8mb4 COLLATE = utf8mb4_0900_ai_ci COMMENT = '同步机制的行锁表' ROW_FORMAT = DYNAMIC;

-- ----------------------------
-- Records of qrtz_simprop_triggers
-- ----------------------------

-- ----------------------------
-- Table structure for qrtz_triggers
-- ----------------------------
DROP TABLE IF EXISTS `qrtz_triggers`;
CREATE TABLE `qrtz_triggers`  (
  `sched_name` varchar(120) CHARACTER SET utf8mb4 COLLATE utf8mb4_0900_ai_ci NOT NULL COMMENT '调度名称',
  `trigger_name` varchar(200) CHARACTER SET utf8mb4 COLLATE utf8mb4_0900_ai_ci NOT NULL COMMENT '触发器的名字',
  `trigger_group` varchar(200) CHARACTER SET utf8mb4 COLLATE utf8mb4_0900_ai_ci NOT NULL COMMENT '触发器所属组的名字',
  `job_name` varchar(200) CHARACTER SET utf8mb4 COLLATE utf8mb4_0900_ai_ci NOT NULL COMMENT 'qrtz_job_details表job_name的外键',
  `job_group` varchar(200) CHARACTER SET utf8mb4 COLLATE utf8mb4_0900_ai_ci NOT NULL COMMENT 'qrtz_job_details表job_group的外键',
  `description` varchar(250) CHARACTER SET utf8mb4 COLLATE utf8mb4_0900_ai_ci NULL DEFAULT NULL COMMENT '相关介绍',
  `next_fire_time` bigint NULL DEFAULT NULL COMMENT '上一次触发时间（毫秒）',
  `prev_fire_time` bigint NULL DEFAULT NULL COMMENT '下一次触发时间（默认为-1表示不触发）',
  `priority` int NULL DEFAULT NULL COMMENT '优先级',
  `trigger_state` varchar(16) CHARACTER SET utf8mb4 COLLATE utf8mb4_0900_ai_ci NOT NULL COMMENT '触发器状态',
  `trigger_type` varchar(8) CHARACTER SET utf8mb4 COLLATE utf8mb4_0900_ai_ci NOT NULL COMMENT '触发器的类型',
  `start_time` bigint NOT NULL COMMENT '开始时间',
  `end_time` bigint NULL DEFAULT NULL COMMENT '结束时间',
  `calendar_name` varchar(200) CHARACTER SET utf8mb4 COLLATE utf8mb4_0900_ai_ci NULL DEFAULT NULL COMMENT '日程表名称',
  `misfire_instr` smallint NULL DEFAULT NULL COMMENT '补偿执行的策略',
  `job_data` blob NULL COMMENT '存放持久化job对象',
  PRIMARY KEY (`sched_name`, `trigger_name`, `trigger_group`) USING BTREE,
  INDEX `sched_name`(`sched_name` ASC, `job_name` ASC, `job_group` ASC) USING BTREE,
  CONSTRAINT `qrtz_triggers_ibfk_1` FOREIGN KEY (`sched_name`, `job_name`, `job_group`) REFERENCES `qrtz_job_details` (`sched_name`, `job_name`, `job_group`) ON DELETE RESTRICT ON UPDATE RESTRICT
) ENGINE = InnoDB CHARACTER SET = utf8mb4 COLLATE = utf8mb4_0900_ai_ci COMMENT = '触发器详细信息表' ROW_FORMAT = DYNAMIC;

-- ----------------------------
-- Records of qrtz_triggers
-- ----------------------------

-- ----------------------------
-- Table structure for recommend_course
-- ----------------------------
DROP TABLE IF EXISTS `recommend_course`;
CREATE TABLE `recommend_course`  (
  `recommend_id` tinyint NOT NULL AUTO_INCREMENT,
  `recommendCourseId` int NULL DEFAULT NULL COMMENT '推荐课的课程id',
  PRIMARY KEY (`recommend_id`) USING BTREE
) ENGINE = InnoDB AUTO_INCREMENT = 7 CHARACTER SET = utf8mb4 COLLATE = utf8mb4_0900_ai_ci COMMENT = '首页推荐课的课程id' ROW_FORMAT = DYNAMIC;

-- ----------------------------
-- Records of recommend_course
-- ----------------------------
INSERT INTO `recommend_course` VALUES (1, 1);
INSERT INTO `recommend_course` VALUES (2, 2);
INSERT INTO `recommend_course` VALUES (3, 3);
INSERT INTO `recommend_course` VALUES (4, 4);
INSERT INTO `recommend_course` VALUES (5, 5);
INSERT INTO `recommend_course` VALUES (6, 6);

-- ----------------------------
-- Table structure for sys_config
-- ----------------------------
DROP TABLE IF EXISTS `sys_config`;
CREATE TABLE `sys_config`  (
  `config_id` int NOT NULL AUTO_INCREMENT COMMENT '参数主键',
  `config_name` varchar(100) CHARACTER SET utf8mb4 COLLATE utf8mb4_0900_ai_ci NULL DEFAULT '' COMMENT '参数名称',
  `config_key` varchar(100) CHARACTER SET utf8mb4 COLLATE utf8mb4_0900_ai_ci NULL DEFAULT '' COMMENT '参数键名',
  `config_value` varchar(500) CHARACTER SET utf8mb4 COLLATE utf8mb4_0900_ai_ci NULL DEFAULT '' COMMENT '参数键值',
  `config_type` char(1) CHARACTER SET utf8mb4 COLLATE utf8mb4_0900_ai_ci NULL DEFAULT 'N' COMMENT '系统内置（Y是 N否）',
  `create_by` varchar(64) CHARACTER SET utf8mb4 COLLATE utf8mb4_0900_ai_ci NULL DEFAULT '' COMMENT '创建者',
  `create_time` datetime NULL DEFAULT NULL COMMENT '创建时间',
  `update_by` varchar(64) CHARACTER SET utf8mb4 COLLATE utf8mb4_0900_ai_ci NULL DEFAULT '' COMMENT '更新者',
  `update_time` datetime NULL DEFAULT NULL COMMENT '更新时间',
  `remark` varchar(500) CHARACTER SET utf8mb4 COLLATE utf8mb4_0900_ai_ci NULL DEFAULT NULL COMMENT '备注',
  PRIMARY KEY (`config_id`) USING BTREE
) ENGINE = InnoDB AUTO_INCREMENT = 100 CHARACTER SET = utf8mb4 COLLATE = utf8mb4_0900_ai_ci COMMENT = '参数配置表' ROW_FORMAT = DYNAMIC;

-- ----------------------------
-- Records of sys_config
-- ----------------------------
INSERT INTO `sys_config` VALUES (1, '主框架页-默认皮肤样式名称', 'sys.index.skinName', 'skin-blue', 'Y', 'admin', '2024-10-22 15:18:06', '', NULL, '蓝色 skin-blue、绿色 skin-green、紫色 skin-purple、红色 skin-red、黄色 skin-yellow');
INSERT INTO `sys_config` VALUES (2, '用户管理-账号初始密码', 'sys.user.initPassword', '123456', 'Y', 'admin', '2024-10-22 15:18:06', '', NULL, '初始化密码 123456');
INSERT INTO `sys_config` VALUES (3, '主框架页-侧边栏主题', 'sys.index.sideTheme', 'theme-dark', 'Y', 'admin', '2024-10-22 15:18:06', '', NULL, '深色主题theme-dark，浅色主题theme-light');
INSERT INTO `sys_config` VALUES (4, '账号自助-验证码开关', 'sys.account.captchaEnabled', 'true', 'Y', 'admin', '2024-10-22 15:18:06', '', NULL, '是否开启验证码功能（true开启，false关闭）');
INSERT INTO `sys_config` VALUES (5, '账号自助-是否开启用户注册功能', 'sys.account.registerUser', 'true', 'Y', 'admin', '2024-10-22 15:18:06', 'admin', '2024-10-26 22:48:36', '是否开启注册用户功能（true开启，false关闭）');
INSERT INTO `sys_config` VALUES (6, '用户登录-黑名单列表', 'sys.login.blackIPList', '', 'Y', 'admin', '2024-10-22 15:18:06', '', NULL, '设置登录IP黑名单限制，多个匹配项以;分隔，支持匹配（*通配、网段）');

-- ----------------------------
-- Table structure for sys_dept
-- ----------------------------
DROP TABLE IF EXISTS `sys_dept`;
CREATE TABLE `sys_dept`  (
  `dept_id` bigint NOT NULL AUTO_INCREMENT COMMENT '部门id',
  `parent_id` bigint NULL DEFAULT 0 COMMENT '父部门id',
  `ancestors` varchar(50) CHARACTER SET utf8mb4 COLLATE utf8mb4_0900_ai_ci NULL DEFAULT '' COMMENT '祖级列表',
  `dept_name` varchar(30) CHARACTER SET utf8mb4 COLLATE utf8mb4_0900_ai_ci NULL DEFAULT '' COMMENT '部门名称',
  `order_num` int NULL DEFAULT 0 COMMENT '显示顺序',
  `leader` varchar(20) CHARACTER SET utf8mb4 COLLATE utf8mb4_0900_ai_ci NULL DEFAULT NULL COMMENT '负责人',
  `phone` varchar(11) CHARACTER SET utf8mb4 COLLATE utf8mb4_0900_ai_ci NULL DEFAULT NULL COMMENT '联系电话',
  `email` varchar(50) CHARACTER SET utf8mb4 COLLATE utf8mb4_0900_ai_ci NULL DEFAULT NULL COMMENT '邮箱',
  `status` char(1) CHARACTER SET utf8mb4 COLLATE utf8mb4_0900_ai_ci NULL DEFAULT '0' COMMENT '部门状态（0正常 1停用）',
  `del_flag` char(1) CHARACTER SET utf8mb4 COLLATE utf8mb4_0900_ai_ci NULL DEFAULT '0' COMMENT '删除标志（0代表存在 2代表删除）',
  `create_by` varchar(64) CHARACTER SET utf8mb4 COLLATE utf8mb4_0900_ai_ci NULL DEFAULT '' COMMENT '创建者',
  `create_time` datetime NULL DEFAULT NULL COMMENT '创建时间',
  `update_by` varchar(64) CHARACTER SET utf8mb4 COLLATE utf8mb4_0900_ai_ci NULL DEFAULT '' COMMENT '更新者',
  `update_time` datetime NULL DEFAULT NULL COMMENT '更新时间',
  PRIMARY KEY (`dept_id`) USING BTREE
) ENGINE = InnoDB AUTO_INCREMENT = 200 CHARACTER SET = utf8mb4 COLLATE = utf8mb4_0900_ai_ci COMMENT = '部门表' ROW_FORMAT = DYNAMIC;

-- ----------------------------
-- Records of sys_dept
-- ----------------------------
INSERT INTO `sys_dept` VALUES (100, 0, '0', '若依科技', 0, '若依', '15888888888', 'ry@qq.com', '0', '0', 'admin', '2024-10-22 15:18:06', '', NULL);
INSERT INTO `sys_dept` VALUES (101, 100, '0,100', '深圳总公司', 1, '若依', '15888888888', 'ry@qq.com', '0', '0', 'admin', '2024-10-22 15:18:06', '', NULL);
INSERT INTO `sys_dept` VALUES (102, 100, '0,100', '长沙分公司', 2, '若依', '15888888888', 'ry@qq.com', '0', '0', 'admin', '2024-10-22 15:18:06', '', NULL);
INSERT INTO `sys_dept` VALUES (103, 101, '0,100,101', '研发部门', 1, '若依', '15888888888', 'ry@qq.com', '0', '0', 'admin', '2024-10-22 15:18:06', '', NULL);
INSERT INTO `sys_dept` VALUES (104, 101, '0,100,101', '市场部门', 2, '若依', '15888888888', 'ry@qq.com', '0', '0', 'admin', '2024-10-22 15:18:06', '', NULL);
INSERT INTO `sys_dept` VALUES (105, 101, '0,100,101', '测试部门', 3, '若依', '15888888888', 'ry@qq.com', '0', '0', 'admin', '2024-10-22 15:18:06', '', NULL);
INSERT INTO `sys_dept` VALUES (106, 101, '0,100,101', '财务部门', 4, '若依', '15888888888', 'ry@qq.com', '0', '0', 'admin', '2024-10-22 15:18:06', '', NULL);
INSERT INTO `sys_dept` VALUES (107, 101, '0,100,101', '运维部门', 5, '若依', '15888888888', 'ry@qq.com', '0', '0', 'admin', '2024-10-22 15:18:06', '', NULL);
INSERT INTO `sys_dept` VALUES (108, 102, '0,100,102', '市场部门', 1, '若依', '15888888888', 'ry@qq.com', '0', '0', 'admin', '2024-10-22 15:18:06', '', NULL);
INSERT INTO `sys_dept` VALUES (109, 102, '0,100,102', '财务部门', 2, '若依', '15888888888', 'ry@qq.com', '0', '0', 'admin', '2024-10-22 15:18:06', '', NULL);

-- ----------------------------
-- Table structure for sys_dict_data
-- ----------------------------
DROP TABLE IF EXISTS `sys_dict_data`;
CREATE TABLE `sys_dict_data`  (
  `dict_code` bigint NOT NULL AUTO_INCREMENT COMMENT '字典编码',
  `dict_sort` int NULL DEFAULT 0 COMMENT '字典排序',
  `dict_label` varchar(100) CHARACTER SET utf8mb4 COLLATE utf8mb4_0900_ai_ci NULL DEFAULT '' COMMENT '字典标签',
  `dict_value` varchar(100) CHARACTER SET utf8mb4 COLLATE utf8mb4_0900_ai_ci NULL DEFAULT '' COMMENT '字典键值',
  `dict_type` varchar(100) CHARACTER SET utf8mb4 COLLATE utf8mb4_0900_ai_ci NULL DEFAULT '' COMMENT '字典类型',
  `css_class` varchar(100) CHARACTER SET utf8mb4 COLLATE utf8mb4_0900_ai_ci NULL DEFAULT NULL COMMENT '样式属性（其他样式扩展）',
  `list_class` varchar(100) CHARACTER SET utf8mb4 COLLATE utf8mb4_0900_ai_ci NULL DEFAULT NULL COMMENT '表格回显样式',
  `is_default` char(1) CHARACTER SET utf8mb4 COLLATE utf8mb4_0900_ai_ci NULL DEFAULT 'N' COMMENT '是否默认（Y是 N否）',
  `status` char(1) CHARACTER SET utf8mb4 COLLATE utf8mb4_0900_ai_ci NULL DEFAULT '0' COMMENT '状态（0正常 1停用）',
  `create_by` varchar(64) CHARACTER SET utf8mb4 COLLATE utf8mb4_0900_ai_ci NULL DEFAULT '' COMMENT '创建者',
  `create_time` datetime NULL DEFAULT NULL COMMENT '创建时间',
  `update_by` varchar(64) CHARACTER SET utf8mb4 COLLATE utf8mb4_0900_ai_ci NULL DEFAULT '' COMMENT '更新者',
  `update_time` datetime NULL DEFAULT NULL COMMENT '更新时间',
  `remark` varchar(500) CHARACTER SET utf8mb4 COLLATE utf8mb4_0900_ai_ci NULL DEFAULT NULL COMMENT '备注',
  PRIMARY KEY (`dict_code`) USING BTREE
) ENGINE = InnoDB AUTO_INCREMENT = 114 CHARACTER SET = utf8mb4 COLLATE = utf8mb4_0900_ai_ci COMMENT = '字典数据表' ROW_FORMAT = DYNAMIC;

-- ----------------------------
-- Records of sys_dict_data
-- ----------------------------
INSERT INTO `sys_dict_data` VALUES (1, 1, '男', '0', 'sys_user_sex', '', '', 'Y', '0', 'admin', '2024-10-22 15:18:06', '', NULL, '性别男');
INSERT INTO `sys_dict_data` VALUES (2, 2, '女', '1', 'sys_user_sex', '', '', 'N', '0', 'admin', '2024-10-22 15:18:06', '', NULL, '性别女');
INSERT INTO `sys_dict_data` VALUES (3, 3, '未知', '2', 'sys_user_sex', '', '', 'N', '0', 'admin', '2024-10-22 15:18:06', '', NULL, '性别未知');
INSERT INTO `sys_dict_data` VALUES (4, 1, '显示', '0', 'sys_show_hide', '', 'primary', 'Y', '0', 'admin', '2024-10-22 15:18:06', '', NULL, '显示菜单');
INSERT INTO `sys_dict_data` VALUES (5, 2, '隐藏', '1', 'sys_show_hide', '', 'danger', 'N', '0', 'admin', '2024-10-22 15:18:06', '', NULL, '隐藏菜单');
INSERT INTO `sys_dict_data` VALUES (6, 1, '正常', '0', 'sys_normal_disable', '', 'primary', 'Y', '0', 'admin', '2024-10-22 15:18:06', '', NULL, '正常状态');
INSERT INTO `sys_dict_data` VALUES (7, 2, '停用', '1', 'sys_normal_disable', '', 'danger', 'N', '0', 'admin', '2024-10-22 15:18:06', '', NULL, '停用状态');
INSERT INTO `sys_dict_data` VALUES (8, 1, '正常', '0', 'sys_job_status', '', 'primary', 'Y', '0', 'admin', '2024-10-22 15:18:06', '', NULL, '正常状态');
INSERT INTO `sys_dict_data` VALUES (9, 2, '暂停', '1', 'sys_job_status', '', 'danger', 'N', '0', 'admin', '2024-10-22 15:18:06', '', NULL, '停用状态');
INSERT INTO `sys_dict_data` VALUES (10, 1, '默认', 'DEFAULT', 'sys_job_group', '', '', 'Y', '0', 'admin', '2024-10-22 15:18:06', '', NULL, '默认分组');
INSERT INTO `sys_dict_data` VALUES (11, 2, '系统', 'SYSTEM', 'sys_job_group', '', '', 'N', '0', 'admin', '2024-10-22 15:18:06', '', NULL, '系统分组');
INSERT INTO `sys_dict_data` VALUES (12, 1, '是', 'Y', 'sys_yes_no', '', 'primary', 'Y', '0', 'admin', '2024-10-22 15:18:06', '', NULL, '系统默认是');
INSERT INTO `sys_dict_data` VALUES (13, 2, '否', 'N', 'sys_yes_no', '', 'danger', 'N', '0', 'admin', '2024-10-22 15:18:06', '', NULL, '系统默认否');
INSERT INTO `sys_dict_data` VALUES (14, 1, '通知', '1', 'sys_notice_type', '', 'warning', 'Y', '0', 'admin', '2024-10-22 15:18:06', '', NULL, '通知');
INSERT INTO `sys_dict_data` VALUES (15, 2, '公告', '2', 'sys_notice_type', '', 'success', 'N', '0', 'admin', '2024-10-22 15:18:06', '', NULL, '公告');
INSERT INTO `sys_dict_data` VALUES (16, 1, '正常', '0', 'sys_notice_status', '', 'primary', 'Y', '0', 'admin', '2024-10-22 15:18:06', '', NULL, '正常状态');
INSERT INTO `sys_dict_data` VALUES (17, 2, '关闭', '1', 'sys_notice_status', '', 'danger', 'N', '0', 'admin', '2024-10-22 15:18:06', '', NULL, '关闭状态');
INSERT INTO `sys_dict_data` VALUES (18, 99, '其他', '0', 'sys_oper_type', '', 'info', 'N', '0', 'admin', '2024-10-22 15:18:06', '', NULL, '其他操作');
INSERT INTO `sys_dict_data` VALUES (19, 1, '新增', '1', 'sys_oper_type', '', 'info', 'N', '0', 'admin', '2024-10-22 15:18:06', '', NULL, '新增操作');
INSERT INTO `sys_dict_data` VALUES (20, 2, '修改', '2', 'sys_oper_type', '', 'info', 'N', '0', 'admin', '2024-10-22 15:18:06', '', NULL, '修改操作');
INSERT INTO `sys_dict_data` VALUES (21, 3, '删除', '3', 'sys_oper_type', '', 'danger', 'N', '0', 'admin', '2024-10-22 15:18:06', '', NULL, '删除操作');
INSERT INTO `sys_dict_data` VALUES (22, 4, '授权', '4', 'sys_oper_type', '', 'primary', 'N', '0', 'admin', '2024-10-22 15:18:06', '', NULL, '授权操作');
INSERT INTO `sys_dict_data` VALUES (23, 5, '导出', '5', 'sys_oper_type', '', 'warning', 'N', '0', 'admin', '2024-10-22 15:18:06', '', NULL, '导出操作');
INSERT INTO `sys_dict_data` VALUES (24, 6, '导入', '6', 'sys_oper_type', '', 'warning', 'N', '0', 'admin', '2024-10-22 15:18:06', '', NULL, '导入操作');
INSERT INTO `sys_dict_data` VALUES (25, 7, '强退', '7', 'sys_oper_type', '', 'danger', 'N', '0', 'admin', '2024-10-22 15:18:06', '', NULL, '强退操作');
INSERT INTO `sys_dict_data` VALUES (26, 8, '生成代码', '8', 'sys_oper_type', '', 'warning', 'N', '0', 'admin', '2024-10-22 15:18:06', '', NULL, '生成操作');
INSERT INTO `sys_dict_data` VALUES (27, 9, '清空数据', '9', 'sys_oper_type', '', 'danger', 'N', '0', 'admin', '2024-10-22 15:18:06', '', NULL, '清空操作');
INSERT INTO `sys_dict_data` VALUES (28, 1, '成功', '0', 'sys_common_status', '', 'primary', 'N', '0', 'admin', '2024-10-22 15:18:06', '', NULL, '正常状态');
INSERT INTO `sys_dict_data` VALUES (29, 2, '失败', '1', 'sys_common_status', '', 'danger', 'N', '0', 'admin', '2024-10-22 15:18:06', '', NULL, '停用状态');
INSERT INTO `sys_dict_data` VALUES (100, 0, '工科', '10', 'course_category', NULL, 'default', 'N', '0', 'admin', '2024-10-26 22:44:05', 'admin', '2024-10-26 22:44:51', NULL);
INSERT INTO `sys_dict_data` VALUES (101, 0, '理科', '20', 'course_category', NULL, 'default', 'N', '0', 'admin', '2024-10-26 22:44:11', 'admin', '2024-10-26 22:44:57', NULL);
INSERT INTO `sys_dict_data` VALUES (102, 0, '文科', '30', 'course_category', NULL, 'default', 'N', '0', 'admin', '2024-10-26 22:44:16', 'admin', '2024-10-26 22:45:00', NULL);
INSERT INTO `sys_dict_data` VALUES (103, 0, '医学', '40', 'course_category', NULL, 'default', 'N', '0', 'admin', '2024-10-26 22:45:17', '', NULL, NULL);
INSERT INTO `sys_dict_data` VALUES (104, 0, '教育学', '50', 'course_category', NULL, 'default', 'N', '0', 'admin', '2024-10-26 22:45:29', '', NULL, NULL);
INSERT INTO `sys_dict_data` VALUES (105, 0, '管理学', '60', 'course_category', NULL, 'default', 'N', '0', 'admin', '2024-10-26 22:45:38', '', NULL, NULL);
INSERT INTO `sys_dict_data` VALUES (106, 0, '法学', '70', 'course_category', NULL, 'default', 'N', '0', 'admin', '2024-10-26 22:45:50', 'admin', '2024-10-26 22:45:55', NULL);
INSERT INTO `sys_dict_data` VALUES (107, 0, '计算机', '80', 'course_category', NULL, 'default', 'N', '0', 'admin', '2024-10-26 22:46:33', '', NULL, NULL);
INSERT INTO `sys_dict_data` VALUES (108, 0, '正常', '1', 'course_status', NULL, 'primary', 'N', '0', 'admin', '2024-10-26 22:48:03', 'admin', '2024-10-26 22:48:21', NULL);
INSERT INTO `sys_dict_data` VALUES (109, 0, '停开', '0', 'course_status', NULL, 'danger', 'N', '0', 'admin', '2024-10-26 22:48:13', '', NULL, NULL);
INSERT INTO `sys_dict_data` VALUES (110, 0, '公共基础课', '00', 'course_category', NULL, 'default', 'N', '0', 'admin', '2024-10-28 08:51:07', '', NULL, NULL);
INSERT INTO `sys_dict_data` VALUES (111, 0, '教师', '100', 'sys_user_role', NULL, 'default', 'N', '0', 'admin', '2024-11-01 11:03:32', '', NULL, NULL);
INSERT INTO `sys_dict_data` VALUES (112, 0, '普通学生', '101', 'sys_user_role', NULL, 'default', 'N', '0', 'admin', '2024-11-01 11:03:44', '', NULL, NULL);

-- ----------------------------
-- Table structure for sys_dict_type
-- ----------------------------
DROP TABLE IF EXISTS `sys_dict_type`;
CREATE TABLE `sys_dict_type`  (
  `dict_id` bigint NOT NULL AUTO_INCREMENT COMMENT '字典主键',
  `dict_name` varchar(100) CHARACTER SET utf8mb4 COLLATE utf8mb4_0900_ai_ci NULL DEFAULT '' COMMENT '字典名称',
  `dict_type` varchar(100) CHARACTER SET utf8mb4 COLLATE utf8mb4_0900_ai_ci NULL DEFAULT '' COMMENT '字典类型',
  `status` char(1) CHARACTER SET utf8mb4 COLLATE utf8mb4_0900_ai_ci NULL DEFAULT '0' COMMENT '状态（0正常 1停用）',
  `create_by` varchar(64) CHARACTER SET utf8mb4 COLLATE utf8mb4_0900_ai_ci NULL DEFAULT '' COMMENT '创建者',
  `create_time` datetime NULL DEFAULT NULL COMMENT '创建时间',
  `update_by` varchar(64) CHARACTER SET utf8mb4 COLLATE utf8mb4_0900_ai_ci NULL DEFAULT '' COMMENT '更新者',
  `update_time` datetime NULL DEFAULT NULL COMMENT '更新时间',
  `remark` varchar(500) CHARACTER SET utf8mb4 COLLATE utf8mb4_0900_ai_ci NULL DEFAULT NULL COMMENT '备注',
  PRIMARY KEY (`dict_id`) USING BTREE,
  UNIQUE INDEX `dict_type`(`dict_type` ASC) USING BTREE
) ENGINE = InnoDB AUTO_INCREMENT = 103 CHARACTER SET = utf8mb4 COLLATE = utf8mb4_0900_ai_ci COMMENT = '字典类型表' ROW_FORMAT = DYNAMIC;

-- ----------------------------
-- Records of sys_dict_type
-- ----------------------------
INSERT INTO `sys_dict_type` VALUES (1, '用户性别', 'sys_user_sex', '0', 'admin', '2024-10-22 15:18:06', '', NULL, '用户性别列表');
INSERT INTO `sys_dict_type` VALUES (2, '菜单状态', 'sys_show_hide', '0', 'admin', '2024-10-22 15:18:06', '', NULL, '菜单状态列表');
INSERT INTO `sys_dict_type` VALUES (3, '系统开关', 'sys_normal_disable', '0', 'admin', '2024-10-22 15:18:06', '', NULL, '系统开关列表');
INSERT INTO `sys_dict_type` VALUES (4, '任务状态', 'sys_job_status', '0', 'admin', '2024-10-22 15:18:06', '', NULL, '任务状态列表');
INSERT INTO `sys_dict_type` VALUES (5, '任务分组', 'sys_job_group', '0', 'admin', '2024-10-22 15:18:06', '', NULL, '任务分组列表');
INSERT INTO `sys_dict_type` VALUES (6, '系统是否', 'sys_yes_no', '0', 'admin', '2024-10-22 15:18:06', '', NULL, '系统是否列表');
INSERT INTO `sys_dict_type` VALUES (7, '通知类型', 'sys_notice_type', '0', 'admin', '2024-10-22 15:18:06', '', NULL, '通知类型列表');
INSERT INTO `sys_dict_type` VALUES (8, '通知状态', 'sys_notice_status', '0', 'admin', '2024-10-22 15:18:06', '', NULL, '通知状态列表');
INSERT INTO `sys_dict_type` VALUES (9, '操作类型', 'sys_oper_type', '0', 'admin', '2024-10-22 15:18:06', '', NULL, '操作类型列表');
INSERT INTO `sys_dict_type` VALUES (10, '系统状态', 'sys_common_status', '0', 'admin', '2024-10-22 15:18:06', '', NULL, '登录状态列表');
INSERT INTO `sys_dict_type` VALUES (100, '课程分类', 'course_category', '0', 'admin', '2024-10-26 22:41:35', '', NULL, NULL);
INSERT INTO `sys_dict_type` VALUES (101, '课程状态', 'course_status', '0', 'admin', '2024-10-26 22:47:23', '', NULL, NULL);
INSERT INTO `sys_dict_type` VALUES (102, '用户类型', 'sys_user_role', '0', 'admin', '2024-11-01 11:02:54', '', NULL, NULL);

-- ----------------------------
-- Table structure for sys_job
-- ----------------------------
DROP TABLE IF EXISTS `sys_job`;
CREATE TABLE `sys_job`  (
  `job_id` bigint NOT NULL AUTO_INCREMENT COMMENT '任务ID',
  `job_name` varchar(64) CHARACTER SET utf8mb4 COLLATE utf8mb4_0900_ai_ci NOT NULL DEFAULT '' COMMENT '任务名称',
  `job_group` varchar(64) CHARACTER SET utf8mb4 COLLATE utf8mb4_0900_ai_ci NOT NULL DEFAULT 'DEFAULT' COMMENT '任务组名',
  `invoke_target` varchar(500) CHARACTER SET utf8mb4 COLLATE utf8mb4_0900_ai_ci NOT NULL COMMENT '调用目标字符串',
  `cron_expression` varchar(255) CHARACTER SET utf8mb4 COLLATE utf8mb4_0900_ai_ci NULL DEFAULT '' COMMENT 'cron执行表达式',
  `misfire_policy` varchar(20) CHARACTER SET utf8mb4 COLLATE utf8mb4_0900_ai_ci NULL DEFAULT '3' COMMENT '计划执行错误策略（1立即执行 2执行一次 3放弃执行）',
  `concurrent` char(1) CHARACTER SET utf8mb4 COLLATE utf8mb4_0900_ai_ci NULL DEFAULT '1' COMMENT '是否并发执行（0允许 1禁止）',
  `status` char(1) CHARACTER SET utf8mb4 COLLATE utf8mb4_0900_ai_ci NULL DEFAULT '0' COMMENT '状态（0正常 1暂停）',
  `create_by` varchar(64) CHARACTER SET utf8mb4 COLLATE utf8mb4_0900_ai_ci NULL DEFAULT '' COMMENT '创建者',
  `create_time` datetime NULL DEFAULT NULL COMMENT '创建时间',
  `update_by` varchar(64) CHARACTER SET utf8mb4 COLLATE utf8mb4_0900_ai_ci NULL DEFAULT '' COMMENT '更新者',
  `update_time` datetime NULL DEFAULT NULL COMMENT '更新时间',
  `remark` varchar(500) CHARACTER SET utf8mb4 COLLATE utf8mb4_0900_ai_ci NULL DEFAULT '' COMMENT '备注信息',
  PRIMARY KEY (`job_id`, `job_name`, `job_group`) USING BTREE
) ENGINE = InnoDB AUTO_INCREMENT = 100 CHARACTER SET = utf8mb4 COLLATE = utf8mb4_0900_ai_ci COMMENT = '定时任务调度表' ROW_FORMAT = DYNAMIC;

-- ----------------------------
-- Records of sys_job
-- ----------------------------
INSERT INTO `sys_job` VALUES (1, '系统默认（无参）', 'DEFAULT', 'ryTask.ryNoParams', '0/10 * * * * ?', '3', '1', '1', 'admin', '2024-10-22 15:18:06', '', NULL, '');
INSERT INTO `sys_job` VALUES (2, '系统默认（有参）', 'DEFAULT', 'ryTask.ryParams(\'ry\')', '0/15 * * * * ?', '3', '1', '1', 'admin', '2024-10-22 15:18:06', '', NULL, '');
INSERT INTO `sys_job` VALUES (3, '系统默认（多参）', 'DEFAULT', 'ryTask.ryMultipleParams(\'ry\', true, 2000L, 316.50D, 100)', '0/20 * * * * ?', '3', '1', '1', 'admin', '2024-10-22 15:18:06', '', NULL, '');

-- ----------------------------
-- Table structure for sys_job_log
-- ----------------------------
DROP TABLE IF EXISTS `sys_job_log`;
CREATE TABLE `sys_job_log`  (
  `job_log_id` bigint NOT NULL AUTO_INCREMENT COMMENT '任务日志ID',
  `job_name` varchar(64) CHARACTER SET utf8mb4 COLLATE utf8mb4_0900_ai_ci NOT NULL COMMENT '任务名称',
  `job_group` varchar(64) CHARACTER SET utf8mb4 COLLATE utf8mb4_0900_ai_ci NOT NULL COMMENT '任务组名',
  `invoke_target` varchar(500) CHARACTER SET utf8mb4 COLLATE utf8mb4_0900_ai_ci NOT NULL COMMENT '调用目标字符串',
  `job_message` varchar(500) CHARACTER SET utf8mb4 COLLATE utf8mb4_0900_ai_ci NULL DEFAULT NULL COMMENT '日志信息',
  `status` char(1) CHARACTER SET utf8mb4 COLLATE utf8mb4_0900_ai_ci NULL DEFAULT '0' COMMENT '执行状态（0正常 1失败）',
  `exception_info` varchar(2000) CHARACTER SET utf8mb4 COLLATE utf8mb4_0900_ai_ci NULL DEFAULT '' COMMENT '异常信息',
  `create_time` datetime NULL DEFAULT NULL COMMENT '创建时间',
  PRIMARY KEY (`job_log_id`) USING BTREE
) ENGINE = InnoDB AUTO_INCREMENT = 1 CHARACTER SET = utf8mb4 COLLATE = utf8mb4_0900_ai_ci COMMENT = '定时任务调度日志表' ROW_FORMAT = DYNAMIC;

-- ----------------------------
-- Records of sys_job_log
-- ----------------------------

-- ----------------------------
-- Table structure for sys_logininfor
-- ----------------------------
DROP TABLE IF EXISTS `sys_logininfor`;
CREATE TABLE `sys_logininfor`  (
  `info_id` bigint NOT NULL AUTO_INCREMENT COMMENT '访问ID',
  `user_name` varchar(50) CHARACTER SET utf8mb4 COLLATE utf8mb4_0900_ai_ci NULL DEFAULT '' COMMENT '用户账号',
  `ipaddr` varchar(128) CHARACTER SET utf8mb4 COLLATE utf8mb4_0900_ai_ci NULL DEFAULT '' COMMENT '登录IP地址',
  `login_location` varchar(255) CHARACTER SET utf8mb4 COLLATE utf8mb4_0900_ai_ci NULL DEFAULT '' COMMENT '登录地点',
  `browser` varchar(50) CHARACTER SET utf8mb4 COLLATE utf8mb4_0900_ai_ci NULL DEFAULT '' COMMENT '浏览器类型',
  `os` varchar(50) CHARACTER SET utf8mb4 COLLATE utf8mb4_0900_ai_ci NULL DEFAULT '' COMMENT '操作系统',
  `status` char(1) CHARACTER SET utf8mb4 COLLATE utf8mb4_0900_ai_ci NULL DEFAULT '0' COMMENT '登录状态（0成功 1失败）',
  `msg` varchar(255) CHARACTER SET utf8mb4 COLLATE utf8mb4_0900_ai_ci NULL DEFAULT '' COMMENT '提示消息',
  `login_time` datetime NULL DEFAULT NULL COMMENT '访问时间',
  PRIMARY KEY (`info_id`) USING BTREE,
  INDEX `idx_sys_logininfor_s`(`status` ASC) USING BTREE,
  INDEX `idx_sys_logininfor_lt`(`login_time` ASC) USING BTREE
) ENGINE = InnoDB AUTO_INCREMENT = 252 CHARACTER SET = utf8mb4 COLLATE = utf8mb4_0900_ai_ci COMMENT = '系统访问记录' ROW_FORMAT = DYNAMIC;

-- ----------------------------
-- Records of sys_logininfor
-- ----------------------------
INSERT INTO `sys_logininfor` VALUES (100, 'admin', '127.0.0.1', '内网IP', 'Chrome 12', 'Windows 10', '1', '用户不存在/密码错误', '2024-10-23 08:53:14');
INSERT INTO `sys_logininfor` VALUES (101, 'admin', '127.0.0.1', '内网IP', 'Chrome 12', 'Windows 10', '0', '登录成功', '2024-10-23 08:53:23');
INSERT INTO `sys_logininfor` VALUES (102, 'admin', '127.0.0.1', '内网IP', 'Chrome 12', 'Windows 10', '0', '退出成功', '2024-10-23 09:21:45');
INSERT INTO `sys_logininfor` VALUES (103, 'admin', '127.0.0.1', '内网IP', 'Chrome 12', 'Windows 10', '0', '登录成功', '2024-10-23 10:21:08');
INSERT INTO `sys_logininfor` VALUES (104, 'admin', '127.0.0.1', '内网IP', 'Chrome 12', 'Windows 10', '0', '登录成功', '2024-10-23 17:24:39');
INSERT INTO `sys_logininfor` VALUES (105, 'admin', '127.0.0.1', '内网IP', 'Chrome 12', 'Windows 10', '0', '退出成功', '2024-10-23 17:25:06');
INSERT INTO `sys_logininfor` VALUES (106, 'admin', '127.0.0.1', '内网IP', 'Chrome 12', 'Windows 10', '0', '登录成功', '2024-10-23 17:25:29');
INSERT INTO `sys_logininfor` VALUES (107, 'admin', '127.0.0.1', '内网IP', 'Chrome 12', 'Windows 10', '0', '登录成功', '2024-10-25 09:43:10');
INSERT INTO `sys_logininfor` VALUES (108, 'admin', '127.0.0.1', '内网IP', 'Chrome 12', 'Windows 10', '0', '退出成功', '2024-10-25 09:48:19');
INSERT INTO `sys_logininfor` VALUES (109, 'admin', '127.0.0.1', '内网IP', 'Chrome 12', 'Windows 10', '0', '登录成功', '2024-10-25 09:48:53');
INSERT INTO `sys_logininfor` VALUES (110, 'admin', '127.0.0.1', '内网IP', 'Chrome 12', 'Windows 10', '0', '退出成功', '2024-10-25 09:54:34');
INSERT INTO `sys_logininfor` VALUES (111, 'admin', '127.0.0.1', '内网IP', 'Chrome 12', 'Windows 10', '0', '登录成功', '2024-10-25 10:21:39');
INSERT INTO `sys_logininfor` VALUES (112, 'admin', '127.0.0.1', '内网IP', 'Mobile Safari', 'Mac OS X (iPhone)', '0', '退出成功', '2024-10-25 11:09:51');
INSERT INTO `sys_logininfor` VALUES (113, 'admin', '127.0.0.1', '内网IP', 'Chrome 12', 'Windows 10', '1', '验证码已失效', '2024-10-25 11:13:30');
INSERT INTO `sys_logininfor` VALUES (114, 'admin', '127.0.0.1', '内网IP', 'Chrome 12', 'Windows 10', '1', '验证码错误', '2024-10-25 11:13:32');
INSERT INTO `sys_logininfor` VALUES (115, 'admin', '127.0.0.1', '内网IP', 'Chrome 12', 'Windows 10', '1', '验证码错误', '2024-10-25 11:13:34');
INSERT INTO `sys_logininfor` VALUES (116, 'admin', '127.0.0.1', '内网IP', 'Chrome 12', 'Windows 10', '0', '登录成功', '2024-10-25 11:13:36');
INSERT INTO `sys_logininfor` VALUES (117, 'admin', '127.0.0.1', '内网IP', 'Chrome 12', 'Windows 10', '1', '用户不存在/密码错误', '2024-10-25 15:15:44');
INSERT INTO `sys_logininfor` VALUES (118, 'admin', '127.0.0.1', '内网IP', 'Chrome 12', 'Windows 10', '1', '用户不存在/密码错误', '2024-10-25 15:15:46');
INSERT INTO `sys_logininfor` VALUES (119, 'admin', '127.0.0.1', '内网IP', 'Chrome 12', 'Windows 10', '1', '用户不存在/密码错误', '2024-10-25 15:15:58');
INSERT INTO `sys_logininfor` VALUES (120, 'admin', '127.0.0.1', '内网IP', 'Chrome 12', 'Windows 10', '1', '用户不存在/密码错误', '2024-10-25 15:16:05');
INSERT INTO `sys_logininfor` VALUES (121, 'admin', '127.0.0.1', '内网IP', 'Chrome 12', 'Windows 10', '1', '用户不存在/密码错误', '2024-10-25 15:16:20');
INSERT INTO `sys_logininfor` VALUES (122, 'admin', '127.0.0.1', '内网IP', 'Chrome 12', 'Windows 10', '1', '验证码错误', '2024-10-25 15:16:24');
INSERT INTO `sys_logininfor` VALUES (123, 'admin', '127.0.0.1', '内网IP', 'Chrome 12', 'Windows 10', '1', '密码输入错误5次，帐户锁定10分钟', '2024-10-25 15:16:27');
INSERT INTO `sys_logininfor` VALUES (124, 'admin', '127.0.0.1', '内网IP', 'Chrome 12', 'Windows 10', '1', '用户不存在/密码错误', '2024-10-25 15:50:18');
INSERT INTO `sys_logininfor` VALUES (125, 'admin', '127.0.0.1', '内网IP', 'Chrome 12', 'Windows 10', '0', '登录成功', '2024-10-25 15:52:21');
INSERT INTO `sys_logininfor` VALUES (126, 'admin', '127.0.0.1', '内网IP', 'Chrome 12', 'Windows 10', '1', '用户不存在/密码错误', '2024-10-25 19:51:24');
INSERT INTO `sys_logininfor` VALUES (127, 'admin', '127.0.0.1', '内网IP', 'Chrome 12', 'Windows 10', '1', '用户不存在/密码错误', '2024-10-25 19:51:28');
INSERT INTO `sys_logininfor` VALUES (128, 'admin', '127.0.0.1', '内网IP', 'Chrome 12', 'Windows 10', '1', '验证码错误', '2024-10-25 19:51:31');
INSERT INTO `sys_logininfor` VALUES (129, 'admin', '127.0.0.1', '内网IP', 'Chrome 12', 'Windows 10', '0', '登录成功', '2024-10-25 19:51:33');
INSERT INTO `sys_logininfor` VALUES (130, 'admin', '127.0.0.1', '内网IP', 'Chrome 12', 'Windows 10', '0', '登录成功', '2024-10-25 21:52:47');
INSERT INTO `sys_logininfor` VALUES (131, 'admin', '127.0.0.1', '内网IP', 'Chrome 12', 'Windows 10', '1', '验证码已失效', '2024-10-26 22:36:19');
INSERT INTO `sys_logininfor` VALUES (132, 'admin', '127.0.0.1', '内网IP', 'Chrome 12', 'Windows 10', '0', '登录成功', '2024-10-26 22:36:22');
INSERT INTO `sys_logininfor` VALUES (133, 'admin', '127.0.0.1', '内网IP', 'Chrome 12', 'Windows 10', '0', '退出成功', '2024-10-26 23:15:29');
INSERT INTO `sys_logininfor` VALUES (134, 'admin', '127.0.0.1', '内网IP', 'Chrome 12', 'Windows 10', '0', '登录成功', '2024-10-26 23:22:31');
INSERT INTO `sys_logininfor` VALUES (135, 'admin', '127.0.0.1', '内网IP', 'Chrome 12', 'Windows 10', '0', '退出成功', '2024-10-26 23:31:50');
INSERT INTO `sys_logininfor` VALUES (136, 'admin', '127.0.0.1', '内网IP', 'Chrome 12', 'Windows 10', '0', '登录成功', '2024-10-27 11:08:03');
INSERT INTO `sys_logininfor` VALUES (137, 'admin', '127.0.0.1', '内网IP', 'Chrome 12', 'Windows 10', '0', '退出成功', '2024-10-27 11:08:26');
INSERT INTO `sys_logininfor` VALUES (138, 'admin', '127.0.0.1', '内网IP', 'Chrome 12', 'Windows 10', '0', '登录成功', '2024-10-27 16:34:26');
INSERT INTO `sys_logininfor` VALUES (139, 'admin', '127.0.0.1', '内网IP', 'Chrome 12', 'Windows 10', '0', '登录成功', '2024-10-27 18:27:14');
INSERT INTO `sys_logininfor` VALUES (140, 'admin', '127.0.0.1', '内网IP', 'Chrome 12', 'Windows 10', '0', '退出成功', '2024-10-27 19:13:39');
INSERT INTO `sys_logininfor` VALUES (141, 'admin', '127.0.0.1', '内网IP', 'Chrome 12', 'Windows 10', '1', '用户不存在/密码错误', '2024-10-27 19:13:53');
INSERT INTO `sys_logininfor` VALUES (142, 'admin', '127.0.0.1', '内网IP', 'Chrome 12', 'Windows 10', '1', '用户不存在/密码错误', '2024-10-27 19:13:56');
INSERT INTO `sys_logininfor` VALUES (143, 'admin', '127.0.0.1', '内网IP', 'Chrome 12', 'Windows 10', '0', '登录成功', '2024-10-27 19:14:03');
INSERT INTO `sys_logininfor` VALUES (144, 'admin', '127.0.0.1', '内网IP', 'Chrome 12', 'Windows 10', '0', '退出成功', '2024-10-27 19:23:47');
INSERT INTO `sys_logininfor` VALUES (145, 'admin', '127.0.0.1', '内网IP', 'Chrome 12', 'Windows 10', '1', '验证码错误', '2024-10-27 19:33:06');
INSERT INTO `sys_logininfor` VALUES (146, 'admin', '127.0.0.1', '内网IP', 'Chrome 12', 'Windows 10', '0', '登录成功', '2024-10-27 19:33:08');
INSERT INTO `sys_logininfor` VALUES (147, 'admin', '127.0.0.1', '内网IP', 'Chrome 12', 'Windows 10', '1', '用户不存在/密码错误', '2024-10-27 20:33:17');
INSERT INTO `sys_logininfor` VALUES (148, 'admin', '127.0.0.1', '内网IP', 'Chrome 12', 'Windows 10', '1', '验证码错误', '2024-10-27 20:33:21');
INSERT INTO `sys_logininfor` VALUES (149, 'admin', '127.0.0.1', '内网IP', 'Chrome 12', 'Windows 10', '0', '登录成功', '2024-10-27 20:33:24');
INSERT INTO `sys_logininfor` VALUES (150, 'admin', '127.0.0.1', '内网IP', 'Chrome 12', 'Windows 10', '0', '登录成功', '2024-10-27 22:40:43');
INSERT INTO `sys_logininfor` VALUES (151, 'admin', '127.0.0.1', '内网IP', 'Chrome 12', 'Windows 10', '0', '登录成功', '2024-10-28 08:26:28');
INSERT INTO `sys_logininfor` VALUES (152, 'admin', '127.0.0.1', '内网IP', 'Chrome 12', 'Windows 10', '0', '登录成功', '2024-10-28 14:16:13');
INSERT INTO `sys_logininfor` VALUES (153, 'admin', '127.0.0.1', '内网IP', 'Chrome 12', 'Windows 10', '0', '登录成功', '2024-10-28 16:30:43');
INSERT INTO `sys_logininfor` VALUES (154, 'admin', '127.0.0.1', '内网IP', 'Chrome 12', 'Windows 10', '0', '登录成功', '2024-10-28 21:29:56');
INSERT INTO `sys_logininfor` VALUES (155, 'admin', '127.0.0.1', '内网IP', 'Chrome 12', 'Windows 10', '0', '登录成功', '2024-10-29 08:34:31');
INSERT INTO `sys_logininfor` VALUES (156, 'admin', '127.0.0.1', '内网IP', 'Chrome 12', 'Windows 10', '0', '退出成功', '2024-10-29 10:24:32');
INSERT INTO `sys_logininfor` VALUES (157, 'admin', '127.0.0.1', '内网IP', 'Chrome 12', 'Windows 10', '0', '登录成功', '2024-10-29 10:24:38');
INSERT INTO `sys_logininfor` VALUES (158, 'admin', '127.0.0.1', '内网IP', 'Chrome 12', 'Windows 10', '1', '验证码错误', '2024-10-29 14:45:07');
INSERT INTO `sys_logininfor` VALUES (159, 'admin', '127.0.0.1', '内网IP', 'Chrome 12', 'Windows 10', '0', '登录成功', '2024-10-29 14:45:19');
INSERT INTO `sys_logininfor` VALUES (160, 'admin', '127.0.0.1', '内网IP', 'Chrome 12', 'Windows 10', '0', '登录成功', '2024-10-29 17:59:28');
INSERT INTO `sys_logininfor` VALUES (161, 'admin', '127.0.0.1', '内网IP', 'Chrome 12', 'Windows 10', '0', '登录成功', '2024-10-29 22:21:39');
INSERT INTO `sys_logininfor` VALUES (162, 'admin', '127.0.0.1', '内网IP', 'Chrome 12', 'Windows 10', '0', '登录成功', '2024-10-30 08:25:53');
INSERT INTO `sys_logininfor` VALUES (163, 'admin', '127.0.0.1', '内网IP', 'Chrome 12', 'Windows 10', '0', '退出成功', '2024-10-30 10:14:54');
INSERT INTO `sys_logininfor` VALUES (164, 'admin', '127.0.0.1', '内网IP', 'Chrome 12', 'Windows 10', '0', '登录成功', '2024-10-30 10:16:46');
INSERT INTO `sys_logininfor` VALUES (165, 'admin', '127.0.0.1', '内网IP', 'Chrome 12', 'Windows 10', '0', '退出成功', '2024-10-30 10:17:41');
INSERT INTO `sys_logininfor` VALUES (166, 'admin', '127.0.0.1', '内网IP', 'Chrome 12', 'Windows 10', '0', '登录成功', '2024-10-30 10:17:58');
INSERT INTO `sys_logininfor` VALUES (167, 'admin', '127.0.0.1', '内网IP', 'Chrome 12', 'Windows 10', '0', '退出成功', '2024-10-30 10:25:06');
INSERT INTO `sys_logininfor` VALUES (168, 'admin', '127.0.0.1', '内网IP', 'Chrome 12', 'Windows 10', '1', '验证码错误', '2024-10-30 10:25:21');
INSERT INTO `sys_logininfor` VALUES (169, 'admin', '127.0.0.1', '内网IP', 'Chrome 12', 'Windows 10', '0', '登录成功', '2024-10-30 10:25:23');
INSERT INTO `sys_logininfor` VALUES (170, 'admin', '127.0.0.1', '内网IP', 'Chrome 12', 'Windows 10', '0', '退出成功', '2024-10-30 10:31:40');
INSERT INTO `sys_logininfor` VALUES (171, 'admin', '127.0.0.1', '内网IP', 'Chrome 12', 'Windows 10', '0', '登录成功', '2024-10-30 10:32:42');
INSERT INTO `sys_logininfor` VALUES (172, 'admin', '127.0.0.1', '内网IP', 'Chrome 12', 'Windows 10', '1', '验证码错误', '2024-10-30 15:00:56');
INSERT INTO `sys_logininfor` VALUES (173, 'admin', '127.0.0.1', '内网IP', 'Chrome 12', 'Windows 10', '0', '登录成功', '2024-10-30 15:00:58');
INSERT INTO `sys_logininfor` VALUES (174, 'admin', '127.0.0.1', '内网IP', 'Chrome 12', 'Windows 10', '0', '登录成功', '2024-10-30 15:31:06');
INSERT INTO `sys_logininfor` VALUES (175, 'admin', '127.0.0.1', '内网IP', 'Chrome 12', 'Windows 10', '0', '退出成功', '2024-10-30 16:55:02');
INSERT INTO `sys_logininfor` VALUES (176, 'admin', '127.0.0.1', '内网IP', 'Chrome 12', 'Windows 10', '1', '验证码错误', '2024-10-30 17:10:27');
INSERT INTO `sys_logininfor` VALUES (177, 'admin', '127.0.0.1', '内网IP', 'Chrome 12', 'Windows 10', '0', '登录成功', '2024-10-30 17:10:33');
INSERT INTO `sys_logininfor` VALUES (178, 'admin', '127.0.0.1', '内网IP', 'Chrome 12', 'Windows 10', '0', '退出成功', '2024-10-30 17:10:58');
INSERT INTO `sys_logininfor` VALUES (179, 'admin', '127.0.0.1', '内网IP', 'Chrome 12', 'Windows 10', '1', '验证码错误', '2024-10-30 17:11:12');
INSERT INTO `sys_logininfor` VALUES (180, 'admin', '127.0.0.1', '内网IP', 'Chrome 12', 'Windows 10', '1', '验证码错误', '2024-10-30 17:11:13');
INSERT INTO `sys_logininfor` VALUES (181, 'admin', '127.0.0.1', '内网IP', 'Chrome 12', 'Windows 10', '0', '登录成功', '2024-10-30 17:11:18');
INSERT INTO `sys_logininfor` VALUES (182, 'admin', '127.0.0.1', '内网IP', 'Chrome 12', 'Windows 10', '0', '退出成功', '2024-10-30 17:11:57');
INSERT INTO `sys_logininfor` VALUES (183, 'heziming', '127.0.0.1', '内网IP', 'Chrome 12', 'Windows 10', '0', '注册成功', '2024-10-30 17:22:22');
INSERT INTO `sys_logininfor` VALUES (184, 'heziming', '127.0.0.1', '内网IP', 'Chrome 12', 'Windows 10', '0', '登录成功', '2024-10-30 17:22:28');
INSERT INTO `sys_logininfor` VALUES (185, 'heziming', '127.0.0.1', '内网IP', 'Chrome 12', 'Windows 10', '0', '登录成功', '2024-10-30 20:02:09');
INSERT INTO `sys_logininfor` VALUES (186, 'heziming', '127.0.0.1', '内网IP', 'Chrome 12', 'Windows 10', '0', '退出成功', '2024-10-30 20:02:57');
INSERT INTO `sys_logininfor` VALUES (187, 'heziming', '127.0.0.1', '内网IP', 'Chrome 12', 'Windows 10', '0', '登录成功', '2024-10-30 20:03:48');
INSERT INTO `sys_logininfor` VALUES (188, 'heziming', '127.0.0.1', '内网IP', 'Chrome 12', 'Windows 10', '0', '退出成功', '2024-10-30 20:03:52');
INSERT INTO `sys_logininfor` VALUES (189, 'admin', '127.0.0.1', '内网IP', 'Chrome 12', 'Windows 10', '1', '验证码错误', '2024-10-30 20:04:03');
INSERT INTO `sys_logininfor` VALUES (190, 'admin', '127.0.0.1', '内网IP', 'Chrome 12', 'Windows 10', '0', '登录成功', '2024-10-30 20:04:09');
INSERT INTO `sys_logininfor` VALUES (191, 'admin', '127.0.0.1', '内网IP', 'Chrome 12', 'Windows 10', '0', '退出成功', '2024-10-30 20:33:51');
INSERT INTO `sys_logininfor` VALUES (192, 'admin123', '127.0.0.1', '内网IP', 'Chrome 12', 'Windows 10', '0', '注册成功', '2024-10-30 20:34:04');
INSERT INTO `sys_logininfor` VALUES (193, 'admin', '127.0.0.1', '内网IP', 'Chrome 12', 'Windows 10', '0', '登录成功', '2024-10-30 20:34:09');
INSERT INTO `sys_logininfor` VALUES (194, 'admin', '127.0.0.1', '内网IP', 'Chrome 12', 'Windows 10', '0', '登录成功', '2024-10-31 08:48:38');
INSERT INTO `sys_logininfor` VALUES (195, 'admin', '127.0.0.1', '内网IP', 'Chrome 12', 'Windows 10', '0', '登录成功', '2024-10-31 09:40:45');
INSERT INTO `sys_logininfor` VALUES (196, 'admin', '127.0.0.1', '内网IP', 'Chrome 12', 'Windows 10', '0', '登录成功', '2024-10-31 11:07:58');
INSERT INTO `sys_logininfor` VALUES (197, 'admin', '127.0.0.1', '内网IP', 'Chrome 12', 'Windows 10', '0', '登录成功', '2024-10-31 14:33:23');
INSERT INTO `sys_logininfor` VALUES (198, 'admin', '127.0.0.1', '内网IP', 'Chrome 12', 'Windows 10', '0', '登录成功', '2024-10-31 19:27:18');
INSERT INTO `sys_logininfor` VALUES (199, 'admin', '127.0.0.1', '内网IP', 'Chrome 12', 'Windows 10', '0', '登录成功', '2024-10-31 20:04:07');
INSERT INTO `sys_logininfor` VALUES (200, 'admin', '127.0.0.1', '内网IP', 'Chrome 12', 'Windows 10', '0', '登录成功', '2024-11-01 08:46:14');
INSERT INTO `sys_logininfor` VALUES (201, 'admin', '127.0.0.1', '内网IP', 'Chrome 12', 'Windows 10', '0', '登录成功', '2024-11-01 10:46:42');
INSERT INTO `sys_logininfor` VALUES (202, 'admin', '127.0.0.1', '内网IP', 'Chrome 12', 'Windows 10', '0', '登录成功', '2024-11-01 14:22:58');
INSERT INTO `sys_logininfor` VALUES (203, 'admin', '127.0.0.1', '内网IP', 'Chrome 12', 'Windows 10', '0', '退出成功', '2024-11-01 14:38:13');
INSERT INTO `sys_logininfor` VALUES (204, 'heziming', '127.0.0.1', '内网IP', 'Chrome 12', 'Windows 10', '0', '登录成功', '2024-11-01 14:38:20');
INSERT INTO `sys_logininfor` VALUES (205, 'heziming', '127.0.0.1', '内网IP', 'Chrome 12', 'Windows 10', '0', '退出成功', '2024-11-01 14:40:50');
INSERT INTO `sys_logininfor` VALUES (206, 'admin123', '127.0.0.1', '内网IP', 'Chrome 12', 'Windows 10', '0', '登录成功', '2024-11-01 14:40:57');
INSERT INTO `sys_logininfor` VALUES (207, 'admin123', '127.0.0.1', '内网IP', 'Chrome 12', 'Windows 10', '0', '退出成功', '2024-11-01 14:56:31');
INSERT INTO `sys_logininfor` VALUES (208, 'admin', '127.0.0.1', '内网IP', 'Chrome 12', 'Windows 10', '0', '登录成功', '2024-11-01 14:56:40');
INSERT INTO `sys_logininfor` VALUES (209, 'admin', '127.0.0.1', '内网IP', 'Chrome 12', 'Windows 10', '0', '退出成功', '2024-11-01 14:57:37');
INSERT INTO `sys_logininfor` VALUES (210, 'admin123', '127.0.0.1', '内网IP', 'Chrome 12', 'Windows 10', '0', '登录成功', '2024-11-01 14:57:46');
INSERT INTO `sys_logininfor` VALUES (211, 'admin123', '127.0.0.1', '内网IP', 'Chrome 12', 'Windows 10', '0', '退出成功', '2024-11-01 14:58:49');
INSERT INTO `sys_logininfor` VALUES (212, 'admin', '127.0.0.1', '内网IP', 'Chrome 12', 'Windows 10', '0', '登录成功', '2024-11-01 14:58:56');
INSERT INTO `sys_logininfor` VALUES (213, 'admin', '127.0.0.1', '内网IP', 'Chrome 12', 'Windows 10', '0', '退出成功', '2024-11-01 14:59:34');
INSERT INTO `sys_logininfor` VALUES (214, 'admin', '127.0.0.1', '内网IP', 'Chrome 12', 'Windows 10', '0', '登录成功', '2024-11-01 14:59:43');
INSERT INTO `sys_logininfor` VALUES (215, 'admin123', '127.0.0.1', '内网IP', 'Chrome 12', 'Windows 10', '0', '登录成功', '2024-11-01 15:00:02');
INSERT INTO `sys_logininfor` VALUES (216, 'admin', '222.223.243.26', 'XX XX', 'Chrome 12', 'Windows 10', '0', '登录成功', '2024-11-01 16:47:04');
INSERT INTO `sys_logininfor` VALUES (217, 'admin', '222.223.243.26', 'XX XX', 'Chrome 12', 'Windows 10', '0', '登录成功', '2024-11-01 16:49:31');
INSERT INTO `sys_logininfor` VALUES (218, 'admin', '222.223.243.26', 'XX XX', 'Chrome 12', 'Windows 10', '0', '登录成功', '2024-11-01 16:54:31');
INSERT INTO `sys_logininfor` VALUES (219, 'admin', '222.223.243.26', 'XX XX', 'Chrome Mobile', 'Android 1.x', '0', '登录成功', '2024-11-01 18:51:59');
INSERT INTO `sys_logininfor` VALUES (220, 'admin', '222.223.243.26', 'XX XX', 'Chrome Mobile', 'Android 1.x', '0', '登录成功', '2024-11-01 19:30:08');
INSERT INTO `sys_logininfor` VALUES (221, 'admin', '222.223.243.26', 'XX XX', 'Chrome 12', 'Windows 10', '0', '登录成功', '2024-11-02 20:01:39');
INSERT INTO `sys_logininfor` VALUES (222, 'admin', '222.223.243.26', 'XX XX', 'Chrome 12', 'Windows 10', '0', '登录成功', '2024-11-04 09:34:00');
INSERT INTO `sys_logininfor` VALUES (223, 'admin', '222.223.243.26', 'XX XX', 'Chrome 12', 'Windows 10', '0', '登录成功', '2024-11-04 14:27:15');
INSERT INTO `sys_logininfor` VALUES (224, 'admin', '222.223.243.26', 'XX XX', 'Chrome 12', 'Windows 10', '1', '用户不存在/密码错误', '2024-11-04 15:14:30');
INSERT INTO `sys_logininfor` VALUES (225, 'admin', '222.223.243.26', 'XX XX', 'Chrome 12', 'Windows 10', '1', '用户不存在/密码错误', '2024-11-04 15:14:39');
INSERT INTO `sys_logininfor` VALUES (226, 'admin', '222.223.243.26', 'XX XX', 'Chrome 12', 'Windows 10', '0', '登录成功', '2024-11-04 15:15:07');
INSERT INTO `sys_logininfor` VALUES (227, 'admin', '222.223.243.26', 'XX XX', 'Chrome 12', 'Windows 10', '1', '验证码错误', '2024-11-04 16:24:22');
INSERT INTO `sys_logininfor` VALUES (228, 'admin', '222.223.243.26', 'XX XX', 'Chrome 12', 'Windows 10', '1', '用户不存在/密码错误', '2024-11-04 16:24:28');
INSERT INTO `sys_logininfor` VALUES (229, 'admin', '222.223.243.26', 'XX XX', 'Chrome 12', 'Windows 10', '0', '登录成功', '2024-11-04 16:24:38');
INSERT INTO `sys_logininfor` VALUES (230, 'admin', '222.223.243.26', 'XX XX', 'Chrome 12', 'Windows 10', '0', '登录成功', '2024-11-04 16:58:52');
INSERT INTO `sys_logininfor` VALUES (231, 'admin', '222.223.243.26', 'XX XX', 'Chrome 12', 'Windows 10', '0', '退出成功', '2024-11-04 16:59:51');
INSERT INTO `sys_logininfor` VALUES (232, 'heziming', '222.223.243.26', 'XX XX', 'Chrome 12', 'Windows 10', '1', '用户不存在/密码错误', '2024-11-04 17:00:04');
INSERT INTO `sys_logininfor` VALUES (233, 'heziming', '222.223.243.26', 'XX XX', 'Chrome 12', 'Windows 10', '1', '用户不存在/密码错误', '2024-11-04 17:00:13');
INSERT INTO `sys_logininfor` VALUES (234, 'heziming', '222.223.243.26', 'XX XX', 'Chrome 12', 'Windows 10', '1', '用户不存在/密码错误', '2024-11-04 17:01:15');
INSERT INTO `sys_logininfor` VALUES (235, 'heziming', '222.223.243.26', 'XX XX', 'Chrome 12', 'Windows 10', '0', '登录成功', '2024-11-04 17:02:06');
INSERT INTO `sys_logininfor` VALUES (236, 'admin', '222.223.243.26', 'XX XX', 'Chrome 12', 'Windows 10', '0', '登录成功', '2024-11-04 17:02:58');
INSERT INTO `sys_logininfor` VALUES (237, 'heziming', '222.223.243.26', 'XX XX', 'Chrome 12', 'Windows 10', '0', '退出成功', '2024-11-04 17:04:16');
INSERT INTO `sys_logininfor` VALUES (238, 'xiejiayi', '222.223.243.26', 'XX XX', 'Chrome 12', 'Windows 10', '0', '登录成功', '2024-11-04 17:04:25');
INSERT INTO `sys_logininfor` VALUES (239, 'xiejiayi', '222.223.243.26', 'XX XX', 'Chrome 12', 'Windows 10', '0', '退出成功', '2024-11-04 17:28:41');
INSERT INTO `sys_logininfor` VALUES (240, 'admin', '222.223.243.26', 'XX XX', 'Chrome 12', 'Windows 10', '0', '退出成功', '2024-11-04 17:36:47');
INSERT INTO `sys_logininfor` VALUES (241, 'admin', '222.223.243.26', 'XX XX', 'Chrome 12', 'Windows 10', '0', '登录成功', '2024-11-04 17:40:10');
INSERT INTO `sys_logininfor` VALUES (242, 'xiejiayi', '222.223.243.26', 'XX XX', 'Chrome 12', 'Windows 10', '1', '验证码已失效', '2024-11-04 17:42:24');
INSERT INTO `sys_logininfor` VALUES (243, 'xiejiayi', '222.223.243.26', 'XX XX', 'Chrome 12', 'Windows 10', '0', '登录成功', '2024-11-04 17:42:36');
INSERT INTO `sys_logininfor` VALUES (244, 'admin', '222.223.243.26', 'XX XX', 'Chrome 12', 'Windows 10', '1', '用户不存在/密码错误', '2024-11-04 19:57:10');
INSERT INTO `sys_logininfor` VALUES (245, 'admin', '222.223.243.26', 'XX XX', 'Chrome 12', 'Windows 10', '1', '验证码错误', '2024-11-04 19:57:16');
INSERT INTO `sys_logininfor` VALUES (246, 'admin', '222.223.243.26', 'XX XX', 'Chrome 12', 'Windows 10', '0', '登录成功', '2024-11-04 19:57:19');
INSERT INTO `sys_logininfor` VALUES (247, 'admin', '222.223.243.26', 'XX XX', 'Chrome 12', 'Windows 10', '0', '登录成功', '2024-11-04 22:24:28');
INSERT INTO `sys_logininfor` VALUES (248, 'admin', '222.223.243.26', 'XX XX', 'Chrome 12', 'Windows 10', '0', '登录成功', '2024-11-06 14:44:40');
INSERT INTO `sys_logininfor` VALUES (249, 'admin', '222.223.243.26', 'XX XX', 'Chrome 12', 'Windows 10', '1', '验证码错误', '2024-11-06 14:50:21');
INSERT INTO `sys_logininfor` VALUES (250, 'admin', '222.223.243.26', 'XX XX', 'Chrome 12', 'Windows 10', '1', '用户不存在/密码错误', '2024-11-06 14:50:23');
INSERT INTO `sys_logininfor` VALUES (251, 'admin', '222.223.243.26', 'XX XX', 'Chrome 12', 'Windows 10', '0', '登录成功', '2024-11-06 14:50:27');

-- ----------------------------
-- Table structure for sys_menu
-- ----------------------------
DROP TABLE IF EXISTS `sys_menu`;
CREATE TABLE `sys_menu`  (
  `menu_id` bigint NOT NULL AUTO_INCREMENT COMMENT '菜单ID',
  `menu_name` varchar(50) CHARACTER SET utf8mb4 COLLATE utf8mb4_0900_ai_ci NOT NULL COMMENT '菜单名称',
  `parent_id` bigint NULL DEFAULT 0 COMMENT '父菜单ID',
  `order_num` int NULL DEFAULT 0 COMMENT '显示顺序',
  `path` varchar(200) CHARACTER SET utf8mb4 COLLATE utf8mb4_0900_ai_ci NULL DEFAULT '' COMMENT '路由地址',
  `component` varchar(255) CHARACTER SET utf8mb4 COLLATE utf8mb4_0900_ai_ci NULL DEFAULT NULL COMMENT '组件路径',
  `query` varchar(255) CHARACTER SET utf8mb4 COLLATE utf8mb4_0900_ai_ci NULL DEFAULT NULL COMMENT '路由参数',
  `route_name` varchar(50) CHARACTER SET utf8mb4 COLLATE utf8mb4_0900_ai_ci NULL DEFAULT '' COMMENT '路由名称',
  `is_frame` int NULL DEFAULT 1 COMMENT '是否为外链（0是 1否）',
  `is_cache` int NULL DEFAULT 0 COMMENT '是否缓存（0缓存 1不缓存）',
  `menu_type` char(1) CHARACTER SET utf8mb4 COLLATE utf8mb4_0900_ai_ci NULL DEFAULT '' COMMENT '菜单类型（M目录 C菜单 F按钮）',
  `visible` char(1) CHARACTER SET utf8mb4 COLLATE utf8mb4_0900_ai_ci NULL DEFAULT '0' COMMENT '菜单状态（0显示 1隐藏）',
  `status` char(1) CHARACTER SET utf8mb4 COLLATE utf8mb4_0900_ai_ci NULL DEFAULT '0' COMMENT '菜单状态（0正常 1停用）',
  `perms` varchar(100) CHARACTER SET utf8mb4 COLLATE utf8mb4_0900_ai_ci NULL DEFAULT NULL COMMENT '权限标识',
  `icon` varchar(100) CHARACTER SET utf8mb4 COLLATE utf8mb4_0900_ai_ci NULL DEFAULT '#' COMMENT '菜单图标',
  `create_by` varchar(64) CHARACTER SET utf8mb4 COLLATE utf8mb4_0900_ai_ci NULL DEFAULT '' COMMENT '创建者',
  `create_time` datetime NULL DEFAULT NULL COMMENT '创建时间',
  `update_by` varchar(64) CHARACTER SET utf8mb4 COLLATE utf8mb4_0900_ai_ci NULL DEFAULT '' COMMENT '更新者',
  `update_time` datetime NULL DEFAULT NULL COMMENT '更新时间',
  `remark` varchar(500) CHARACTER SET utf8mb4 COLLATE utf8mb4_0900_ai_ci NULL DEFAULT '' COMMENT '备注',
  PRIMARY KEY (`menu_id`) USING BTREE
) ENGINE = InnoDB AUTO_INCREMENT = 2046 CHARACTER SET = utf8mb4 COLLATE = utf8mb4_0900_ai_ci COMMENT = '菜单权限表' ROW_FORMAT = DYNAMIC;

-- ----------------------------
-- Records of sys_menu
-- ----------------------------
INSERT INTO `sys_menu` VALUES (1, '系统管理', 0, 1, 'system', NULL, '', '', 1, 0, 'M', '0', '0', '', 'system', 'admin', '2024-10-22 15:18:06', '', NULL, '系统管理目录');
INSERT INTO `sys_menu` VALUES (2, '系统监控', 0, 2, 'monitor', NULL, '', '', 1, 0, 'M', '0', '0', '', 'monitor', 'admin', '2024-10-22 15:18:06', '', NULL, '系统监控目录');
INSERT INTO `sys_menu` VALUES (3, '系统工具', 0, 3, 'tool', NULL, '', '', 1, 0, 'M', '0', '0', '', 'tool', 'admin', '2024-10-22 15:18:06', '', NULL, '系统工具目录');
INSERT INTO `sys_menu` VALUES (100, '用户管理', 1, 1, 'user', 'system/user/index', '', '', 1, 0, 'C', '0', '0', 'system:user:list', 'user', 'admin', '2024-10-22 15:18:06', '', NULL, '用户管理菜单');
INSERT INTO `sys_menu` VALUES (101, '角色管理', 1, 2, 'role', 'system/role/index', '', '', 1, 0, 'C', '0', '0', 'system:role:list', 'peoples', 'admin', '2024-10-22 15:18:06', '', NULL, '角色管理菜单');
INSERT INTO `sys_menu` VALUES (102, '菜单管理', 1, 3, 'menu', 'system/menu/index', '', '', 1, 0, 'C', '0', '0', 'system:menu:list', 'tree-table', 'admin', '2024-10-22 15:18:06', '', NULL, '菜单管理菜单');
INSERT INTO `sys_menu` VALUES (103, '部门管理', 1, 4, 'dept', 'system/dept/index', '', '', 1, 0, 'C', '0', '0', 'system:dept:list', 'tree', 'admin', '2024-10-22 15:18:06', '', NULL, '部门管理菜单');
INSERT INTO `sys_menu` VALUES (104, '岗位管理', 1, 5, 'post', 'system/post/index', '', '', 1, 0, 'C', '0', '0', 'system:post:list', 'post', 'admin', '2024-10-22 15:18:06', '', NULL, '岗位管理菜单');
INSERT INTO `sys_menu` VALUES (105, '字典管理', 1, 6, 'dict', 'system/dict/index', '', '', 1, 0, 'C', '0', '0', 'system:dict:list', 'dict', 'admin', '2024-10-22 15:18:06', '', NULL, '字典管理菜单');
INSERT INTO `sys_menu` VALUES (106, '参数设置', 1, 7, 'config', 'system/config/index', '', '', 1, 0, 'C', '0', '0', 'system:config:list', 'edit', 'admin', '2024-10-22 15:18:06', '', NULL, '参数设置菜单');
INSERT INTO `sys_menu` VALUES (107, '发布通知公告', 2043, 8, 'notice', 'system/notice/index', '', '', 1, 0, 'C', '0', '0', 'system:notice:list', 'message', 'admin', '2024-10-22 15:18:06', 'admin', '2024-11-01 14:33:06', '通知公告菜单');
INSERT INTO `sys_menu` VALUES (108, '日志管理', 1, 9, 'log', '', '', '', 1, 0, 'M', '0', '0', '', 'log', 'admin', '2024-10-22 15:18:06', '', NULL, '日志管理菜单');
INSERT INTO `sys_menu` VALUES (109, '在线用户', 2, 1, 'online', 'monitor/online/index', '', '', 1, 0, 'C', '0', '0', 'monitor:online:list', 'online', 'admin', '2024-10-22 15:18:06', '', NULL, '在线用户菜单');
INSERT INTO `sys_menu` VALUES (110, '定时任务', 2, 2, 'job', 'monitor/job/index', '', '', 1, 0, 'C', '0', '0', 'monitor:job:list', 'job', 'admin', '2024-10-22 15:18:06', '', NULL, '定时任务菜单');
INSERT INTO `sys_menu` VALUES (111, '数据监控', 2, 3, 'druid', 'monitor/druid/index', '', '', 1, 0, 'C', '0', '0', 'monitor:druid:list', 'druid', 'admin', '2024-10-22 15:18:06', '', NULL, '数据监控菜单');
INSERT INTO `sys_menu` VALUES (112, '服务监控', 2, 4, 'server', 'monitor/server/index', '', '', 1, 0, 'C', '0', '0', 'monitor:server:list', 'server', 'admin', '2024-10-22 15:18:06', '', NULL, '服务监控菜单');
INSERT INTO `sys_menu` VALUES (113, '缓存监控', 2, 5, 'cache', 'monitor/cache/index', '', '', 1, 0, 'C', '0', '0', 'monitor:cache:list', 'redis', 'admin', '2024-10-22 15:18:06', '', NULL, '缓存监控菜单');
INSERT INTO `sys_menu` VALUES (114, '缓存列表', 2, 6, 'cacheList', 'monitor/cache/list', '', '', 1, 0, 'C', '0', '0', 'monitor:cache:list', 'redis-list', 'admin', '2024-10-22 15:18:06', '', NULL, '缓存列表菜单');
INSERT INTO `sys_menu` VALUES (115, '表单构建', 3, 1, 'build', 'tool/build/index', '', '', 1, 0, 'C', '0', '0', 'tool:build:list', 'build', 'admin', '2024-10-22 15:18:06', '', NULL, '表单构建菜单');
INSERT INTO `sys_menu` VALUES (116, '代码生成', 3, 2, 'gen', 'tool/gen/index', '', '', 1, 0, 'C', '0', '0', 'tool:gen:list', 'code', 'admin', '2024-10-22 15:18:06', '', NULL, '代码生成菜单');
INSERT INTO `sys_menu` VALUES (117, '系统接口', 3, 3, 'swagger', 'tool/swagger/index', '', '', 1, 0, 'C', '0', '0', 'tool:swagger:list', 'swagger', 'admin', '2024-10-22 15:18:06', '', NULL, '系统接口菜单');
INSERT INTO `sys_menu` VALUES (500, '操作日志', 108, 1, 'operlog', 'monitor/operlog/index', '', '', 1, 0, 'C', '0', '0', 'monitor:operlog:list', 'form', 'admin', '2024-10-22 15:18:06', '', NULL, '操作日志菜单');
INSERT INTO `sys_menu` VALUES (501, '登录日志', 108, 2, 'logininfor', 'monitor/logininfor/index', '', '', 1, 0, 'C', '0', '0', 'monitor:logininfor:list', 'logininfor', 'admin', '2024-10-22 15:18:06', '', NULL, '登录日志菜单');
INSERT INTO `sys_menu` VALUES (1000, '用户查询', 100, 1, '', '', '', '', 1, 0, 'F', '0', '0', 'system:user:query', '#', 'admin', '2024-10-22 15:18:06', '', NULL, '');
INSERT INTO `sys_menu` VALUES (1001, '用户新增', 100, 2, '', '', '', '', 1, 0, 'F', '0', '0', 'system:user:add', '#', 'admin', '2024-10-22 15:18:06', '', NULL, '');
INSERT INTO `sys_menu` VALUES (1002, '用户修改', 100, 3, '', '', '', '', 1, 0, 'F', '0', '0', 'system:user:edit', '#', 'admin', '2024-10-22 15:18:06', '', NULL, '');
INSERT INTO `sys_menu` VALUES (1003, '用户删除', 100, 4, '', '', '', '', 1, 0, 'F', '0', '0', 'system:user:remove', '#', 'admin', '2024-10-22 15:18:06', '', NULL, '');
INSERT INTO `sys_menu` VALUES (1004, '用户导出', 100, 5, '', '', '', '', 1, 0, 'F', '0', '0', 'system:user:export', '#', 'admin', '2024-10-22 15:18:06', '', NULL, '');
INSERT INTO `sys_menu` VALUES (1005, '用户导入', 100, 6, '', '', '', '', 1, 0, 'F', '0', '0', 'system:user:import', '#', 'admin', '2024-10-22 15:18:06', '', NULL, '');
INSERT INTO `sys_menu` VALUES (1006, '重置密码', 100, 7, '', '', '', '', 1, 0, 'F', '0', '0', 'system:user:resetPwd', '#', 'admin', '2024-10-22 15:18:06', '', NULL, '');
INSERT INTO `sys_menu` VALUES (1007, '角色查询', 101, 1, '', '', '', '', 1, 0, 'F', '0', '0', 'system:role:query', '#', 'admin', '2024-10-22 15:18:06', '', NULL, '');
INSERT INTO `sys_menu` VALUES (1008, '角色新增', 101, 2, '', '', '', '', 1, 0, 'F', '0', '0', 'system:role:add', '#', 'admin', '2024-10-22 15:18:06', '', NULL, '');
INSERT INTO `sys_menu` VALUES (1009, '角色修改', 101, 3, '', '', '', '', 1, 0, 'F', '0', '0', 'system:role:edit', '#', 'admin', '2024-10-22 15:18:06', '', NULL, '');
INSERT INTO `sys_menu` VALUES (1010, '角色删除', 101, 4, '', '', '', '', 1, 0, 'F', '0', '0', 'system:role:remove', '#', 'admin', '2024-10-22 15:18:06', '', NULL, '');
INSERT INTO `sys_menu` VALUES (1011, '角色导出', 101, 5, '', '', '', '', 1, 0, 'F', '0', '0', 'system:role:export', '#', 'admin', '2024-10-22 15:18:06', '', NULL, '');
INSERT INTO `sys_menu` VALUES (1012, '菜单查询', 102, 1, '', '', '', '', 1, 0, 'F', '0', '0', 'system:menu:query', '#', 'admin', '2024-10-22 15:18:06', '', NULL, '');
INSERT INTO `sys_menu` VALUES (1013, '菜单新增', 102, 2, '', '', '', '', 1, 0, 'F', '0', '0', 'system:menu:add', '#', 'admin', '2024-10-22 15:18:06', '', NULL, '');
INSERT INTO `sys_menu` VALUES (1014, '菜单修改', 102, 3, '', '', '', '', 1, 0, 'F', '0', '0', 'system:menu:edit', '#', 'admin', '2024-10-22 15:18:06', '', NULL, '');
INSERT INTO `sys_menu` VALUES (1015, '菜单删除', 102, 4, '', '', '', '', 1, 0, 'F', '0', '0', 'system:menu:remove', '#', 'admin', '2024-10-22 15:18:06', '', NULL, '');
INSERT INTO `sys_menu` VALUES (1016, '部门查询', 103, 1, '', '', '', '', 1, 0, 'F', '0', '0', 'system:dept:query', '#', 'admin', '2024-10-22 15:18:06', '', NULL, '');
INSERT INTO `sys_menu` VALUES (1017, '部门新增', 103, 2, '', '', '', '', 1, 0, 'F', '0', '0', 'system:dept:add', '#', 'admin', '2024-10-22 15:18:06', '', NULL, '');
INSERT INTO `sys_menu` VALUES (1018, '部门修改', 103, 3, '', '', '', '', 1, 0, 'F', '0', '0', 'system:dept:edit', '#', 'admin', '2024-10-22 15:18:06', '', NULL, '');
INSERT INTO `sys_menu` VALUES (1019, '部门删除', 103, 4, '', '', '', '', 1, 0, 'F', '0', '0', 'system:dept:remove', '#', 'admin', '2024-10-22 15:18:06', '', NULL, '');
INSERT INTO `sys_menu` VALUES (1020, '岗位查询', 104, 1, '', '', '', '', 1, 0, 'F', '0', '0', 'system:post:query', '#', 'admin', '2024-10-22 15:18:06', '', NULL, '');
INSERT INTO `sys_menu` VALUES (1021, '岗位新增', 104, 2, '', '', '', '', 1, 0, 'F', '0', '0', 'system:post:add', '#', 'admin', '2024-10-22 15:18:06', '', NULL, '');
INSERT INTO `sys_menu` VALUES (1022, '岗位修改', 104, 3, '', '', '', '', 1, 0, 'F', '0', '0', 'system:post:edit', '#', 'admin', '2024-10-22 15:18:06', '', NULL, '');
INSERT INTO `sys_menu` VALUES (1023, '岗位删除', 104, 4, '', '', '', '', 1, 0, 'F', '0', '0', 'system:post:remove', '#', 'admin', '2024-10-22 15:18:06', '', NULL, '');
INSERT INTO `sys_menu` VALUES (1024, '岗位导出', 104, 5, '', '', '', '', 1, 0, 'F', '0', '0', 'system:post:export', '#', 'admin', '2024-10-22 15:18:06', '', NULL, '');
INSERT INTO `sys_menu` VALUES (1025, '字典查询', 105, 1, '#', '', '', '', 1, 0, 'F', '0', '0', 'system:dict:query', '#', 'admin', '2024-10-22 15:18:06', '', NULL, '');
INSERT INTO `sys_menu` VALUES (1026, '字典新增', 105, 2, '#', '', '', '', 1, 0, 'F', '0', '0', 'system:dict:add', '#', 'admin', '2024-10-22 15:18:06', '', NULL, '');
INSERT INTO `sys_menu` VALUES (1027, '字典修改', 105, 3, '#', '', '', '', 1, 0, 'F', '0', '0', 'system:dict:edit', '#', 'admin', '2024-10-22 15:18:06', '', NULL, '');
INSERT INTO `sys_menu` VALUES (1028, '字典删除', 105, 4, '#', '', '', '', 1, 0, 'F', '0', '0', 'system:dict:remove', '#', 'admin', '2024-10-22 15:18:06', '', NULL, '');
INSERT INTO `sys_menu` VALUES (1029, '字典导出', 105, 5, '#', '', '', '', 1, 0, 'F', '0', '0', 'system:dict:export', '#', 'admin', '2024-10-22 15:18:06', '', NULL, '');
INSERT INTO `sys_menu` VALUES (1030, '参数查询', 106, 1, '#', '', '', '', 1, 0, 'F', '0', '0', 'system:config:query', '#', 'admin', '2024-10-22 15:18:06', '', NULL, '');
INSERT INTO `sys_menu` VALUES (1031, '参数新增', 106, 2, '#', '', '', '', 1, 0, 'F', '0', '0', 'system:config:add', '#', 'admin', '2024-10-22 15:18:06', '', NULL, '');
INSERT INTO `sys_menu` VALUES (1032, '参数修改', 106, 3, '#', '', '', '', 1, 0, 'F', '0', '0', 'system:config:edit', '#', 'admin', '2024-10-22 15:18:06', '', NULL, '');
INSERT INTO `sys_menu` VALUES (1033, '参数删除', 106, 4, '#', '', '', '', 1, 0, 'F', '0', '0', 'system:config:remove', '#', 'admin', '2024-10-22 15:18:06', '', NULL, '');
INSERT INTO `sys_menu` VALUES (1034, '参数导出', 106, 5, '#', '', '', '', 1, 0, 'F', '0', '0', 'system:config:export', '#', 'admin', '2024-10-22 15:18:06', '', NULL, '');
INSERT INTO `sys_menu` VALUES (1035, '公告查询', 107, 1, '#', '', '', '', 1, 0, 'F', '0', '0', 'system:notice:query', '#', 'admin', '2024-10-22 15:18:06', '', NULL, '');
INSERT INTO `sys_menu` VALUES (1036, '公告新增', 107, 2, '#', '', '', '', 1, 0, 'F', '0', '0', 'system:notice:add', '#', 'admin', '2024-10-22 15:18:06', '', NULL, '');
INSERT INTO `sys_menu` VALUES (1037, '公告修改', 107, 3, '#', '', '', '', 1, 0, 'F', '0', '0', 'system:notice:edit', '#', 'admin', '2024-10-22 15:18:06', '', NULL, '');
INSERT INTO `sys_menu` VALUES (1038, '公告删除', 107, 4, '#', '', '', '', 1, 0, 'F', '0', '0', 'system:notice:remove', '#', 'admin', '2024-10-22 15:18:06', '', NULL, '');
INSERT INTO `sys_menu` VALUES (1039, '操作查询', 500, 1, '#', '', '', '', 1, 0, 'F', '0', '0', 'monitor:operlog:query', '#', 'admin', '2024-10-22 15:18:06', '', NULL, '');
INSERT INTO `sys_menu` VALUES (1040, '操作删除', 500, 2, '#', '', '', '', 1, 0, 'F', '0', '0', 'monitor:operlog:remove', '#', 'admin', '2024-10-22 15:18:06', '', NULL, '');
INSERT INTO `sys_menu` VALUES (1041, '日志导出', 500, 3, '#', '', '', '', 1, 0, 'F', '0', '0', 'monitor:operlog:export', '#', 'admin', '2024-10-22 15:18:06', '', NULL, '');
INSERT INTO `sys_menu` VALUES (1042, '登录查询', 501, 1, '#', '', '', '', 1, 0, 'F', '0', '0', 'monitor:logininfor:query', '#', 'admin', '2024-10-22 15:18:06', '', NULL, '');
INSERT INTO `sys_menu` VALUES (1043, '登录删除', 501, 2, '#', '', '', '', 1, 0, 'F', '0', '0', 'monitor:logininfor:remove', '#', 'admin', '2024-10-22 15:18:06', '', NULL, '');
INSERT INTO `sys_menu` VALUES (1044, '日志导出', 501, 3, '#', '', '', '', 1, 0, 'F', '0', '0', 'monitor:logininfor:export', '#', 'admin', '2024-10-22 15:18:06', '', NULL, '');
INSERT INTO `sys_menu` VALUES (1045, '账户解锁', 501, 4, '#', '', '', '', 1, 0, 'F', '0', '0', 'monitor:logininfor:unlock', '#', 'admin', '2024-10-22 15:18:06', '', NULL, '');
INSERT INTO `sys_menu` VALUES (1046, '在线查询', 109, 1, '#', '', '', '', 1, 0, 'F', '0', '0', 'monitor:online:query', '#', 'admin', '2024-10-22 15:18:06', '', NULL, '');
INSERT INTO `sys_menu` VALUES (1047, '批量强退', 109, 2, '#', '', '', '', 1, 0, 'F', '0', '0', 'monitor:online:batchLogout', '#', 'admin', '2024-10-22 15:18:06', '', NULL, '');
INSERT INTO `sys_menu` VALUES (1048, '单条强退', 109, 3, '#', '', '', '', 1, 0, 'F', '0', '0', 'monitor:online:forceLogout', '#', 'admin', '2024-10-22 15:18:06', '', NULL, '');
INSERT INTO `sys_menu` VALUES (1049, '任务查询', 110, 1, '#', '', '', '', 1, 0, 'F', '0', '0', 'monitor:job:query', '#', 'admin', '2024-10-22 15:18:06', '', NULL, '');
INSERT INTO `sys_menu` VALUES (1050, '任务新增', 110, 2, '#', '', '', '', 1, 0, 'F', '0', '0', 'monitor:job:add', '#', 'admin', '2024-10-22 15:18:06', '', NULL, '');
INSERT INTO `sys_menu` VALUES (1051, '任务修改', 110, 3, '#', '', '', '', 1, 0, 'F', '0', '0', 'monitor:job:edit', '#', 'admin', '2024-10-22 15:18:06', '', NULL, '');
INSERT INTO `sys_menu` VALUES (1052, '任务删除', 110, 4, '#', '', '', '', 1, 0, 'F', '0', '0', 'monitor:job:remove', '#', 'admin', '2024-10-22 15:18:06', '', NULL, '');
INSERT INTO `sys_menu` VALUES (1053, '状态修改', 110, 5, '#', '', '', '', 1, 0, 'F', '0', '0', 'monitor:job:changeStatus', '#', 'admin', '2024-10-22 15:18:06', '', NULL, '');
INSERT INTO `sys_menu` VALUES (1054, '任务导出', 110, 6, '#', '', '', '', 1, 0, 'F', '0', '0', 'monitor:job:export', '#', 'admin', '2024-10-22 15:18:06', '', NULL, '');
INSERT INTO `sys_menu` VALUES (1055, '生成查询', 116, 1, '#', '', '', '', 1, 0, 'F', '0', '0', 'tool:gen:query', '#', 'admin', '2024-10-22 15:18:06', '', NULL, '');
INSERT INTO `sys_menu` VALUES (1056, '生成修改', 116, 2, '#', '', '', '', 1, 0, 'F', '0', '0', 'tool:gen:edit', '#', 'admin', '2024-10-22 15:18:06', '', NULL, '');
INSERT INTO `sys_menu` VALUES (1057, '生成删除', 116, 3, '#', '', '', '', 1, 0, 'F', '0', '0', 'tool:gen:remove', '#', 'admin', '2024-10-22 15:18:06', '', NULL, '');
INSERT INTO `sys_menu` VALUES (1058, '导入代码', 116, 4, '#', '', '', '', 1, 0, 'F', '0', '0', 'tool:gen:import', '#', 'admin', '2024-10-22 15:18:06', '', NULL, '');
INSERT INTO `sys_menu` VALUES (1059, '预览代码', 116, 5, '#', '', '', '', 1, 0, 'F', '0', '0', 'tool:gen:preview', '#', 'admin', '2024-10-22 15:18:06', '', NULL, '');
INSERT INTO `sys_menu` VALUES (1060, '生成代码', 116, 6, '#', '', '', '', 1, 0, 'F', '0', '0', 'tool:gen:code', '#', 'admin', '2024-10-22 15:18:06', '', NULL, '');
INSERT INTO `sys_menu` VALUES (2018, '选课结果', 2036, 2, 'enrollments', 'course/enrollments/index', NULL, '', 1, 0, 'C', '0', '0', 'course:enrollments:list', '#', 'admin', '2024-10-27 17:18:25', 'admin', '2024-10-28 08:48:48', 'course_enrollments菜单');
INSERT INTO `sys_menu` VALUES (2019, 'course_enrollments查询', 2018, 1, '#', '', NULL, '', 1, 0, 'F', '0', '0', 'course:enrollments:query', '#', 'admin', '2024-10-27 17:18:25', '', NULL, '');
INSERT INTO `sys_menu` VALUES (2020, 'course_enrollments新增', 2018, 2, '#', '', NULL, '', 1, 0, 'F', '0', '0', 'course:enrollments:add', '#', 'admin', '2024-10-27 17:18:25', '', NULL, '');
INSERT INTO `sys_menu` VALUES (2021, 'course_enrollments修改', 2018, 3, '#', '', NULL, '', 1, 0, 'F', '0', '0', 'course:enrollments:edit', '#', 'admin', '2024-10-27 17:18:25', '', NULL, '');
INSERT INTO `sys_menu` VALUES (2022, 'course_enrollments删除', 2018, 4, '#', '', NULL, '', 1, 0, 'F', '0', '0', 'course:enrollments:remove', '#', 'admin', '2024-10-27 17:18:25', '', NULL, '');
INSERT INTO `sys_menu` VALUES (2023, 'course_enrollments导出', 2018, 5, '#', '', NULL, '', 1, 0, 'F', '0', '0', 'course:enrollments:export', '#', 'admin', '2024-10-27 17:18:25', '', NULL, '');
INSERT INTO `sys_menu` VALUES (2024, '选课', 2036, 1, 'course', 'course/course/index', NULL, '', 1, 0, 'C', '0', '0', 'course:course:list', '#', 'admin', '2024-10-27 17:18:30', 'admin', '2024-10-28 08:43:09', 'course菜单');
INSERT INTO `sys_menu` VALUES (2025, 'course查询', 2024, 1, '#', '', NULL, '', 1, 0, 'F', '0', '0', 'course:course:query', '#', 'admin', '2024-10-27 17:18:30', '', NULL, '');
INSERT INTO `sys_menu` VALUES (2026, 'course新增', 2024, 2, '#', '', NULL, '', 1, 0, 'F', '0', '0', 'course:course:add', '#', 'admin', '2024-10-27 17:18:30', '', NULL, '');
INSERT INTO `sys_menu` VALUES (2027, 'course修改', 2024, 3, '#', '', NULL, '', 1, 0, 'F', '0', '0', 'course:course:edit', '#', 'admin', '2024-10-27 17:18:30', '', NULL, '');
INSERT INTO `sys_menu` VALUES (2028, 'course删除', 2024, 4, '#', '', NULL, '', 1, 0, 'F', '0', '0', 'course:course:remove', '#', 'admin', '2024-10-27 17:18:30', '', NULL, '');
INSERT INTO `sys_menu` VALUES (2029, 'course导出', 2024, 5, '#', '', NULL, '', 1, 0, 'F', '0', '0', 'course:course:export', '#', 'admin', '2024-10-27 17:18:30', '', NULL, '');
INSERT INTO `sys_menu` VALUES (2030, '课程章节', 2037, 1, 'chapters', 'course/chapters/index', NULL, '', 1, 0, 'C', '0', '0', 'course:chapters:list', '#', 'admin', '2024-10-27 17:18:34', 'admin', '2024-10-28 09:11:43', 'course_chapters菜单');
INSERT INTO `sys_menu` VALUES (2031, 'course_chapters查询', 2030, 1, '#', '', NULL, '', 1, 0, 'F', '0', '0', 'course:chapters:query', '#', 'admin', '2024-10-27 17:18:34', '', NULL, '');
INSERT INTO `sys_menu` VALUES (2032, 'course_chapters新增', 2030, 2, '#', '', NULL, '', 1, 0, 'F', '0', '0', 'course:chapters:add', '#', 'admin', '2024-10-27 17:18:34', '', NULL, '');
INSERT INTO `sys_menu` VALUES (2033, 'course_chapters修改', 2030, 3, '#', '', NULL, '', 1, 0, 'F', '0', '0', 'course:chapters:edit', '#', 'admin', '2024-10-27 17:18:34', '', NULL, '');
INSERT INTO `sys_menu` VALUES (2034, 'course_chapters删除', 2030, 4, '#', '', NULL, '', 1, 0, 'F', '0', '0', 'course:chapters:remove', '#', 'admin', '2024-10-27 17:18:34', '', NULL, '');
INSERT INTO `sys_menu` VALUES (2035, 'course_chapters导出', 2030, 5, '#', '', NULL, '', 1, 0, 'F', '0', '0', 'course:chapters:export', '#', 'admin', '2024-10-27 17:18:34', '', NULL, '');
INSERT INTO `sys_menu` VALUES (2036, '选课管理', 0, 3, 'course', NULL, NULL, '', 1, 0, 'M', '0', '0', '', 'course', 'admin', '2024-10-28 08:42:34', 'admin', '2024-10-31 23:16:55', '');
INSERT INTO `sys_menu` VALUES (2037, '课程管理', 0, 4, 'courseMan', NULL, NULL, '', 1, 0, 'M', '0', '0', '', 'course', 'admin', '2024-10-28 09:11:30', 'admin', '2024-10-31 23:16:29', '');
INSERT INTO `sys_menu` VALUES (2038, '全部课程', 2037, 3, 'allcourse', 'course/course/allcourse', NULL, '', 1, 0, 'C', '0', '0', 'course:course:list', '#', 'admin', '2024-10-28 09:15:12', 'admin', '2024-10-28 09:15:45', '');
INSERT INTO `sys_menu` VALUES (2039, '在线学习', 0, 5, 'study', NULL, NULL, '', 1, 0, 'M', '0', '0', '', 'study', 'admin', '2024-10-28 10:22:05', 'admin', '2024-10-31 23:16:04', '');
INSERT INTO `sys_menu` VALUES (2040, '我的选课', 2039, 1, 'details', 'course/course/details', NULL, '', 1, 0, 'C', '0', '0', '', '#', 'admin', '2024-10-28 10:22:40', 'admin', '2024-10-28 16:54:20', '');
INSERT INTO `sys_menu` VALUES (2041, '课程详情', 2039, 1, 'show', 'course/course/show', NULL, '', 1, 0, 'C', '0', '0', '', '#', 'admin', '2024-10-28 15:19:09', 'admin', '2024-10-28 16:54:16', '');
INSERT INTO `sys_menu` VALUES (2042, '视频学习', 2039, 3, 'learn', 'course/course/learn', NULL, '', 1, 0, 'C', '0', '0', '', '#', 'admin', '2024-10-28 22:03:08', 'admin', '2024-10-28 22:05:04', '');
INSERT INTO `sys_menu` VALUES (2043, '通知公告', 0, 6, 'noticeS', NULL, NULL, '', 1, 0, 'M', '0', '0', '', 'notice', 'admin', '2024-10-31 16:47:07', 'admin', '2024-10-31 23:16:34', '');
INSERT INTO `sys_menu` VALUES (2044, '通知公告', 2043, 1, 'userNotice', 'notice/noticeS', NULL, '', 1, 0, 'C', '0', '0', '', 'notice', 'admin', '2024-10-31 16:47:49', 'admin', '2024-11-01 10:49:30', '');
INSERT INTO `sys_menu` VALUES (2045, '个人中心', 0, 7, 'user/profile', 'system/user/profile/index', NULL, '', 1, 0, 'C', '0', '0', '', 'people', 'admin', '2024-10-31 23:07:23', 'admin', '2024-10-31 23:16:37', '');

-- ----------------------------
-- Table structure for sys_notice
-- ----------------------------
DROP TABLE IF EXISTS `sys_notice`;
CREATE TABLE `sys_notice`  (
  `notice_id` int NOT NULL AUTO_INCREMENT COMMENT '公告ID',
  `notice_title` varchar(50) CHARACTER SET utf8mb4 COLLATE utf8mb4_0900_ai_ci NOT NULL COMMENT '公告标题',
  `notice_type` char(1) CHARACTER SET utf8mb4 COLLATE utf8mb4_0900_ai_ci NOT NULL COMMENT '公告类型（1通知 2公告）',
  `notice_content` longblob NULL COMMENT '公告内容',
  `status` char(1) CHARACTER SET utf8mb4 COLLATE utf8mb4_0900_ai_ci NULL DEFAULT '0' COMMENT '公告状态（0正常 1关闭）',
  `create_by` varchar(64) CHARACTER SET utf8mb4 COLLATE utf8mb4_0900_ai_ci NULL DEFAULT '' COMMENT '创建者',
  `create_time` datetime NULL DEFAULT NULL ON UPDATE CURRENT_TIMESTAMP COMMENT '创建时间',
  `update_by` varchar(64) CHARACTER SET utf8mb4 COLLATE utf8mb4_0900_ai_ci NULL DEFAULT '' COMMENT '更新者',
  `update_time` datetime NULL DEFAULT NULL ON UPDATE CURRENT_TIMESTAMP COMMENT '更新时间',
  `remark` varchar(255) CHARACTER SET utf8mb4 COLLATE utf8mb4_0900_ai_ci NULL DEFAULT NULL COMMENT '备注',
  `notice_user_type` varchar(4) CHARACTER SET utf8mb4 COLLATE utf8mb4_0900_ai_ci NULL DEFAULT NULL COMMENT '通知人--用户类型',
  `notice_courseId` int NULL DEFAULT NULL COMMENT '通知人--课程id',
  PRIMARY KEY (`notice_id`) USING BTREE
) ENGINE = InnoDB AUTO_INCREMENT = 33 CHARACTER SET = utf8mb4 COLLATE = utf8mb4_0900_ai_ci COMMENT = '通知公告表' ROW_FORMAT = DYNAMIC;

-- ----------------------------
-- Records of sys_notice
-- ----------------------------
INSERT INTO `sys_notice` VALUES (1, '河北地质大学2024年选聘工作人员公告', '2', 0x3C683120636C6173733D22716C2D616C69676E2D6A757374696679223E093C7370616E20636C6173733D22716C2D73697A652D68756765223EE6A0B9E68DAEE79C81E5A794E7BB84E7BB87E983A8E38081E79C81E4BABAE58A9BE8B584E6BA90E5928CE7A4BEE4BC9AE4BF9DE99A9CE58E853C2F7370616E3E3C7374726F6E6720636C6173733D22716C2D73697A652D6C61726765223EE3808AE6B2B3E58C97E79C81E4BA8BE4B89AE58D95E4BD8DE585ACE5BC80E68B9BE88198E5B7A5E4BD9CE4BABAE59198E69A82E8A18CE58A9EE6B395E3808B3C2F7374726F6E673E3C7370616E20636C6173733D22716C2D73697A652D6C61726765223EEFBC88E58680E4BABAE7A4BEE58F91E3809432303131E3809539E58FB7EFBC89E69687E4BBB6E7B2BEE7A59EEFBC8CE7BB93E59088E68891E6A0A132303234E5B9B4E68B9BE88198E5B7A5E4BD9CE4BABAE59198E8AEA1E58892E5928CE5B297E4BD8DE7A9BAE7BCBAE68385E586B5E38081E5B7A5E4BD9CE99C80E8A681EFBC8CE68B9FE98787E58F96E98089E88198E696B9E5BC8FE68B9BE88198E5B7A5E4BD9CE4BABAE59198313435E5908DEFBC8CE588B6E5AE9AE98089E88198E585ACE5918AE5A682E4B88BEFBC9A3C2F7370616E3E3C2F68313E3C683320636C6173733D22716C2D616C69676E2D6A757374696679223E3C7370616E20636C6173733D22716C2D73697A652D6C61726765223E09E4B880E38081E68B9BE88198E58D95E4BD8DE59FBAE69CACE68385E586B53C2F7370616E3E3C2F68333E3C7020636C6173733D22716C2D616C69676E2D6A757374696679223E09E6B2B3E58C97E59CB0E8B4A8E5A4A7E5ADA6EFBC88E58E9FE79FB3E5AEB6E5BA84E7BB8FE6B58EE5ADA6E999A2EFBC89E5889BE5BBBAE4BA8E31393533E5B9B4EFBC8CE698AFE58E9FE59CB0E8B4A8E983A8E79BB4E5B19EE4BA94E5A4A7E999A2E6A0A1E4B98BE4B880EFBC8CE698AFE887AAE784B6E8B584E6BA90E983A8E38081E6B2B3E58C97E79C81E4BABAE6B091E694BFE5BA9CE585B1E5BBBAE5A4A7E5ADA6EFBC8CE79C81E5B19EE9878DE782B9E9AAA8E5B9B2E5A4A7E5ADA6EFBC8CE6B2B3E58C97E79C81E9878DE782B9E694AFE68C81E79A84E59BBDE58685E4B880E6B581E5A4A7E5ADA6E5BBBAE8AEBEE9AB98E6A0A1EFBC8CE58D9AE5A3ABE5ADA6E4BD8DE68E88E69D83E7AB8BE9A1B9E5BBBAE8AEBEE58D95E4BD8DEFBC8CE59CB0E8B4A8E5ADA6E5AEB6E38081E4B8ADE59BBDE7A791E5ADA6E999A2E999A2E5A3ABE69D8EE5BBB7E6A08BE4BBBBE5ADA6E6A0A1E5908DE8AA89E6A0A1E995BFE38082E5ADA6E6A0A1E7A789E689BFE2809CE8BEBEE8A782E58D9AE789A9E2809DE79A84E6A0A1E8AEADEFBC8CE5BC98E689ACE2809CE4BBB0E5B1B1E68595E6B0B4E2809DE69687E58C96EFBC8CE58E86E7BB8FE8BF913730E5A49AE5B9B4E79A84E58A9EE5ADA6E58E86E7A88BEFBC8CE5ADA6E6A0A1E98090E6ADA5E5BDA2E68890E4BA86E2809CE8B584E6BA90E78EAFE5A2832BE2809DE5A49AE5ADA6E7A791E58D8FE5908CE58F91E5B195E5928CE6B7B1E5BAA6E4BAA4E58F89E89E8DE59088E38081E59CB0E7BB8FE6B897E9808FE38081E4BAA7E69599E89E8DE59088E79A84E58A9EE5ADA6E789B9E889B2E380823C2F703E3C7020636C6173733D22716C2D616C69676E2D6A757374696679223E09E5ADA6E6A0A1E68BA5E69C893C7374726F6E673EE79086E5ADA6E38081E5B7A5E5ADA6E38081E7AEA1E79086E5ADA6E38081E7BB8FE6B58EE5ADA6E38081E6B395E5ADA6E38081E69687E5ADA6E38081E889BAE69CAFE5ADA6E38081E69599E882B2E5ADA63C2F7374726F6E673E38E5A4A7E5ADA6E7A791E997A8E7B1BBEFBC8C3730E4B8AAE69CACE7A791E4B893E4B89AE38082E3808AE6B2B3E58C97E79C81E4B880E6B581E5A4A7E5ADA6E5928CE4B880E6B581E5ADA6E7A791E5BBBAE8AEBEE68EA8E8BF9BE696B9E6A188EFBC88323032312D32303235E5B9B4EFBC89E3808BE4B8ADEFBC8CE5ADA6E6A0A1E8A2ABE7BAB3E585A5E6B2B3E58C97E79C81E5BBBAE8AEBEE59BBDE58685E4B880E6B581E5A4A7E5ADA6E5BA8FE58897EFBC8CE2809CE59CB0E8B4A8E5ADA6E2809DE2809CE59CB0E8B4A8E8B584E6BA90E4B88EE59CB0E8B4A8E5B7A5E7A88BE2809DE2809CE5B7A5E59586E7AEA1E79086E2809DE8A2ABE7BAB3E585A5E4B880E6B581E5ADA6E7A791E5BBBAE8AEBEE88C83E59BB4EFBC8CE68BA5E69C8939E4B8AAE79C81E7BAA7E9878DE782B9E5ADA6E7A791E5928CE9878DE782B9E58F91E5B195E5ADA6E7A791E38082E59CA8E69599E882B2E983A8E4B880E6B581E69CACE7A791E4B893E4B89AE5BBBAE8AEBEE2809CE58F8CE4B887E8AEA1E58892E2809DE4B8ADEFBC8CE59CB0E8B4A8E5ADA6E7AD8939E4B8AAE4B893E4B89AE585A5E98089E4BA86E59BBDE5AEB6E7BAA7E4B880E6B581E69CACE7A791E4B893E4B89AE5BBBAE8AEBEE782B9EFBC8CE58B98E69FA5E68A80E69CAFE4B88EE5B7A5E7A88BE7AD893136E4B8AAE4B893E4B89AE585A5E98089E79C81E7BAA7E4B880E6B581E69CACE7A791E4B893E4B89AE5BBBAE8AEBEE782B9E38082E5ADA6E6A0A1E99DA2E59091E585A8E59BBD3331E4B8AAE79C81E38081E79BB4E8BE96E5B882E38081E887AAE6B2BBE58CBAE68B9BE7949FEFBC8CE585A8E697A5E588B6E59CA8E6A0A1E7949FE7BAA63138303030E4BABAE380823C2F703E3C7020636C6173733D22716C2D616C69676E2D6A757374696679223E09E5ADA6E6A0A1E78EB0E69C89E4B893E4BBBBE69599E5B888393839E4BABAEFBC8CE585B6E4B8AD34372E3125E585B7E69C89E9AB98E7BAA7E4B893E4B89AE68A80E69CAFE8818CE58AA1EFBC8C35322E3025E585B7E69C89E58D9AE5A3ABE5ADA6E4BD8DE38082E4BB96E4BBACE5BD93E4B8ADE69C89E59BBDE58AA1E999A2E694BFE5BA9CE789B9E6AE8AE6B4A5E8B4B4E4B893E5AEB6E38081E79C81E7AEA1E4BC98E7A780E4B893E5AEB6E38081E79C81E69C89E7AA81E587BAE8B4A1E78CAEE79A84E4B8ADE99D92E5B9B4E4B893E5AEB6E38081E79C81E7A4BEE4BC9AE7A791E5ADA6E4BC98E7A780E99D92E5B9B4E4B893E5AEB6E38081E79C81E99D92E5B9B4E68B94E5B096E4BABAE6898DE38081E79C81E2809CE4B889E4B889E4B889E4BABAE6898DE5B7A5E7A88BE2809DE38081E79C81E7BAA7E69599E5ADA6E5908DE5B888E7AD893638E4BABAE38082E8BF91E5B9B4E69DA5EFBC8CE5ADA6E6A0A1E585A8E8818CE5BC95E8BF9BE69D8EE59B9BE58589E59CB0E8B4A8E7A791E5ADA6E5A596E88EB7E5BE97E88085E5AE8BE6988EE698A5E69599E68E88EFBC8CE69F94E680A7E5BC95E8BF9BE4B8ADE59BBDE7A791E5ADA6E999A2E999A2E5A3ABE69D8EE5BBB7E6A08BE38081E58898E59889E9BA92EFBC8CE5BEB7E59BBDE6B4AAE5A0A1E5ADA6E88085E38081E2809CE59BBDE5AEB6E69DB0E99D92E2809DE88EB7E5BE97E88085E5ADA3E5BCBAE7AD89E4B880E689B9E69DB0E587BAE4BABAE6898DE38082E5B09AE59BBDE790B2E585ACE585B1E7AEA1E79086E69599E5B888E59BA2E9989FE38081E69D8EE88BB1E69DB0E59CB0E8B4A8E5ADA6E69599E5B888E59BA2E9989FE58886E588ABE585A5E98089E9A696E689B9E5928CE7ACACE4BA8CE689B9E585A8E59BBDE9AB98E6A0A1E9BB84E5A4A7E5B9B4E5BC8FE69599E5B888E59BA2E9989FE38082E4BA8EE5BC80E5AE81E6B0B4E8B584E6BA90E4B88EE78EAFE5A283E69599E5B888E59BA2E9989FE38081E8A281E9A296E59CB0E8B4A8E8B584E6BA90E4B88EE998B2E781BEE5878FE781BEE69599E5B888E59BA2E9989FE58886E588ABE585A5E98089E9A696E689B9E2809CE6B2B3E58C97E79C81E9AB98E6A0A1E9BB84E5A4A7E5B9B4E5BC8FE69599E5B888E59BA2E9989FE2809DE380823C2F703E3C7020636C6173733D22716C2D616C69676E2D6A757374696679223E09E4BA8CE38081E68B9BE88198E58E9FE588993C2F703E3C7020636C6173733D22716C2D616C69676E2D6A757374696679223E09E59D9AE68C81E5BEB7E6898DE585BCE5A487EFBC8CE8B4AFE5BDBBE585ACE5BC80E38081E7AB9EE4BA89E38081E5B9B3E7AD89E38081E68BA9E4BC98E79A84E58E9FE58899EFBC8CE59CA8E6B58BE8AF84E38081E88083E6A0B8E79A84E59FBAE7A180E4B88AE68BA9E4BC98E88198E794A8E380823C2F703E3C7020636C6173733D22716C2D616C69676E2D6A757374696679223E09E4B889E38081E98089E88198E69DA1E4BBB6E38081E5B297E4BD8DE38081E4BABAE695B03C2F703E3C7020636C6173733D22716C2D616C69676E2D6A757374696679223E0928E4B88029E5BA94E88198E4BABAE59198E5BA94E585B7E5A487E4BBA5E4B88BE59FBAE69CACE69DA1E4BBB63C2F703E3C7020636C6173733D22716C2D616C69676E2D6A757374696679223E09312EE585B7E69C89E4B8ADE58D8EE4BABAE6B091E585B1E5928CE59BBDE59BBDE7B18DEFBC9B3C2F703E3C7020636C6173733D22716C2D616C69676E2D6A757374696679223E09322EE981B5E5AE88E5AEAAE6B395E5928CE6B395E5BE8BEFBC9B3C2F703E3C7020636C6173733D22716C2D616C69676E2D6A757374696679223E09332EE585B7E69C89E889AFE5A5BDE79A84E59381E8A18CEFBC9B3C2F703E3C7020636C6173733D22716C2D616C69676E2D6A757374696679223E09342EE585B7E69C89E4B88EE68B9BE88198E5B297E4BD8DE8A681E6B182E79BB8E98082E5BA94E79A84E5B9B4E9BE84E38081E5ADA6E58E86E5ADA6E4BD8DE38081E4B893E4B89AE68896E68A80E883BDE69DA1E4BBB6EFBC9B3C2F703E3C7020636C6173733D22716C2D616C69676E2D6A757374696679223E09352EE98082E5BA94E5B297E4BD8DE8A681E6B182E79A84E8BAABE4BD93E69DA1E4BBB6EFBC9B3C2F703E3C7020636C6173733D22716C2D616C69676E2D6A757374696679223E09362EE5BA94E88198E8BE85E5AFBCE59198E5B297E4BD8DE5BF85E9A1BBE698AFE4B8ADE585B1E5859AE59198EFBC9B3C2F703E3C7020636C6173733D22716C2D616C69676E2D6A757374696679223E09372EE585B7E5A487E5B297E4BD8DE68980E99C80E8A681E79A84E585B6E4BB96E69DA1E4BBB6E380823C2F703E3C7020636C6173733D22716C2D616C69676E2D6A757374696679223E0928E4BA8C29E98089E88198E4BABAE695B0E5928CE5B297E4BD8DE69DA1E4BBB6E4BBA5E58F8AE4BABAE59198E58886E7B1BBE68385E586B53C2F703E3C7020636C6173733D22716C2D616C69676E2D6A757374696679223E09312EE98089E88198E4BABAE695B0E5928CE5B297E4BD8DE69DA1E4BBB63C2F703E3C7020636C6173733D22716C2D616C69676E2D6A757374696679223E0932303234E5B9B4E6B2B3E58C97E59CB0E8B4A8E5A4A7E5ADA6E68B9FE98089E88198E58D9AE5A3ABE7A094E7A9B6E7949FE5B7A5E4BD9CE4BABAE59198313435E5908DE38082E585B7E4BD93E8A681E6B182E8AFA6E8A781E3808AE6B2B3E58C97E59CB0E8B4A8E5A4A7E5ADA632303234E5B9B4E98089E88198E5B7A5E4BD9CE4BABAE59198E5B297E4BD8DE69DA1E4BBB6E8A1A8E3808B28E99984E4BBB629E38082E585B6E4B8ADE4B893E4B89AE58F82E88083E69599E882B2E983A8E3808AE68E88E4BA88E58D9AE5A3ABE38081E7A195E5A3ABE5ADA6E4BD8DE5928CE59FB9E585BBE7A094E7A9B6E7949FE79A84E5ADA6E7A791E38081E4B893E4B89AE79BAEE5BD95E3808BE8AEBEE7BDAEE38082E5AFB9E4BA8EE58F96E5BE97E6B5B7E5A496E999A2E6A0A1E5ADA6E58E86E5ADA6E4BD8DE68896E6AF95E4B89AE4BA8EE59BBDE58685E999A2E6A0A1E887AAE8AEBEE5ADA6E7A791E79A84E5BA94E88198E4BABAE59198EFBC8CE5A682E4B893E4B89AE5908DE7A7B0E4B88EE5B297E4BD8DE8A681E6B182E4B893E4B89AE5908DE7A7B0E4B88DE5AE8CE585A8E4B880E887B4EFBC8CE58FAFE794B1E794A8E4BABAE58D95E4BD8DE6A0B9E68DAEE5BA94E88198E4BABAE59198E59CA8E6A0A1E69C9FE997B4E68980E5ADA6E8AFBEE7A88BE38081E7A094E7A9B6E9A286E59F9FE58F8AE6AF95E4B89AE999A2E6A0A1E5BC80E585B7E79A84E5ADA6E7A791E4B893E4B89AE8AF81E6988EE7AD89E69D90E69699E8BF9BE8A18CE7BBBCE59088E8AEA4E5AE9AEFBC8CE68F90E587BAE8B584E6A0BCE5AEA1E69FA5E7BB93E8AEBAE380823C2F703E3C7020636C6173733D22716C2D616C69676E2D6A757374696679223E09E7ACA6E59088E68B9BE88198E69DA1E4BBB6E79A84E6B8AFE6BEB3E58FB0E5B185E6B091EFBC8CE59D87E58FAFE68AA5E5908DE5BA94E88198E79BB8E5BA94E5B297E4BD8DEFBC8CE99C80E58F96E5BE97E7A596E59BBDE5A4A7E99986E689BFE8AEA4E79A84E5ADA6E58E86E38082E585B6E4B8ADE68B9BE88198E8AEA1E58892313025E79A84E5B297E4BD8DE794A8E4BA8EE5AE9AE59091E68B9BE88198E5869CE69D91E69599E5B888E789B9E5B297E8AEA1E58892E38081E2809CE4B889E694AFE4B880E689B6E2809DE8AEA1E58892E38081E5BF97E684BFE69C8DE58AA1E8A5BFE983A8E8AEA1E58892E7AD89E9A1B9E79BAEE69C8DE58AA1E69C9FE6BBA1E4BABAE59198E380823C2F703E3C7020636C6173733D22716C2D616C69676E2D6A757374696679223E09E78EB0E5BDB9E5869BE4BABAE38081E8AF95E794A8E69C9FE58685E79A84E585ACE58AA1E59198E5928CE8AF95E794A8E69C9FE58685E79A84E4BA8BE4B89AE58D95E4BD8DE5B7A5E4BD9CE4BABAE59198E38081E69CAAE6BBA1E69C80E4BD8EE69C8DE58AA1E5B9B4E99990E68896E69CAAE6BBA1E7BAA6E5AE9AE69C80E4BD8EE69C8DE58AA1E69C9FE99990E79A84E4BABAE59198E38081E59CA8E8AFBBE79A84E99D9EE5BA94E5B18AE6AF95E4B89AE7949F2CE4B88DE59CA8E68B9BE88198E88C83E59BB4E380823C2F703E3C7020636C6173733D22716C2D616C69676E2D6A757374696679223E09E69BBEE59BA0E78AAFE7BDAAE58F97E8BF87E58891E4BA8BE5A484E7BD9AE5928CE8A2ABE5BC80E999A4E585ACE8818CE79A84E4BABAE59198E38081E5A4B1E4BFA1E8A2ABE689A7E8A18CE4BABAEFBC8CE4BBA5E58F8AE6B395E5BE8BE6B395E8A784E8A784E5AE9AE4B88DE5BE97E68B9BE88198E4B8BAE4BA8BE4B89AE58D95E4BD8DE5B7A5E4BD9CE4BABAE59198E79A84E585B6E4BB96E68385E5BDA2E4BABAE59198EFBC8CE4B88DE5BE97E68AA5E5908DE38082E6ADA4E5A496EFBC8CE5BA94E88198E4BABAE59198E4B88DE5BE97E68AA5E5908DE69E84E68890E59B9EE981BFE585B3E7B3BBE79A84E68B9BE88198E5B297E4BD8DE380823C2F703E3C7020636C6173733D22716C2D616C69676E2D6A757374696679223E09E59B9EE981BFE585B3E7B3BBE698AFE68C87E3808AE6B2B3E58C97E79C81E4BA8BE4B89AE58D95E4BD8DE585ACE5BC80E68B9BE88198E5B7A5E4BD9CE4BABAE59198E69A82E8A18CE58A9EE6B395E3808BE7ACACE59B9BE58D81E4B880E69DA1E585B3E4BA8EE2809CE587A1E4B88EE88198E794A8E58D95E4BD8DE8B49FE8B4A3E4BABAE59198E69C89E5A4ABE5A6BBE585B3E7B3BBE38081E79BB4E7B3BBE8A180E4BAB2E585B3E7B3BBE38081E4B889E4BBA3E4BBA5E58685E69781E7B3BBE8A180E4BAB2E68896E88085E8BF91E5A7BBE4BAB2E585B3E7B3BBE79A84E5BA94E88198E4BABAE59198EFBC8CE4B88DE5BE97E5BA94E88198E8AFA5E58D95E4BD8DE8B49FE8B4A3E4BABAE59198E79A84E7A798E4B9A6E68896E88085E4BABAE4BA8BE38081E8B4A2E58AA1E38081E7BAAAE5BE8BE6A380E69FA5E5B297E4BD8DEFBC8CE4BBA5E58F8AE69C89E79BB4E68EA5E4B88AE4B88BE7BAA7E9A286E5AFBCE585B3E7B3BBE79A84E5B297E4BD8DE38082E88198E794A8E58D95E4BD8DE8B49FE8B4A3E4BABAE59198E5928CE68B9BE88198E5B7A5E4BD9CE4BABAE59198E59CA8E58A9EE79086E4BABAE59198E88198E794A8E4BA8BE9A1B9E697B6EFBC8CE6B689E58F8AE4B88EE69CACE4BABAE69C89E4B88AE8BFB0E4BAB2E5B19EE585B3E7B3BBE68896E88085E585B6E4BB96E58FAFE883BDE5BDB1E5938DE68B9BE88198E585ACE6ADA3E79A84EFBC8CE4B99FE5BA94E5BD93E59B9EE981BFE2809DE79A84E8A784E5AE9AE380823C2F703E3C7020636C6173733D22716C2D616C69676E2D6A757374696679223E09322EE98089E88198E58D9AE5A3ABE4BABAE59198E58886E7B1BBE58F8AE5B9B4E9BE84E8A681E6B182E5A682E4B88BEFBC9A3C2F703E3C7020636C6173733D22716C2D616C69676E2D6A757374696679223E09EFBC8831EFBC89E9A286E5869BE4BABAE6898DEFBC9AE5B9B4E9BE84E58E9FE58899E4B88AE59CA83630E591A8E5B281E58F8AE4BBA5E4B88BE38082E585B7E69C89E6898EE5AE9EE79A84E4B893E4B89AE79FA5E8AF86E5928CE5AEBDE5B9BFE79A84E5ADA6E69CAFE8A786E9878EEFBC8CE5ADA6E69CAFE980A0E8AFA3E6B7B1E58E9AEFBC8CE59CA8E59BBDE58685E5A496E4BAABE69C89E8BE83E9AB98E5ADA6E69CAFE5A3B0E8AA89EFBC8CE5ADA6E69CAFE6809DE683B3E4B88EE8A782E782B9E5AFB9E69CACE5ADA6E7A791E4BBA5E58F8AE79BB8E585B3E9A286E59F9FE58F91E5B195E69C89E8BE83E5A4A7E5BDB1E5938DEFBC8CE58F96E5BE97E8BF87E585ACE8AEA4E79A84E69C89E9878DE5A4A7E5889BE696B0E68896E9878DE5A4A7E4BBB7E580BCE79A84E69599E5ADA6E68896E7A791E7A094E68890E69E9CE380823C2F703E3C7020636C6173733D22716C2D616C69676E2D6A757374696679223E09EFBC8832EFBC89E5ADA6E69CAFE5B8A6E5A4B4E4BABAEFBC9AE5B9B4E9BE84E58E9FE58899E4B88AE59CA83530E591A8E5B281E58F8AE4BBA5E4B88BE38082E585B7E69C89E6898EE5AE9EE79A84E4B893E4B89AE79FA5E8AF86E5928CE5AEBDE5B9BFE79A84E5ADA6E69CAFE8A786E9878EEFBC8CE585B7E69C89E8BE83E5BCBAE79A84E7A791E7A094E883BDE58A9BE5928CE59BA2E9989FE58D8FE4BD9CE883BDE58A9BEFBC8CE7869FE68289E5B9B6E68E8CE68FA1E69CACE5ADA6E7A791E59BBDE99985E59BBDE58685E5898DE6B2BFE79A84E7A094E7A9B6E78AB6E586B5E5928CE7A094E7A9B6E696B9E6B395EFBC8CE59CA8E69CACE5ADA6E7A791E9A286E59F9FE58F96E5BE97E585ACE8AEA4E79A84E58E9FE5889BE680A7E5ADA6E69CAFE7A094E7A9B6E68890E69E9CEFBC8CE585B7E69C89E8BE83E5A5BDE79A84E5ADA6E69CAFE58F91E5B195E59FBAE7A180E5928CE68890E995BFE6BD9CE58A9BE4B894E4BABAE6898DE59FB9E585BBE58D93E69C89E68890E69588EFBC8CE5BC95E9A286E79BB8E585B3E5ADA6E7A791E8BEBEE588B0E59BBDE58685E58588E8BF9BE6B0B4E5B9B3E380823C2F703E3C7020636C6173733D22716C2D616C69676E2D6A757374696679223E09EFBC8833EFBC89E5ADA6E69CAFE9AAA8E5B9B2EFBC9AE5B9B4E9BE84E58E9FE58899E4B88AE59CA83435E591A8E5B281E58F8AE4BBA5E4B88BE38082E4B893E4B89AE883BDE58A9BE7AA81E587BAEFBC8CE7869FE68289E5B9B6E68E8CE68FA1E69CACE5ADA6E7A791E59BBDE99985E59BBDE58685E5898DE6B2BFE79A84E7A094E7A9B6E78AB6E586B5E5928CE7A094E7A9B6E696B9E6B395EFBC8CE59CA8E69CACE5ADA6E7A791E9A286E59F9FE585B7E69C89E4B880E5AE9AE79A84E5BDB1E5938DE58A9BEFBC8CE69C89E8BE83E5BCBAE79A84E7A094E7A9B6E5889BE696B0E883BDE58A9BE38081E6B0B4E5B9B3E5928CE58F91E5B195E6BD9CE58A9BEFBC8CE4B89AE7BBA9E68890E69E9CE7AA81E587BAE380823C2F703E3C7020636C6173733D22716C2D616C69676E2D6A757374696679223E09EFBC8834EFBC89E4BC98E7A780E58D9AE5A3ABEFBC9AE4B893E4B89AE883BDE58A9BE7AA81E587BAEFBC8CE7869FE68289E5B9B6E68E8CE68FA1E69CACE5ADA6E7A791E59BBDE99985E59BBDE58685E5898DE6B2BFE79A84E7A094E7A9B6E78AB6E586B5E5928CE7A094E7A9B6E696B9E6B395EFBC8CE69C89E4B880E5AE9AE79A84E69599E5ADA6E38081E7A791E7A094E38081E7AEA1E79086E883BDE58A9BEFBC8CE5ADA6E69CAFE7A791E7A094E4B89AE7BBA9E8BE83E4BC98E7A780EFBC8CE585B7E69C89E4B880E5AE9AE79A84E58F91E5B195E6BD9CE58A9BEFBC8CE5B9B4E9BE84E58E9FE58899E4B88AE59CA83335E591A8E5B281E58F8AE4BBA5E4B88BE38082EFBC88E9878DE782B9E5BBBAE8AEBEE59E8BE5ADA6E7A791E58FAFE694BEE5AEBDE887B33430E591A8E5B281EFBC89E38082E585B7E69C89E58D9AE5A3ABE5908EE7A094E7A9B6E7BB8FE58E86E38081E589AFE9AB98E7BAA7E8818CE7A7B0E4BBA5E4B88AE79A84E4BBA5E58F8AE5ADA6E6A0A1E680A5E99C80E4BABAE6898DE7AD89EFBC8CE5B9B4E9BE84E69DA1E4BBB6E58FAFE98082E5BD93E694BEE5AEBDE887B33435E591A8E5B281E380823C2F703E3C7020636C6173733D22716C2D616C69676E2D6A757374696679223E09E59B9BE38081E98089E88198E79086E794B13C2F703E3C7020636C6173733D22716C2D616C69676E2D6A757374696679223E09E4BABAE6898DE698AFE69599E882B2E58F91E5B195E79A84E59FBAE79FB3E38082E59D9AE68C81E4BABAE6898DE5BCBAE6A0A1EFBC8CE5BF85E9A1BBE7AA81E587BAE4BBA5E4BABAE4B8BAE69CACE38081E4B8BAE4BABAE69C8DE58AA1EFBC8CE9809AE8BF87E5BC95E882B2E9AB98E7ABAFE4BABAE6898DE58E9AE6A48DE5ADA6E6A0A1E79A84E58F91E5B195E58AA8E883BDE38082E8A681E9809AE8BF87E4BC98E58C96E4BABAE6898DE2809CE5AD98E9878FE2809DE68F90E8B4A8E5A29EE69588EFBC8CE794A8E5A5BDE794A8E6B4BBE38082E8A681E9809AE8BF87E5BC95E585A5E4BABAE6898DE2809CE5A29EE9878FE2809DE5AE9EE78EB0E8B7A8E8B68AEFBC8CE68C81E7BBADE68EA8E58AA8E5BC95E8BF9BE9AB98E7ABAFE4BABAE6898DEFBC8CE5B0BDE69C80E5A4A7E58AAAE58A9BE5BC95E8BF9BE9A1B6E5B096E4BABAE6898DEFBC8CE5AE9EE78EB0E5BC95E8BF9BE4B880E5908DE5A4A7E5B888EFBC8CE8819AE59088E4B880E4B8AAE59BA2E9989FEFBC8CE68CAFE585B4E4B880E4B8AAE5ADA6E7A791EFBC8CE4B8BAE5ADA6E6A0A1E5BCAFE98193E8B685E8BDA6E38081E68DA2E98193E9A286E8B791E68F90E4BE9BE6BA90E6BA90E4B88DE696ADE79A84E4BABAE6898DE694AFE69291E38082E98089E88198E58D9AE5A3ABE9A696E58588E698AFE5ADA6E6A0A1E4BABAE6898DE59FB9E585BBE79A84E99C80E8A681EFBC8CE4BC98E7A780E79A84E5B888E8B584E698AFE68F90E9AB98E4B893E4B89AE5BBBAE8AEBEE6B0B4E5B9B3E5928CE4BABAE6898DE59FB9E585BBE8B4A8E9878FE79A84E585B3E994AEEFBC9BE585B6E6ACA1E698AFE5ADA6E6A0A1E5ADA6E7A791E58F91E5B195E79A84E99C80E8A681EFBC8CE58F8CE4B880E6B581E5ADA6E7A791E5BBBAE8AEBEE38081E58D9AE5A3ABE5ADA6E4BD8DE68E88E69D83E7AB8BE9A1B9E5BBBAE8AEBEE99C80E8A681E5A4A7E9878FE4BC98E7A780E58D9AE5A3ABE4BABAE6898DEFBC9BE7ACACE4B889E698AFE5B888E8B584E9989FE4BC8DE5BBBAE8AEBEE79A84E99C80E8A681EFBC8CE6BF80E58F91E4BABAE6898DE5B7A5E4BD9CE4B8BBE4BD93E4BD9CE794A8EFBC8CE7BBA7E7BBADE58AA0E5A4A7E5B9B4E8BDBBE58D9AE5A3ABE69599E5B888E79A84E5BC95E8BF9BE58A9BE5BAA6EFBC8CE58886E5ADA6E7A791E38081E58886E5B182E6ACA1E38081E58886E5B9B4E9BE84E7BB93E69E84E68993E980A0E68B94E5B096E38081E9AAA8E5B9B2E38081E5908EE5A487E4BABAE6898DE9989FE4BC8DEFBC8CE7A1AEE4BF9DE5ADA6E6A0A1E4BABAE58A9BE8B584E6BA90E58FAFE68C81E7BBADE4BE9BE7BB99E380823C2F703E3C7020636C6173733D22716C2D616C69676E2D6A757374696679223E09E4BA94E38081E98089E88198E88C83E59BB43C2F703E3C7020636C6173733D22716C2D616C69676E2D6A757374696679223E09E79BB8E585B3E999A2E6A0A1E58D9AE5A3ABE7A094E7A9B6E7949FE380823C2F703E3C7020636C6173733D22716C2D616C69676E2D6A757374696679223E09E585ADE38081E98089E88198E7A88BE5BA8F3C2F703E3C7020636C6173733D22716C2D616C69676E2D6A757374696679223E0928E4B88029E58F91E5B883E4BFA1E681AF3C2F703E3C7020636C6173733D22716C2D616C69676E2D6A757374696679223E09E59CA8E6B2B3E58C97E4BABAE7A4BEE7BD91EFBC8868747470733A2F2F7273742E68656265692E676F762E636E2FEFBC89E38081E6B2B3E58C97E59CB0E8B4A8E5A4A7E5ADA6E5AE98E696B9E7BD91E7AB99EFBC8868747470733A2F2F7777772E6867752E6564752E636E2FEFBC89E99DA2E59091E7A4BEE4BC9AE585ACE5BC80E58F91E5B883E68B9BE88198E4BFA1E681AFEFBC9BE588B0E5BC80E8AEBEE79BB8E585B3E4B893E4B89AE79A84E9AB98E6A0A1E68896E79BAEE6A087E58D95E4BD8DE58F82E58AA0E6A0A1E59BADE58F8CE98089E4BC9AE38081E68B9BE88198E4BC9AEFBC8CE78EB0E59CBAE58F91E5B883E68896E88085E7BABFE4B88AE5AEA3E4BCA0E68B9BE88198E4BFA1E681AFE380823C2F703E3C7020636C6173733D22716C2D616C69676E2D6A757374696679223E0928E4BA8C29E68AA5E5908DE58F8AE8B584E6A0BCE5AEA1E69FA53C2F703E3C7020636C6173733D22716C2D616C69676E2D6A757374696679223E09E9809AE8BF87E794B5E5AD90E982AEE7AEB1E696B9E5BC8FE68EA5E694B6E68AA5E5908DEFBC8CE68AA5E5908DE4BABAE59198E99C80E9809AE8BF87E794B5E5AD90E982AEE4BBB6E59091E5ADA6E6A0A1E5928CE79BB8E585B3E4BA8CE7BAA7E58D95E4BD8DE68F90E4BAA4E4B8AAE4BABAE7AE80E58E86EFBC8CE59CA8E68A95E98092E7AE80E58E86E697B6EFBC8CE8AFB7E58AA1E5BF85E4BDBFE794A8E2809CE5A793E5908D2BE5ADA6E58E862BE6AF95E4B89AE5ADA6E6A0A12BE4B893E4B89A2BE5BA94E88198E58D95E4BD8DE5908DE7A7B0E2809DE79A84E982AEE4BBB6E5908DE7A7B0E38082E6A0B9E68DAEE5B297E4BD8DE69DA1E4BBB6E8A681E6B182EFBC8CE5AFB9E68AA5E5908DE4BABAE59198E4BFA1E681AFE8BF9BE8A18CE8B584E6A0BCE5AEA1E69FA5E38082E5BA94E88198E88085E59CA8E58F82E58AA0E6B58BE8AF84E88083E6A0B8E697B6E5BA94E68F90E4BE9BE4B8AAE4BABAE7AE80E58E86E38081E5ADA6E58E86E8AF81E4B9A6E38081E5ADA6E4BD8DE8AF81E4B9A6E38081E3808AE69599E882B2E983A8E5ADA6E58E86E8AF81E4B9A6E794B5E5AD90E6B3A8E5868CE5A487E6A188E8A1A8E3808BE5928CE3808AE69599E882B2E983A8E5ADA6E7B18DE59CA8E7BABFE9AA8CE8AF81E68AA5E5918AE3808BE38081E88EB7E5A596E8AF81E4B9A6E38081E68890E7BBA9E58D95E7AD89E58E9FE4BBB6E58F8AE5A48DE58DB0E4BBB6EFBC9BE5AFB9E4BA8EE58F96E5BE97E6B5B7E5A496E999A2E6A0A1E5ADA6E58E86E5ADA6E4BD8DE79A84E5BA94E88198E4BABAE59198EFBC8CE99C80E5908CE697B6E68F90E4BE9BE59BBDE5A496E5ADA6E58E86E5ADA6E4BD8DE8AEA4E8AF81E4B9A6E58E9FE4BBB6E58F8AE5A48DE58DB0E4BBB6EFBC9BE5BA94E88198E69599E5B888E5B297E4BD8DE5928CE7A791E7A094E5B297E4BD8DE79A84EFBC8CE8BF98E99C80E68F90E4BE9BE8BF91E4B889E5B9B4E68980E58F91E69687E7ABA0E79A84E5A48DE58DB0E4BBB6E68896E88085E6A380E7B4A2E8AF81E6988EE38082E8B584E6A0BCE5AEA1E69FA5E5A78BE7BB88E8B4AFE7A9BFE695B4E4B8AAE68B9BE88198E8BF87E7A88BE38082E587A1E5BC84E8999AE4BD9CE58187E88085EFBC8CE4B880E7BB8FE58F91E78EB0EFBC8CE58F96E6B688E98089E88198E8B584E6A0BCE380823C2F703E3C7020636C6173733D22716C2D616C69676E2D6A757374696679223E0928E4B88929E6B58BE8AF84E88083E6A0B83C2F703E3C7020636C6173733D22716C2D616C69676E2D6A757374696679223E09E69599E5B888E5B297E4BD8DE98787E58F96E8AF95E8AEB2E58AA0E99DA2E8AF95E696B9E5BC8FE38082E8AF95E8AEB2E794B1E79BB8E585B3E69599E5ADA6E58D95E4BD8DE6A0B9E68DAEE4B893E4B89AE99C80E8A681EFBC8CE4BC9AE5908CE79BB8E585B3E983A8E997A8E7BB84E7BB87E5AE9EE696BDEFBC8CE7A791E68A80E5A484E38081E69599E58AA1E5A484E38081E4BABAE4BA8BE5A484E58F8AE5ADA6E999A2E79BB8E585B3E4BABAE59198E7BB84E68890E4B88DE5B091E4BA8E37E4BABAE79A84E88083E5AF9FE5B08FE7BB84E38082E88083E5AF9FE5B08FE7BB84E6A0B9E68DAEE585B6E4B8AAE4BABAE5B1A5E58E86E38081E7A791E7A094E68890E69E9CE38081E8AF95E8AEB2E5928CE7AD94E8BEA9E68385E586B5EFBC8CE5AFB9E5BA94E88198E88085E79A84E694BFE6B2BBE6809DE683B3E38081E5B888E5BEB7E5B888E9A38EE38081E68E88E8AFBEE883BDE58A9BE38081E4B893E4B89AE79FA5E8AF86E38081E4B89AE58AA1E883BDE58A9BE5928CE7A791E7A094E883BDE58A9BE7AD89E7BBBCE59088E7B4A0E8B4A8E8BF9BE8A18CE585A8E99DA2E88083E5AF9FE380823C2F703E3C7020636C6173733D22716C2D616C69676E2D6A757374696679223E09E99D9EE69599E5B888E5B297E4BD8DE98787E58F96E99DA2E8AF95E696B9E5BC8FE38082E99DA2E8AF95E794B1E79BB8E585B3E58D95E4BD8DE5AE89E68E92EFBC8CE4BABAE4BA8BE5A484E58F8AE79BB8E585B3E983A8E997A8E4BABAE59198E7BB84E68890E4B88DE5B091E4BA8E37E4BABAE79A84E88083E5AF9FE5B08FE7BB84E38082E88083E5AF9FE5B08FE7BB84E6A0B9E68DAEE585B6E4B8AAE4BABAE5B1A5E58E86E38081E7A791E7A094E68890E69E9CE38081E99DA2E8AF95E5928CE7AD94E8BEA9E68385E586B5EFBC8CE5AFB9E5BA94E88198E88085E79A84E7BBBCE59088E883BDE58A9BE38081E8AEA1E58892E7BB84E7BB87E58D8FE8B083E883BDE58A9BE38081E5BA94E58F98E883BDE58A9BE38081E6B29FE9809AE883BDE58A9BE4BBA5E58F8AE5B297E4BD8DE58CB9E9858DE680A7E7AD89E4B88EE5B297E4BD8DE8818CE883BDE79BB8E585B3E883BDE58A9BE8BF9BE8A18CE585A8E99DA2E88083E5AF9FE380823C2F703E3C7020636C6173733D22716C2D616C69676E2D6A757374696679223E0928E59B9B29E6809DE683B3E694BFE6B2BBE7B4A0E8B4A8E5928CE5B888E5BEB7E5B888E9A38EE88083E5AF9F3C2F703E3C7020636C6173733D22716C2D616C69676E2D6A757374696679223E09E59D9AE68C81E5BEB7E6898DE585BCE5A487E38081E4BBA5E5BEB7E4B8BAE58588E58E9FE588992CE5BCBAE58C96E69599E5B888E98089E88198E694BFE6B2BBE585B3E38082E8A681E68A8AE5AFB9E68B9FE5BD95E794A8E5BC95E8BF9BE4BABAE59198E79A84E6809DE683B3E694BFE6B2BBE7B4A0E8B4A8E5928CE5B888E5BEB7E5B888E9A38EE88083E5AF9FE5AEA1E6A0B8E694BEE59CA8E9A696E4BD8DEFBC8CE5AE9EE8A18CE6809DE683B3E694BFE6B2BBE7B4A0E8B4A8E5928CE5B888E5BEB7E5B888E9A38EE2809CE4B880E7A5A8E590A6E586B3E2809D2CE59D9AE586B3E981BFE5858DE69599E5B888E68B9BE88198E5BC95E8BF9BE4B8ADE79A84E594AFE58886E695B0E38081E594AFE69687E587ADE38081E594AFE8818CE7A7B0E38081E594AFE8AEBAE69687E38081E594AFE5B8BDE5AD90E7AD89E580BEE59091EFBC8CE4BB8EE6BA90E5A4B4E4B88AE7A1AEE4BF9DE69599E5B888E9989FE4BC8DE8B4A8E9878FE38082E58887E5AE9EE890BDE5AE9EE68B9BE88198E5BC95E8BF9BE69599E5B888E585A5E8818CE5898DE8BF9DE6B395E78AAFE7BDAAE4BFA1E681AFE69FA5E8AFA2E69599E5B888E8818CE4B89AE7A681E585A5E588B6E5BAA6EFBC8CE5819AE588B0E980A2E8BF9BE5BF85E69FA5E380823C2F703E3C7020636C6173733D22716C2D616C69676E2D6A757374696679223E09312EE5BCBAE58C96E4B8AAE4BABAE8AF84E4BBB7E38082E5BA94E88198E4BABAE59198E9809AE8BF87E99DA2E8AF95E88083E6A0B8E8A2ABE7A1AEE5AE9AE4B8BAE68B9FE5BC95E8BF9BE4BABAE59198E5908EEFBC8CE9A1BBE59091E5ADA6E6A0A1E5A682E5AE9EE68F90E4BE9BE69CACE4BABAE59FBAE69CACE4BFA1E681AFE58F8AE59CA8E6809DE683B3E694BFE6B2BBE7B4A0E8B4A8E38081E5ADA6E69CAFE98193E5BEB7E38081E5B888E5BEB7E5B888E9A38EE38081E981B5E7BAAAE5AE88E6B395E7AD89E696B9E99DA2E79A84E68385E586B5E380823C2F703E3C7020636C6173733D22716C2D616C69676E2D6A757374696679223E09322EE5BCBAE58C96E58E9FE58D95E4BD8DE8AF84E4BBB7E38082E5BA94E5B18AE6AF95E4B89AE7949FE5BA94E68F90E4BAA4E68980E59CA8E5ADA6E6A0A1E999A2E7B3BBE7BAA7E5859AE7BB84E7BB87E694BFE6B2BBE6809DE683B3E4B88EE78EB0E5AE9EE8A1A8E78EB0E989B4E5AE9AE6848FE8A781E5928CE5AFBCE5B888E79A84E8AF84E4BBB7E68EA8E88D90E6848FE8A781E38082E59BBDE58685E5BC95E8BF9BE4BABAE6898DE5928CE585B6E4BB96E8B083E585A5E4BABAE59198E5BA94E68F90E4BAA4E58E9FE5B7A5E4BD9CE58D95E4BD8DE5859AE7BB84E7BB87E694BFE6B2BBE6809DE683B3E4B88EE78EB0E5AE9EE8A1A8E78EB0E989B4E5AE9AE6848FE8A781E5928CE5908CE8A18CE4B893E5AEB6E79A84E8AF84E4BBB7E68EA8E88D90E6848FE8A781E38082E59BBDE5A496E5BC95E8BF9BE4BABAE6898DE5928CE585B6E4BB96E79599E5ADA6E59B9EE59BBDE4BABAE59198E5BA94E68F90E4BAA4E58E9FE5ADA6E4B9A0E68896E5B7A5E4BD9CE58D95E4BD8DE79A84E79BB8E585B3E8AF84E4BBB7E69D90E69699E380823C2F703E3C7020636C6173733D22716C2D616C69676E2D6A757374696679223E09332EE5BCBAE58C96E7BB84E7BB87E88083E5AF9FE38082E59084E5ADA6E6A0A1E8A681E9809AE8BF87E4B88EE69CACE4BABAE8B088E8AF9DE38081E69FA5E6A1A3E4BBA5E58F8AE69FA5E8AFA2E7BD91E4B88AE8A880E8AEBAE7AD89E696B9E5BC8FEFBC8CE5AFB9E68B9FE5BC95E8BF9BE4BABAE59198E59CA8E58E9FE5ADA6E4B9A0E68896E5B7A5E4BD9CE58D95E4BD8DE79A84E6809DE683B3E694BFE6B2BBE7B4A0E8B4A8E5928CE5B888E5BEB7E5B888E9A38EE8A1A8E78EB0E8BF9BE8A18CE88083E5AF9FEFBC8CE5BDA2E68890E88083E5AF9FE6848FE8A781E380823C2F703E3C7020636C6173733D22716C2D616C69676E2D6A757374696679223E09342EE6A0B9E68DAEE6B2B3E58C97E79C81E69599E882B2E58E85E3808AE69599E8818CE59198E5B7A5E58786E585A5E69FA5E8AFA2E5AE9EE696BDE58A9EE6B395E3808BEFBC88E58680E69599E4BABA5B323032335D3134E58FB7EFBC89E69687E4BBB6E7B2BEE7A59EEFBC8CE59CA8E585A8E59BBDE69599E5B888E7AEA1E79086E4BFA1E681AFE7B3BBE7BB9FE79A84E69599E8818CE5B7A5E58786E585A5E69FA5E8AFA2E6A8A1E59D97E4B8ADE5AFB9E68B9FE5BC95E8BF9BE58D9AE5A3ABE8BF9BE8A18CE69FA5E8AFA2EFBC8CE7A1AEE5AE9AE698AFE590A6E69C89E697A0E680A7E4BEB5E8BF9DE6B395E78AAFE7BDAAE4BFA1E681AFE380823C2F703E3C7020636C6173733D22716C2D616C69676E2D6A757374696679223E09352EE4B8A5E6A0BCE88083E5AF9FE7BB93E69E9CE5AEA1E8AEAEE38082E68B9BE88198E5BC95E8BF9BE4BABAE59198E6809DE683B3E694BFE6B2BBE7B4A0E8B4A8E5928CE5B888E5BEB7E5B888E9A38EE88083E5AF9FE6848FE8A781EFBC8CE99C80E68AA5E5ADA6E6A0A1E5859AE5A794E5AEA1E8AEAEE69C80E7BB88E7A1AEE5AE9AE38082E4B8A5E6A0BCE890BDE5AE9EE5B888E5BEB7E5A4B1E88C83E2809CE4B880E7A5A8E590A6E586B3E2809DE588B6EFBC8CE5AFB9E68B9FE5BC95E8BF9BE4BABAE59198E5AD98E59CA8E6809DE683B3E694BFE6B2BBE7B4A0E8B4A8E5928CE5B888E5BEB7E5B888E9A38EE997AEE9A298E79A84EFBC8CE59D9AE586B3E4B88DE4BA88E88198E794A8E380823C2F703E3C7020636C6173733D22716C2D616C69676E2D6A757374696679223E09E5AFB9E4BA8EE5BC95E8BF9BE79A84E9AB98E7ABAFE789B9E6AE8AE4BABAE6898DEFBC8CE58FAFE98090E7BAA7E88083E5AF9FE5AEA1E6A0B8EFBC8CE4B99FE58FAFE7AE80E58C96E7A88BE5BA8FEFBC8CE7BB8FE5ADA6E6A0A1E5859AE5A794E7A094E7A9B6E5908CE6848FE5908EEFBC8CE79BB4E68EA5E794B1E79BB8E585B3E58D95E4BD8DE8BF9BE8A18CE88083E5AF9FEFBC8CE88083E5AF9FE7BB93E69E9CE68AA5E5ADA6E6A0A1E5859AE5A794E5AEA1E6A0B8E380823C2F703E3C7020636C6173733D22716C2D616C69676E2D6A757374696679223E09E68980E69C89E5B297E4BD8DE79A84E5BA94E88198E58D9AE5A3ABE8BF9BE8A18CE6809DE683B3E694BFE6B2BBE4B88EE5B888E5BEB7E5B888E9A38EE887AAE8AF84E4B88EE794A8E4BABAE58D95E4BD8DE88083E5AF9FE78EAFE88A82E38082E6809DE683B3E694BFE6B2BBE5928CE5B888E5BEB7E5B888E9A38EE88083E5AF9FE698AFE68891E4BBACE68B9BE88198E7A88BE5BA8FE4B8ADE4B88DE58FAFE7BCBAE5B091E79A84E4B880E78EAFEFBC8CE8B4AFE7A9BFE695B4E4B8AAE68B9BE88198E8BF87E7A88BE380823C2F703E3C7020636C6173733D22716C2D616C69676E2D6A757374696679223E0928E4BA9429E4BD93E6A380E38081E88083E5AF9FE38081E585ACE7A4BA3C2F703E3C7020636C6173733D22716C2D616C69676E2D6A757374696679223E09E4BD93E6A380E5B7A5E4BD9CE794B1E6B2B3E58C97E59CB0E8B4A8E5A4A7E5ADA6E7BB9FE4B880E7BB84E7BB87EFBC8CE4BD93E6A380E58F82E785A7E78EB0E8A18CE585ACE58AA1E59198E5BD95E794A8E4BD93E6A380E6A087E58786E689A7E8A18CEFBC8CE58FA6E5A29EE58AA0E5BF83E79086E6B58BE8AF95E380823C2F703E3C7020636C6173733D22716C2D616C69676E2D6A757374696679223E09E4BD93E6A380EFBC88E590ABE5BF83E79086E6B58BE8AF95EFBC89E59088E6A0BCE79A84EFBC8CE794B1E79BB8E585B3E58D95E4BD8DE5AFB9E585B6E6809DE683B3E694BFE6B2BBE7B4A0E8B4A8E38081E5ADA6E69CAFE98193E5BEB7E38081E5B888E5BEB7E5B888E9A38EE38081E981B5E7BAAAE5AE88E6B395E38081E58E9FE58D95E4BD8DE8AF84E4BBB7E7AD89E696B9E99DA2E8BF9BE8A18CE88083E5AF9FE38082E4BD93E6A380E38081E88083E5AF9FE4B88DE59088E6A0BCE79A84EFBC8CE58F96E6B688E68B9FE88198E4BABAE98089E8B584E6A0BCE380823C2F703E3C7020636C6173733D22716C2D616C69676E2D6A757374696679223E09E7BB8FE4BD93E6A380E38081E88083E5AF9FE59088E6A0BCE4B894E7BB8FE5859AE5A794E5B8B8E5A794E4BC9AE99B86E4BD93E7A094E7A9B6E8AEA8E8AEBAE7A1AEE5AE9AE4B8BAE68B9FE88198E794A8E79A84E4BABAE98089EFBC8CE59CA8E6B2B3E58C97E4BABAE7A4BEE7BD91EFBC8868747470733A2F2F7273742E68656265692E676F762E636E2FEFBC89E38081E6B2B3E58C97E59CB0E8B4A8E5A4A7E5ADA6E5AE98E696B9E7BD91E7AB99EFBC8868747470733A2F2F7777772E6867752E6564752E636E2FEFBC89E8BF9BE8A18CE585ACE7A4BAEFBC8CE585ACE7A4BAE69C9F37E4B8AAE5B7A5E4BD9CE697A5E380823C2F703E3C7020636C6173733D22716C2D616C69676E2D6A757374696679223E0928E585AD29E88198E794A83C2F703E3C7020636C6173733D22716C2D616C69676E2D6A757374696679223E09E68B9FE88198E4BABAE98089E7A1AEE5AE9AE5908EEFBC8CE68B9BE88198E58D95E4BD8DE68F90E587BAE88198E794A8E6848FE8A781EFBC8CE5A1ABE58699E3808AE6B2B3E58C97E79C81E4BA8BE4B89AE58D95E4BD8DE585ACE5BC80E68B9BE88198E5B7A5E4BD9CE4BABAE59198E5AEA1E689B9E8A1A8E3808BE38081E68B9FE88198E4BABAE59198E5908DE5868CEFBC8CE8BF9EE5908CE68B9BE88198E68385E586B5E68AA5E5918AE58F8AE68B9FE88198E4BABAE59198E79BB8E585B3E8AF81E4BBB6E69D90E69699EFBC8CE68C89E7A88BE5BA8FE68AA5E79C81E4BABAE58A9BE8B584E6BA90E5928CE7A4BEE4BC9AE4BF9DE99A9CE58E85E4BA8BE4B89AE58D95E4BD8DE4BABAE4BA8BE7AEA1E79086E7B3BBE7BB9FE58A9EE79086E79BB8E585B3E5AEA1E689B9E6898BE7BBADE38082E8A2ABE88198E794A8E4BABAE59198E68C89E79BB8E585B3E694BFE7AD96E8A784E5AE9AE5AE9EE8A18CE8AF95E794A8E69C9FEFBC8CE8AF95E794A8E69C9FE4B880E5B9B6E8AEA1E7AE97E59CA8E88198E794A8E59088E5908CE69C9FE99990E58685E38082E8AF95E794A8E69C9FE6BBA1E88083E6A0B8E59088E6A0BCE79A84EFBC8CE4BA88E4BBA5E6ADA3E5BC8FE88198E794A8EFBC8CE4B88DE59088E6A0BCE79A84EFBC8CE58F96E6B688E88198E794A8E380823C2F703E3C7020636C6173733D22716C2D616C69676E2D6A757374696679223E09E5AFB9E58F91E78EB0E79A84E8BF9DE7BAAAE8BF9DE8A784E8A18CE4B8BAEFBC8CE68C89E785A7E3808AE4BA8BE4B89AE58D95E4BD8DE585ACE5BC80E68B9BE88198E8BF9DE7BAAAE8BF9DE8A784E8A18CE4B8BAE5A484E79086E8A784E5AE9AE3808BEFBC88E4BABAE7A4BEE983A8E4BBA4E7ACAC3335E58FB7EFBC89E5A484E79086E380823C2F703E3C7020636C6173733D22716C2D616C69676E2D6A757374696679223E09E694BFE7AD96E592A8E8AFA2E794B5E8AF9DEFBC9A303331312D3837323038303535EFBC88E6B2B3E58C97E59CB0E8B4A8E5A4A7E5ADA6E4BABAE4BA8BE5A484EFBC893C2F703E3C7020636C6173733D22716C2D616C69676E2D6A757374696679223E09E6A0A1E7BAAAE6A380E5A794E794B5E8AF9DEFBC9A303331312D3837323038303133EFBC88E6B2B3E58C97E59CB0E8B4A8E5A4A7E5ADA6E7BAAAE6A380E79B91E5AF9FE5A484EFBC893C2F703E3C7020636C6173733D22716C2D616C69676E2D6A757374696679223E09E79B91E79DA3E4B8BEE68AA5E794B5E8AF9DEFBC9A303331312D3636393038353339EFBC88E79C81E4BABAE58A9BE8B584E6BA90E5928CE7A4BEE4BC9AE4BF9DE99A9CE58E85EFBC893C2F703E3C7020636C6173733D22716C2D616C69676E2D6A757374696679223E09E4B883E38081E7BB84E7BB87E69CBAE69E843C2F703E3C7020636C6173733D22716C2D616C69676E2D6A757374696679223E09E4B8BAE58AA0E5BCBAE5AFB9E69CACE6ACA1E68B9BE88198E5B7A5E4BD9CE79A84E9A286E5AFBCEFBC8CE7A1AEE4BF9DE68B9BE88198E5B7A5E4BD9CE8A784E88C83E69C89E5BA8FE8BF9BE8A18CEFBC8CE6B2B3E58C97E59CB0E8B4A8E5A4A7E5ADA6E68890E7AB8BE98089E88198E5B7A5E4BD9CE9A286E5AFBCE5B08FE7BB84EFBC8CE8B49FE8B4A3E98089E88198E5B7A5E4BD9CE79A84E7BB84E7BB87E5928CE7AEA1E79086EFBC8CE5B9B6E5AFB9E68B9BE88198E5B7A5E4BD9CE79A84E585ACE5BC80E38081E585ACE5B9B3E38081E585ACE6ADA3E38081E5AE89E585A8E58F8AE4BF9DE5AF86E8B49FE680BBE8B4A3E38082E9A286E5AFBCE5B08FE7BB84E4B88BE8AEBEE58A9EE585ACE5AEA4EFBC8CE8B49FE8B4A3E98089E88198E5B7A5E4BD9CE585B7E4BD93E7BB84E7BB87E5AE9EE696BDE5B7A5E4BD9CE380823C2F703E3C7020636C6173733D22716C2D616C69676E2D6A757374696679223E09EFBC88E4B880EFBC89E9A286E5AFBCE5B08FE7BB843C2F703E3C7020636C6173733D22716C2D616C69676E2D6A757374696679223E09E7BB8420E995BFEFBC9AE5859AE5A794E4B9A6E8AEB03C2F703E3C7020636C6173733D22716C2D616C69676E2D6A757374696679223E09E589AFE7BB84E995BFEFBC9AE5859AE5A794E589AFE4B9A6E8AEB020E589AFE6A0A1E995BF3C2F703E3C7020636C6173733D22716C2D616C69676E2D6A757374696679223E09E6889020E59198EFBC9AE7BB84E7BB87E983A8E38081E7BAAAE6A380E79B91E5AF9FE5A484E38081E4BABAE4BA8BE5A484E38081E5ADA6E7949FE5B7A5E4BD9CE5A484E38081E69599E58AA1E5A484E38081E7A791E68A80E5A484E38081E58F91E5B195E8A784E58892E5A484E38081E7A094E7A9B6E7949FE5ADA6E999A2E7AD89E8B49FE8B4A3E4BABA3C2F703E3C7020636C6173733D22716C2D616C69676E2D6A757374696679223E09EFBC88E4BA8C29E9A286E5AFBCE5B08FE7BB84E58A9EE585ACE5AEA43C2F703E3C7020636C6173733D22716C2D616C69676E2D6A757374696679223E09E4B8BB20E4BBBB3A20E4BABAE4BA8BE5A484E8B49FE8B4A3E4BABA3C2F703E3C7020636C6173733D22716C2D616C69676E2D6A757374696679223E09E6889020E59198EFBC9AE4BABAE4BA8BE5A484E79BB8E585B3E5B7A5E4BD9CE68890E591983C2F703E3C7020636C6173733D22716C2D616C69676E2D6A757374696679223E09E585ABE38081E585B6E4BB96E4BA8BE9A1B93C2F703E3C7020636C6173733D22716C2D616C69676E2D6A757374696679223E09EFBC88E4B880EFBC89E5BC95E8BF9BE5BD95E794A8E79A84E58D9AE5A3ABE6AF95E4B89AE7949FE99C80E4B88EE5ADA6E6A0A1E7ADBEE8AEA2E3808AE6B2B3E58C97E59CB0E8B4A8E5A4A7E5ADA6E5BC95E8BF9BE4BABAE6898DE58D8FE8AEAEE4B9A6E3808BEFBC8CE59CA8E6A0A1E69C8DE58AA1E69C9FE99990E4B88DE5B091E4BA8E38E5B9B4E380823C2F703E3C7020636C6173733D22716C2D616C69676E2D6A757374696679223E09EFBC88E4BA8CEFBC89E69C8DE58AA1E69C9FE58685EFBC8CE5ADA6E6A0A1E58E9FE58899E4B88AE4B88DE689B9E58786E5BC95E8BF9BE4BABAE6898DE68F90E587BAE79A84E8BE9EE8818CE38081E8B083E7A6BBE7AD89E794B3E8AFB7E38082E88BA5E59BA0E789B9E6AE8AE58E9FE59BA0E68F90E587BAE7A6BBE8818CEFBC8CE68896E59BA0E88083E6A0B8E4B88DE59088E6A0BCE38081E8BF9DE58F8DE5ADA6E69CAFE98193E5BEB7E38081E8A7A6E78AAFE58891E5BE8BE38081E5BC84E8999AE4BD9CE58187E7AD89E8BF9DE8A784E8BF9DE7BAAAE8A18CE4B8BAE8A2ABE5ADA6E6A0A1E8A7A3E88198E79A84E4BABAE59198EFBC8CE68C89E58D8FE8AEAEE689BFE68B85E79BB8E5BA94E8BF9DE7BAA6E8B4A3E4BBBBEFBC8CE5B9B6E6A0B9E68DAEE5AE9EE99985E69C8DE58AA1E69C9FE99990E98080E8BF98E5AE89E5AEB6E8B4B9E7AD89E79BB8E585B3E5BE85E98187E380823C2F703E3C7020636C6173733D22716C2D616C69676E2D6A757374696679223E09EFBC88E4B889EFBC89E69CACE8A784E5AE9AE4BB85E98082E794A8E4BA8EE58897E585A5E6B2B3E58C97E59CB0E8B4A8E5A4A7E5ADA632303234E5B9B4E68B9BE88198E8AEA1E58892E5BC95E8BF9BE5BD95E794A8E79A84E58D9AE5A3ABE6AF95E4B89AE7949FE380823C2F703E3C7020636C6173733D22716C2D616C69676E2D6A757374696679223E09EFBC88E59B9BEFBC89E6B2B3E58C97E79C81E4BABAE7A4BEE58E85E5AFB9E4B88AE8BFB0E5BE85E98187E69DA1E4BBB6E69C89E696B0E694BFE7AD96E79A84EFBC8CE68C89E696B0E694BFE7AD96E689A7E8A18CE380823C2F703E3C7020636C6173733D22716C2D616C69676E2D6A757374696679223E09EFBC88E4BA94EFBC89E69CACE585ACE5918AE794B1E6B2B3E58C97E59CB0E8B4A8E5A4A7E5ADA6E4BABAE4BA8BE5A484E8B49FE8B4A3E8A7A3E9878AE380823C2F703E3C7020636C6173733D22716C2D616C69676E2D6A757374696679223E09E88194E7B3BBE4BABAEFBC9AE6B2B3E58C97E59CB0E8B4A8E5A4A7E5ADA6E4BABAE4BA8BE5A4843C2F703E3C7020636C6173733D22716C2D616C69676E2D6A757374696679223E09E88194E7B3BBE794B5E8AF9DEFBC9A303331312D3837323037303332EFBC9B20303331312D3837323038303535E380823C2F703E3C7020636C6173733D22716C2D616C69676E2D6A757374696679223E09E4BCA020E79C9FEFBC9A303331312D3837323038303330EFBC9B20E794B5E5AD90E982AEE7AEB13A2072637A70406867752E6564752E636E3C2F703E3C7020636C6173733D22716C2D696E64656E742D38223E093C2F703E3C7020636C6173733D22716C2D696E64656E742D38223E09E6B2B3E58C97E59CB0E8B4A8E5A4A7E5ADA63C2F703E3C7020636C6173733D22716C2D696E64656E742D38223E0932303234E5B9B433E69C883237E697A53C2F703E3C703E3C62723E3C2F703E, '0', 'admin', '2024-11-04 19:59:33', 'admin', '2024-11-04 19:59:33', '管理员', NULL, NULL);
INSERT INTO `sys_notice` VALUES (2, '河北地质大学2024年国庆节放假通知', '2', 0x3C7020636C6173733D22716C2D616C69676E2D6A757374696679223E3C7374726F6E6720636C6173733D22716C2D73697A652D6C61726765223EE6A0A1E5B19EE59084E58D95E4BD8DEFBC9A3C2F7374726F6E673E3C2F703E3C7020636C6173733D22716C2D616C69676E2D6A757374696679223E3C7370616E20636C6173733D22716C2D73697A652D6C61726765223E09E78EB0E5B08632303234E5B9B4E59BBDE5BA86E88A82E694BEE58187E79A84E69C89E585B3E4BA8BE9A1B9E9809AE79FA5E5A682E4B88BEFBC9A3C2F7370616E3E3C2F703E3C7020636C6173733D22716C2D616C69676E2D6A757374696679223E3C7370616E20636C6173733D22716C2D73697A652D6C61726765223E09E4B880E38081E585A8E6A0A1E5B888E7949F3C2F7370616E3E3C7374726F6E6720636C6173733D22716C2D73697A652D6C61726765223E39E69C883239E697A5EFBC88E6989FE69C9FE697A5EFBC892D2D3130E69C8836E697A5EFBC88E6989FE69C9FE697A5EFBC893C2F7374726F6E673E3C7370616E20636C6173733D22716C2D73697A652D6C61726765223EE694BEE58187E8B083E4BC91E585ABE5A4A9E380823C2F7370616E3E3C2F703E3C7020636C6173733D22716C2D616C69676E2D6A757374696679223E3C7370616E20636C6173733D22716C2D73697A652D6C61726765223E09E4BA8CE380813C2F7370616E3E3C7374726F6E6720636C6173733D22716C2D73697A652D6C6172676522207374796C653D22636F6C6F723A20726762283233302C20302C2030293B223E3130E69C8837E697A5EFBC88E6989FE69C9FE4B880EFBC893C2F7374726F6E673E3C7370616E20636C6173733D22716C2D73697A652D6C61726765223EE5BC80E5A78BE68C89E6A0A1E58E86E5AE89E68E92E6ADA3E5B8B8E4B88AE78FADE4B88AE8AFBEE38082E88A82E5908EE4BD9CE681AFE697B6E997B4E4BF9DE68C81E4B88DE58F98E380823C2F7370616E3E3C7374726F6E6720636C6173733D22716C2D73697A652D6C6172676522207374796C653D22636F6C6F723A20726762283233302C20302C2030293B223E39E69C883231E697A5EFBC88E6989FE69C9FE585ADEFBC89E58F82E785A7E7ACACE4B889E591A8E591A8E4BA8CE79A84E8AFBEE7A88BE5AE89E68E92EFBC8C39E69C883238E697A5EFBC88E6989FE69C9FE585ADEFBC89E58F82E785A7E7ACACE4BA94E591A8E591A8E4B889E79A84E8AFBEE7A88BE5AE89E68E92E380823C2F7374726F6E673E3C2F703E3C7020636C6173733D22716C2D616C69676E2D6A757374696679223E3C7370616E20636C6173733D22716C2D73697A652D6C61726765223E09E4B889E38081E694BEE58187E69C9FE997B4E59084E6A0A1E58CBAE38081E59084E58D95E4BD8DE8A681E890BDE5AE9EE5A5BDE5AE89E585A8E5B7A5E4BD9CE8B4A3E4BBBBE588B6EFBC8CE58AA0E5BCBAE88A82E697A5E69C9FE997B4E5AE89E585A8E5B7A1E69FA5E58A9BE5BAA6EFBC8CE5819AE5A5BDE6A0A1E59BADE59084E9878DE782B9E58CBAE59F9FE5AE89E585A8E99A90E682A3E68E92E69FA5E695B4E6B2BBE5B7A5E4BD9CE380823C2F7370616E3E3C2F703E3C7020636C6173733D22716C2D616C69676E2D6A757374696679223E3C7370616E20636C6173733D22716C2D73697A652D6C61726765223E09E59B9BE38081E59084E58D95E4BD8DE8A681E5AE89E68E92E5A5BDE580BCE78FADE4BABAE59198EFBC8CE8AEA4E79C9FE5819AE5A5BDE694BEE58187E69C9FE997B4E79A84E580BCE78FADE5B7A5E4BD9CE38082E4B8A5E6A0BCE890BDE5AE9EE580BCE78FADE580BCE5AE88E59084E9A1B9E8A784E5AE9AE8A681E6B182EFBC8CE580BCE78FADE4BABAE59198E8A681323420E5B08FE697B6E59D9AE5AE88E5B297E4BD8DEFBC8CE58887E5AE9EE5819AE5A5BDE88194E7BB9CE58D8FE8B083E38081E7B4A7E680A5E7AA81E58F91E4BA8BE4BBB6E5928CE9878DE8A681E88886E68385E4BFA1E681AFE68AA5E5918AE7AD89E5B7A5E4BD9CEFBC9BE8A681E59D9AE586B3E69D9CE7BB9DE5B8A6E78FADE9A286E5AFBCE69CAAE59CA8E5B297E5B8A6E78FADE38081E580BCE78FADE59198E884B1E5B297E38081E99A8FE6848FE69BBFE5B297E38081E580BCE78FADE794B5E8AF9DE697A0E4BABAE68EA5E590ACE7AD89E997AEE9A298E38082E580BCE78FADE794B5E8AF9DE5BA94E4B8BAE59BBAE5AE9AE5BAA7E69CBAE794B5E8AF9DEFBC8CE4B88DE5BE97E591BCE58FABE8BDACE7A7BBE887B3E6898BE69CBAE38082E4BF9DE8AF81E88194E7BB9CE79585E9809AEFBC8CE5B9B6E4BA8E39E69C883235E697A5E5898DE5B086E69CACE58D95E4BD8DE580BCE78FADE4BABAE59198E79A84E5908DE58D95E58F8AE88194E7B3BBE794B5E8AF9DE9809AE8BF87E794B5E5AD90E982AEE4BBB6E696B9E5BC8FE68AA5E5859AE5A794E58A9EE585ACE5AEA4EFBC88E6A0A1E995BFE58A9EE585ACE5AEA4EFBC89E7BBBCE59088E7A791E38082E982AEE7AEB1E59CB0E59D80E4B8BAEFBC9A4C627A686B406867752E6564752E636EE380823C2F7370616E3E3C2F703E3C7020636C6173733D22716C2D616C69676E2D6A757374696679223E3C7370616E20636C6173733D22716C2D73697A652D6C61726765223E09E4BA94E38081E5ADA6E6A0A1E88A82E58187E697A5E69C9FE997B4E5AE89E68E92E680BBE580BCE78FADEFBC9AE6AF8FE697A5383A3030E28094E6ACA1E697A5383A3030E580BCE78FADE59CA8E4B8BBE6A5BCE4B889E6A5BCE680BBE580BCE78FADE5AEA4EFBC88E4B8BBE6A5BCE4B889E6A5BC333237E5AEA4EFBC89EFBC8CE580BCE78FADE794B5E8AF9DE4B8BA3837323038303034EFBC9BE696B0E6A0A1E58CBAE580BCE78FADE59CA832E58FB7E5ADA6E999A2E6A5BC41E5BAA7343038EFBC8CE580BCE78FADE794B5E8AF9DE4B8BA3837323037303036EFBC9BE5AE89E585A8E5B7A5E4BD9CE5A484E6AF8FE697A5383A3030E28094E6ACA1E697A5383A3030E580BCE78FADE59CA8E4BF9DE58DABE5A484E580BCE78FADE5AEA4EFBC88E4B8BBE6A5BC313436E5AEA4EFBC89EFBC8CE580BCE78FADE794B5E8AF9DE4B8BA3837323038313130E38082E5A682E98187E69C89E9878DE5A4A7EFBC88E7AA81E58F91E38081E7B4A7E680A5EFBC89E4BA8BE9A1B9E8A681E58F8AE697B6E59091E6A0A1E9A286E5AFBCE5928CE5ADA6E6A0A1E680BBE580BCE78FADE5AEA4E8AFB7E7A4BAE68AA5E5918AE38081E5819AE588B0E9AB98E69588E69C89E5BA8FE5A484E7BDAEE380823C2F7370616E3E3C2F703E3C7020636C6173733D22716C2D616C69676E2D6A757374696679223E3C7370616E20636C6173733D22716C2D73697A652D6C61726765223E093C2F7370616E3E3C2F703E3C7020636C6173733D22716C2D616C69676E2D7269676874223E3C7370616E20636C6173733D22716C2D73697A652D6C61726765223E09E5859AE5A794E58A9EE585ACE5AEA428E6A0A1E995BFE58A9EE585ACE5AEA4293C2F7370616E3E3C2F703E3C7020636C6173733D22716C2D616C69676E2D7269676874223E3C7370616E20636C6173733D22716C2D73697A652D6C61726765223E32303234E5B9B439E69C883231E697A53C2F7370616E3E3C2F703E3C703E3C62723E3C2F703E, '0', 'admin', '2024-11-04 16:57:49', 'admin', '2024-11-04 16:57:49', '管理员', NULL, NULL);
INSERT INTO `sys_notice` VALUES (10, '关于进一步严明中秋、国庆节日期间纪律要求的工作提示（纪发〔2024〕10号）', '1', 0x3C703E093C7370616E207374796C653D22636F6C6F723A20726762283132312C203131372C20313137293B223E32303234E5B9B4E4B8ADE7A78BE38081E59BBDE5BA86E4BDB3E88A82E5B086E887B3EFBC8CE4B8BAE994B2E8808CE4B88DE8888DE890BDE5AE9EE4B8ADE5A4AEE585ABE9A1B9E8A784E5AE9AE58F8AE585B6E5AE9EE696BDE7BB86E58899E7B2BEE7A59EEFBC8CE68C81E4B98BE4BBA5E68192E7BAA0E2809CE59B9BE9A38EE2809DE6A091E696B0E9A38EEFBC8CE59084E7BAA7E5859AE7BB84E7BB87E38081E59084E58D95E4BD8DE8A681E58887E5AE9EE5A29EE5BCBAE2809CE59B9BE4B8AAE6848FE8AF86E2809DEFBC8CE68F90E9AB98E694BFE6B2BBE7AB99E4BD8DEFBC8CE8AEA4E79C9FE5B1A5E8A18CE4B8BBE4BD93E8B4A3E4BBBBEFBC8CE4BBA5E2809CE88A82E782B9E2809DE4B8BAE2809CE88083E782B9E2809DEFBC8CE4B88DE696ADE5B7A9E59BBAE5859AE7BAAAE5ADA6E4B9A0E69599E882B2E68890E69E9CEFBC8CE79DA3E4BF83E5859AE59198E5B9B2E983A8E5928CE5B888E7949FE59198E5B7A5E7BBB7E7B4A7E5BB89E6B481E887AAE5BE8BE4B98BE5BCA6EFBC8CE887AAE8A789E68AB5E588B6E8BF9DE8A784E59083E5969DE8A18CE4B8BAEFBC8CE59D9AE586B3E5819AE588B0E2809CE58D81E4B8AAE4B88DE58786E2809DEFBC8CE585B1E5908CE890A5E980A0E5B487E5BB89E5B09AE4BFADE38081E9A38EE6B885E6B094E6ADA3E79A84E6A0A1E59BADE694BFE6B2BBE7949FE68081E5928CE889AFE5A5BDE882B2E4BABAE78EAFE5A283E380823C2F7370616E3E3C2F703E, '0', 'admin', '2024-11-04 16:31:12', 'admin', '2024-11-04 16:31:12', NULL, NULL, NULL);
INSERT INTO `sys_notice` VALUES (11, '河北地质大学2024年中秋节放假通知', '2', 0x3C7020636C6173733D22716C2D616C69676E2D6A757374696679223E3C7374726F6E673EE6A0A1E5B19EE59084E58D95E4BD8DEFBC9A3C2F7374726F6E673E3C2F703E3C7020636C6173733D22716C2D616C69676E2D6A757374696679223E09E78EB0E5B08632303234E5B9B4E4B8ADE7A78BE88A82E694BEE58187E79A84E69C89E585B3E4BA8BE9A1B9E9809AE79FA5E5A682E4B88BEFBC9A3C2F703E3C7020636C6173733D22716C2D616C69676E2D6A757374696679223E09E4B880E38081E585A8E6A0A1E5B888E7949F39E69C883135E697A5EFBC88E6989FE69C9FE697A5EFBC892D2D39E69C883137E697A5EFBC88E6989FE69C9FE4BA8CEFBC89E694BEE58187E8B083E4BC91E4B889E5A4A9E3808239E69C883134E697A5EFBC88E6989FE69C9FE585ADEFBC89E58F82E785A739E69C883136E697A5EFBC88E6989FE69C9FE4B880EFBC89E79A84E8AFBEE7A88BE5AE89E68E92E380823C2F703E3C7020636C6173733D22716C2D616C69676E2D6A757374696679223E09E4BA8CE38081E694BEE58187E69C9FE997B4E59084E6A0A1E58CBAE38081E59084E58D95E4BD8DE8A681E890BDE5AE9EE5A5BDE5AE89E585A8E5B7A5E4BD9CE8B4A3E4BBBBE588B6EFBC8CE58AA0E5BCBAE88A82E697A5E69C9FE997B4E5AE89E585A8E5B7A1E69FA5E58A9BE5BAA6EFBC8CE5819AE5A5BDE6A0A1E59BADE59084E9878DE782B9E58CBAE59F9FE5AE89E585A8E99A90E682A3E68E92E69FA5E695B4E6B2BBE5B7A5E4BD9CE380823C2F703E3C7020636C6173733D22716C2D616C69676E2D6A757374696679223E09E4B889E38081E59084E58D95E4BD8DE8A681E5AE89E68E92E5A5BDE580BCE78FADE4BABAE59198EFBC8CE8AEA4E79C9FE5819AE5A5BDE694BEE58187E69C9FE997B4E79A84E580BCE78FADE5B7A5E4BD9CE38082E4B8A5E6A0BCE890BDE5AE9EE580BCE78FADE580BCE5AE88E59084E9A1B9E8A784E5AE9AE8A681E6B182EFBC8CE580BCE78FADE4BABAE59198E8A681323420E5B08FE697B6E59D9AE5AE88E5B297E4BD8DEFBC8CE58887E5AE9EE5819AE5A5BDE88194E7BB9CE58D8FE8B083E38081E7B4A7E680A5E7AA81E58F91E4BA8BE4BBB6E5928CE9878DE8A681E88886E68385E4BFA1E681AFE68AA5E5918AE7AD89E5B7A5E4BD9CEFBC9BE8A681E59D9AE586B3E69D9CE7BB9DE5B8A6E78FADE9A286E5AFBCE69CAAE59CA8E5B297E5B8A6E78FADE38081E580BCE78FADE59198E884B1E5B297E38081E99A8FE6848FE69BBFE5B297E38081E580BCE78FADE794B5E8AF9DE697A0E4BABAE68EA5E590ACE7AD89E997AEE9A298E38082E580BCE78FADE794B5E8AF9DE5BA94E4B8BAE59BBAE5AE9AE5BAA7E69CBAE794B5E8AF9DEFBC8CE4B88DE5BE97E591BCE58FABE8BDACE7A7BBE887B3E6898BE69CBAE38082E4BF9DE8AF81E88194E7BB9CE79585E9809AEFBC8CE5B9B6E4BA8E39E69C883132E697A5E5898DE5B086E69CACE58D95E4BD8DE580BCE78FADE4BABAE59198E79A84E5908DE58D95E58F8AE88194E7B3BBE794B5E8AF9DE9809AE8BF87E794B5E5AD90E982AEE4BBB6E696B9E5BC8FE68AA5E5859AE5A794E58A9EE585ACE5AEA4EFBC88E6A0A1E995BFE58A9EE585ACE5AEA4EFBC89E7BBBCE59088E7A791E38082E982AEE7AEB1E59CB0E59D80E4B8BAEFBC9A3C6120687265663D226D61696C746F3A4C627A686B406867752E6564752E636E222072656C3D226E6F6F70656E6572206E6F726566657272657222207461726765743D225F626C616E6B22207374796C653D22636F6C6F723A207267622833302C2038302C20313632293B223E4C627A686B406867752E6564752E636E3C2F613EE380823C2F703E3C7020636C6173733D22716C2D616C69676E2D6A757374696679223E09E59B9BE38081E5ADA6E6A0A1E88A82E58187E697A5E69C9FE997B4E5AE89E68E92E680BBE580BCE78FADEFBC9AE6AF8FE697A5383A3030E28094E6ACA1E697A5383A3030E580BCE78FADE59CA8E4B8BBE6A5BCE4B889E6A5BCE680BBE580BCE78FADE5AEA4EFBC88E4B8BBE6A5BCE4B889E6A5BC333237E5AEA4EFBC89EFBC8CE580BCE78FADE794B5E8AF9DE4B8BA3837323038303034EFBC9BE5AE89E585A8E5B7A5E4BD9CE5A484E6AF8FE697A520383A3030E28094E6ACA1E697A5383A3030E580BCE78FADE59CA8E4BF9DE58DABE5A484E580BCE78FADE5AEA4EFBC88E4B8BBE6A5BC313436E5AEA4EFBC89EFBC8CE580BCE78FADE794B5E8AF9DE4B8BA3837323038313130E38082E5A682E98187E69C89E9878DE5A4A7EFBC88E7AA81E58F91E38081E7B4A7E680A5EFBC89E4BA8BE9A1B9E8A681E58F8AE697B6E59091E6A0A1E9A286E5AFBCE5928CE5ADA6E6A0A1E680BBE580BCE78FADE5AEA4E8AFB7E7A4BAE68AA5E5918AE38081E5819AE588B0E9AB98E69588E69C89E5BA8FE5A484E7BDAEE380823C2F703E3C7020636C6173733D22716C2D616C69676E2D6A757374696679223E093C2F703E3C7020636C6173733D22716C2D616C69676E2D7269676874223E09E5859AE5A794E58A9EE585ACE5AEA4EFBC88E6A0A1E995BFE58A9EE585ACE5AEA4EFBC893C2F703E3C7020636C6173733D22716C2D616C69676E2D7269676874223E32303234E5B9B439E69C883131E697A53C2F703E3C703E3C62723E3C2F703E, '0', 'admin', '2024-11-04 16:31:36', 'admin', '2024-11-04 16:31:36', NULL, NULL, 1);
INSERT INTO `sys_notice` VALUES (12, '关于加强校园网络账号管理的通知', '2', 0x3C7020636C6173733D22716C2D616C69676E2D6A757374696679223E3C7374726F6E673EE585A8E6A0A1E5B888E7949FEFBC9A3C2F7374726F6E673E3C2F703E3C7020636C6173733D22716C2D616C69676E2D6A757374696679223E09E6A0B9E68DAEE3808AE4B8ADE58D8EE4BABAE6B091E585B1E5928CE59BBDE7BD91E7BB9CE5AE89E585A8E6B395E3808BE38081E3808AE4B8ADE58D8EE4BABAE6B091E585B1E5928CE59BBDE695B0E68DAEE5AE89E585A8E6B395E3808BE38081E3808AE4B8ADE58D8EE4BABAE6B091E585B1E5928CE59BBDE4B8AAE4BABAE4BFA1E681AFE4BF9DE68AA4E6B395E3808BE7AD89E6B395E5BE8BE6B395E8A784E5928CE694BFE7AD96E69687E4BBB6E8A681E6B182EFBC8CE4B8A5E6A0BCE890BDE5AE9EE4BA92E88194E7BD91E8AEBFE997AEE5AE9EE5908DE8AEA4E8AF81E588B6E5BAA6EFBC8CE8A784E88C83E5A496E69DA5E8AEBFE5AEA2E7BD91E7BB9CE8AEBFE997AEE7AEA1E79086EFBC8CE5AE9EE8A18CE699BAE685A7E59CB0E5A4A7E58786E585A5E7BB9FE4B880E8BAABE4BBBDE8AEA4E8AF81E588B6E5BAA6EFBC8CE58887E5AE9EE7BBB4E68AA4E6A0A1E59BADE5AE89E585A8E7A8B3E5AE9AEFBC8CE8BF9BE4B880E6ADA5E8A784E88C83E7BD91E7BB9CE7A7A9E5BA8FEFBC8CE58780E58C96E6A0A1E59BADE7BD91E7BB9CE7949FE68081E78EAFE5A283EFBC8CE58AA0E5BCBAE6A0A1E58685E7BD91E7BB9CE5AE89E585A8E7AEA1E79086E58F8AE5B888E7949FE4B8AAE4BABAE4BFA1E681AFE5AE89E585A8EFBC8CE78EB0E5B0B1E58AA0E5BCBAE6A0A1E59BADE7BD91E7BB9CE8B4A6E58FB7E7AEA1E79086E79BB8E585B3E4BA8BE5AE9CE9809AE79FA5E5A682E4B88BEFBC9A3C2F703E3C7020636C6173733D22716C2D616C69676E2D6A757374696679223E09E4B880E38081E5ADA6E6A0A1E68980E69C89E4BFA1E681AFE7B3BBE7BB9FEFBC88E982AEE4BBB6E7B3BBE7BB9FE999A4E5A496EFBC89E5BF85E9A1BBE98787E794A8E4BBA5E5B7A5E58FB7E68896E5ADA6E58FB7E4B8BAE794A8E688B7E5908DE79A84E7BB9FE4B880E7AEA1E79086EFBC8CE4B88DE4BBA5E5B7A5E58FB7E68896E5ADA6E58FB7E4B8BAE794A8E688B7E5908DE79A84E4BFA1E681AFE7B3BBE7BB9FE4BA8E39E69C8831E697A5E5898DE5AE8CE68890E695B4E694B9EFBC8CE4B8A5E6A0BCE689A7E8A18CE2809CE4B880E4BABAE4B880E58FB7E38081E4B893E4BABAE4B893E794A8E38081E8B081E4BDBFE794A8E8B081E8B49FE8B4A3E2809DE79A84E58E9FE58899E380823C2F703E3C7020636C6173733D22716C2D616C69676E2D6A757374696679223E09E4BA8CE38081E4B8A5E7A681E5B086E4B8AAE4BABAE7BD91E7BB9CE8B4A6E58FB7E8BDACE5809FE4BB96E4BABAE4BDBFE794A8EFBC8CE4B8A5E7A681E58692E794A8E38081E79B97E794A8E4BB96E4BABAE8B4A6E58FB7E38082E7B3BBE7BB9FE5B086E5AFB9E79BB8E585B3E8BDACE5809FE38081E58692E794A8E38081E79B97E794A8E68385E5BDA2E887AAE58AA8E5819AE587BAE99990E588B6E585A5E7BD91E7AD89E5A484E79086EFBC8CE5B9B6E5AFB9E79BB8E585B3E4BABAE59198E68C89E785A7E8A784E5AE9AE8BF9BE8A18CE79BB8E5BA94E5A484E79086E38082E794B1E6ADA4E4BAA7E7949FE4BFA1E681AFE6B384E99CB2E38081E68C82E9A9ACE38081E695B0E5AD97E8B584E4BAA7E68D9FE5A4B1E7AD89E7BD91E7BB9CE4BFA1E681AFE5AE89E585A8E4BA8BE4BBB6E79A84E79BB8E585B3E6B395E5BE8BE8B4A3E4BBBBE794B1E4B8AAE4BABAE689BFE68B85E380823C2F703E3C7020636C6173733D22716C2D616C69676E2D6A757374696679223E09E4B889E38081E5AE9AE69C9FE69BB4E694B9E4B8AAE4BABAE5AF86E7A081E5B9B6E5A6A5E59684E4BF9DE7AEA1E38082E59084E4BFA1E681AFE7B3BBE7BB9FE58AA1E5BF85E590AFE794A8E5BCBAE5AF86E7A081E7AD96E795A5EFBC88E5BBBAE8AEAE38E4BD8DE4BBA5E4B88AEFBC8CE58C85E590ABE695B0E5AD97E38081E5A4A7E5B08FE58699E5AD97E6AF8DE38081E789B9E6AE8AE5AD97E7ACA6E7AD89E7BB84E59088EFBC89EFBC8CE981BFE5858DE5BCB1E58FA3E4BBA4E8A2ABE681B6E6848FE7A0B4E8A7A3EFBC8CE980A0E68890E4BFA1E681AFE6B384E99CB2E7AD89E8B4A2E4BAA7E68D9FE5A4B1E58F8AE79BB8E585B3E6B395E5BE8BE9A38EE999A9E380823C2F703E3C7020636C6173733D22716C2D616C69676E2D6A757374696679223E093C2F703E3C7020636C6173733D22716C2D616C69676E2D7269676874223E09E6B2B3E58C97E59CB0E8B4A8E5A4A7E5ADA6E4BFA1E681AFE4B8ADE5BF833C2F703E3C7020636C6173733D22716C2D616C69676E2D7269676874223E32303234E5B9B437E69C883330E697A53C2F703E3C703E3C62723E3C2F703E, '0', 'admin', '2024-11-04 16:32:01', 'admin', '2024-11-04 16:32:01', '管理员', NULL, NULL);
INSERT INTO `sys_notice` VALUES (13, '河北地质大学“新声”大学生朗诵大赛比赛通知', '2', 0x3C7020636C6173733D22716C2D616C69676E2D6A757374696679223E09E4B8BAE6B7B1E585A5E8B4AFE5BDBBE890BDE5AE9EE4B9A0E8BF91E5B9B3E680BBE4B9A6E8AEB0E585B3E4BA8EE69599E882B2E79A84E9878DE8A681E8AEBAE8BFB0E5928CE585B3E4BA8EE8AFADE8A880E69687E58C96E5B7A5E4BD9CE79A84E9878DE8A681E68C87E7A4BAE689B9E7A4BAE7B2BEE7A59EEFBC8CE7A7AFE69E81E68EA8E8BF9BE4B8ADE58D8EE4BC98E7A780E8AFADE8A880E69687E58C96E4BCA0E689BFE58F91E5B195EFBC8CE68F90E58D87E696B0E697B6E4BBA3E5A4A7E5ADA6E7949FE8AFADE8A880E69687E58C96E7B4A0E585BBE4B88EE5BA94E794A8E883BDE58A9BEFBC8CE68993E980A0E5A4A7E5ADA6E7949FE58E9FE5889BE8AFADE8A880E889BAE69CAFE7B2BEE59381EFBC8CE79C81E69599E882B2E58E85E586B3E5AE9AE4B8BEE58A9EE7ACACE4B883E5B18AE2809CE696B0E5A3B0E2809DE5A4A7E5ADA6E7949FE8AFADE8A880E69687E58C96E889BAE69CAFE88A82EFBC8CE6A0B9E68DAEE68891E6A0A1E5AE9EE99985EFBC8CE588B6E5AE9AE69CACE696B9E6A188E380823C2F703E3C7020636C6173733D22716C2D616C69676E2D6A757374696679223E093C7374726F6E673EE4B880E38081E6B4BBE58AA8E4B8BBE9A2983C2F7374726F6E673E3C2F703E3C7020636C6173733D22716C2D616C69676E2D6A757374696679223E09E5A58FE5938DE99D92E698A5E4B98BE6AD8CEFBC8CE585B1E8B0B1E697B6E4BBA3E58D8EE7ABA0E380823C2F703E3C7020636C6173733D22716C2D616C69676E2D6A757374696679223E093C7374726F6E673EE4BA8CE38081E689BFE58A9EE58D95E4BD8D3C2F7374726F6E673E3C2F703E3C7020636C6173733D22716C2D616C69676E2D6A757374696679223E09E6B2B3E58C97E59CB0E8B4A8E5A4A7E5ADA6E889BAE69CAFE5ADA6E999A23C2F703E3C7020636C6173733D22716C2D616C69676E2D6A757374696679223E093C7374726F6E673EE4B889E38081E6B4BBE58AA8E5AFB9E8B1A13C2F7374726F6E673E3C2F703E3C7020636C6173733D22716C2D616C69676E2D6A757374696679223E09E58F82E8B59BE98089E6898BE9A1BBE4B8BAE6B2B3E58C97E59CB0E8B4A8E5A4A7E5ADA6E6ADA3E5BC8FE6B3A8E5868CE79A84E59CA8E6A0A1E5ADA6E7949FEFBC88E58C85E68BACE69CACE7A791E7949FE38081E7A094E7A9B6E7949FE7AD89EFBC89EFBC9BE6AF8FE4BD8DE98089E6898BE58F82E8B59BE4BD9CE59381E4B88DE5BE97E5A49AE4BA8EE4B8A4E4B8AAEFBC8CE4B894E7BB84E59088E5BDA2E5BC8FEFBC88E59088E8AFB5E38081E78BACE8AFB5E7AD89EFBC89E4B88DE883BDE79BB8E5908CEFBC9BE6AF8FE983A8E4BD9CE59381E79A84E58F82E8B59BE4BABAE695B0E4B88DE5BE97E8B685E8BF8736E4BABAEFBC8CE68C87E5AFBCE69599E5B888E4B88DE8B685E8BF8732E4BABAE38082E68AA5E5908DE98787E794A8E5AE9EE5908DE588B6EFBC8CE587ADE69C89E69588E8BAABE4BBBDE8AF81E6988EE58F8AE5ADA6E7B18DE8AF81E6988EE68AA5E5908DE58F82E8B59BEFBC8CE5B9B6E5A1ABE58699E79C9FE5AE9EE69C89E69588E79A84E88194E7B3BBE696B9E5BC8FE380823C2F703E3C7020636C6173733D22716C2D616C69676E2D6A757374696679223E093C7374726F6E673EE59B9BE38081E4BD9CE59381E8A681E6B1823C2F7374726F6E673E3C2F703E3C7020636C6173733D22716C2D616C69676E2D6A757374696679223E09EFBC88E4B880EFBC89E58685E5AEB9E8A681E6B1823C2F703E3C7020636C6173733D22716C2D616C69676E2D6A757374696679223E09E58F82E8B59BE4BD9CE59381E58685E5AEB9E8A681E5BC98E689ACE7A4BEE4BC9AE4B8BBE4B989E6A0B8E5BF83E4BBB7E580BCE8A782EFBC8CE7ACA6E59088E69CACE5B18AE2809CE696B0E5A3B0E2809DE5A4A7E8B59BE4B8BBE9A298EFBC8CE58685E5AEB9E7A7AFE69E81E59091E4B88AEFBC8CE5B195E78EB0E5BD93E4BBA3E5A4A7E5ADA6E7949FE889AFE5A5BDE79A84E7B2BEE7A59EE9A38EE8B28CE5928CE4B893E4B89AE7B4A0E585BBE38082E58F82E8B59BE4BD9CE59381E4B88DE5BE97E590ABE69C89E889B2E68385E38081E69AB4E58A9BE38081E58F8DE58AA8E68896E69C89E68296E7A4BEE4BC9AE4B8BBE4B989E6A0B8E5BF83E4BBB7E580BCE8A782E79A84E58685E5AEB9EFBC8CE4B88DE5BE97E4B88EE59BBDE5AEB6E6B395E5BE8BE38081E6B395E8A784E79BB8E68AB5E8A7A6EFBC8CE4B88DE6B689E58F8AE89197E4BD9CE69D83E38081E78988E69D83E38081E88296E5838FE69D83E38081E5908DE8AA89E69D83E38081E99A90E7A781E69D83E7AD89E79BB8E585B3E6B395E5BE8BE7BAA0E7BAB7E38082E4BD9CE59381E5BA94E4BD93E78EB0E2809CE696B0E5A3B0E2809DE789B9E889B2EFBC8CE4B8BAE2809CE58E9FE5889BE2809DE68896E2809CE694B9E7BC96E2809DEFBC88E5BDB1E8A786E589A7E68896E69687E5ADA6E4BD9CE59381E59CA8E8889EE58FB0E69C97E8AFB5E889BAE69CAFE5BDA2E5BC8FE4B88AE5889BE696B0EFBC89E4BD9CE59381EFBC8CE7BB8FE585B8E4BD9CE59381E8AFB5E8AFBBE4B88DE59CA8E58F82E98089E4B98BE58897E38082E59CA8E58F82E8B59BE69C9FE997B4E58E9FE58899E4B88AE4B88DE5BE97E69BB4E68DA2E4BD9CE59381E380823C2F703E3C7020636C6173733D22716C2D616C69676E2D6A757374696679223E09EFBC88E4BA8CEFBC89E5BDA2E5BC8FE8A681E6B1823C2F703E3C7020636C6173733D22716C2D616C69676E2D6A757374696679223E09E58F82E8B59BE4BD9CE59381E8A681E6B182E4B8BA32303234E5B9B4E696B0E5889BE4BD9CE5BD95E588B6E79A84E8A786E9A2912CE9AB98E6B885313932302A31303830E6A8AAE5B18FE68B8DE691842CE6A0BCE5BC8FE4B8BA4D50342CE697B6E995BFE4B88DE5BE97E8B685E8BF8737E58886E9929FEFBC8CE59BBEE5838FE38081E5A3B0E99FB3E6B885E699B02CE4B88DE68A96E58AA8E38081E697A0E599AAE99FB3E38082E8A786E9A291E4BD9CE59381E5BF85E9A1BBE5908CE69C9FE5BD95E99FB32CE4B88DE5BE97E5908EE69C9FE9858DE99FB3E38082E8A786E9A291E69687E5AD97E5BBBAE8AEAEE4BDBFE794A8E696B9E6ADA3E5AD97E5BA93E5AD97E4BD93E68896E585B6E4BB96E69C89E78988E69D83E79A84E5AD97E4BD932CE8A786E9A291E4B8ADE4B88DE5BE97E4BDBFE794A8E69CAAE7BB8FE88296E5838FE69D83E4BABAE5908CE6848FE79A84E88296E5838F2CE4B88DE5BE97E4BDBFE794A8E69CAAE7BB8FE68E88E69D83E79A84E59BBEE78987E38081E8A786E9A291E5928CE99FB3E9A2912CE4B88DE5BE97E587BAE78EB0E4B88EE5A4A7E8B59BE697A0E585B3E79A84E69DA1E5B985E38081E8A792E6A087E7AD89E380823C2F703E3C7020636C6173733D22716C2D616C69676E2D6A757374696679223E09EFBC88E4B889EFBC89E585B6E4BB96E8A681E6B1823C2F703E3C7020636C6173733D22716C2D616C69676E2D6A757374696679223E09E8A786E9A291E4BD9CE59381E78987E5A4B4E8A681E6B182E8A784E88C83E5A1ABE58699E4BD9CE59381E5908DE7A7B0E38081E58F82E8B59BE88085E5A793E5908DE38081E68C87E5AFBCE88081E5B888E5A793E5908DE38081E5ADA6E999A2E5908DE7A7B0E38082E4BD9CE59381E4B88AE4BCA0E697B6E997B4E688AAE6ADA2E5908E2CE79BB8E585B3E4BFA1E681AFE4B88DE5BE97E69BB4E694B9E380823C2F703E3C7020636C6173733D22716C2D616C69676E2D6A757374696679223E093C7374726F6E673EE4BA94E38081E68AA5E5908DE8A681E6B1823C2F7374726F6E673E3C2F703E3C7020636C6173733D22716C2D616C69676E2D6A757374696679223E09E59084E58F82E8B59BE98089E6898BE4BBA5E68980E59CA8E5ADA6E999A2E4B8BAE58D95E4BD8DE68F90E4BAA4E4B880E4B8AAE799BEE5BAA6E4BA91E79B98E69687E4BBB6E5A4B9EFBC8CE69687E4BBB6E5A4B9E8AFB7E6B3A8E6988EE5ADA6E999A2E5908DE7A7B0E38081E4BD9CE59381E695B0E9878FE38082E8AFB7E5B086E799BEE5BAA6E4BA91E69687E4BBB6E5A4B9E993BEE68EA5E58F91E98081E887B3E689BFE58A9EE58D95E4BD8DE5B7A5E4BD9CE982AEE7AEB1EFBC9A797379737879407669702E3136332E636F6D20E38082E69687E4BBB6E5A4B9E58685E4BBA5E4BD9CE59381E4B8BAE58D95E4BD8DE5889BE5BBBAE5AD90E69687E4BBB6E5A4B9EFBC8CE6AF8FE4B8AAE5AD90E69687E4BBB6E5A4B9E5908DE7A7B0E4B8BAE2809CE4BD9CE59381E5908DE7A7B0585858EFBC8C585858E5ADA6E999A2E2809DEFBC8CE69687E4BBB6E5A4B9E58685E99C80E58C85E68BACEFBC9AE291A0E58F82E8B59BE4BD9CE59381E8A786E9A291EFBC88E5908DE7A7B0E4B88EE69687E4BBB6E5A4B9E5908DE7A7B0E79BB8E5908CEFBC89EFBC9BE291A1323030E5AD97E4BBA5E58685E4BD9CE59381E4BB8BE7BB8DEFBC9BE291A2E4BD9CE59381E5AE8CE695B4E69687E69CACEFBC9BE291A3E7ACACE4B883E5B18AE2809CE696B0E5A3B0E2809DE5A4A7E5ADA6E7949FE8AFADE8A880E69687E58C96E889BAE69CAFE88A82E68AA5E5908DE4BFA1E681AFE8A1A8EFBC88E8A781E99984E4BBB6EFBC89E380823C2F703E3C7020636C6173733D22716C2D616C69676E2D6A757374696679223E093C7374726F6E673EE585ADE38081E697B6E997B4E5AE89E68E923C2F7374726F6E673E3C2F703E3C7020636C6173733D22716C2D616C69676E2D6A757374696679223E09EFBC88E4B880EFBC89E4BD9CE59381E68AA5E98081E697B6E997B4EFBC9A32303234E5B9B437E69C883235E697A5E5898DE380823C2F703E3C7020636C6173733D22716C2D616C69676E2D6A757374696679223E09EFBC88E4BA8CEFBC89E8AF84E98089E697B6E997B4EFBC9A32303234E5B9B437E69C883236E697A5E887B33330E697A5E38082E4BBA5E8A786E9A291E8AF84E5AEA1E696B9E5BC8FE8BF9BE8A18CE5889DE8B59BE38082E7BB84E7BB87E8AF84E5A794E4BB8EE68AA5E98081E4BD9CE59381E4B8ADE8AF84E98089E587BAE4BC98E7A780E4BD9CE59381EFBC8CE7BB9FE4B880E68EA8E88D90E585A5E59BB4E79C81E7BAA7E5A4A7E8B59BE4BD9CE59381E380823C2F703E3C7020636C6173733D22716C2D616C69676E2D6A757374696679223E093C7374726F6E673EE4B883E38081E5A596E9A1B9E8AEBEE7BDAE3C2F7374726F6E673E3C2F703E3C7020636C6173733D22716C2D616C69676E2D6A757374696679223E09E58886E8AEBEE4B880E38081E4BA8CE38081E4B889E7AD89E5A596E88BA5E5B9B2E5908DEFBC9BE4BC98E7A780E68C87E5AFBCE69599E5B888E5A596E58886E588ABE794B1E5ADA6E7949FE7BB84E4B880E38081E4BA8CE38081E4B889E7AD89E5A596E79A84E68C87E5AFBCE69599E5B888E88EB7E5BE97EFBC9BE4BC98E7A780E7BB84E7BB87E5A596E99DA2E59091E8B59BE4BA8BE7BB84E7BB87E58D95E4BD8DEFBC8CE6A0B9E68DAEE59084E58D95E4BD8DE6B4BBE58AA8E7BB84E7BB87E5AEA3E4BCA0E5B7A5E4BD9CE38081E58F82E8B59BE5B888E7949FE4BD9CE59381E8B4A8E9878FE7AD89E68385E586B5E8AF84E98089EFBC8CE794B1E5ADA6E6A0A1E9A281E58F91E8AF81E4B9A6E380823C2F703E3C7020636C6173733D22716C2D616C69676E2D6A757374696679223E093C7374726F6E673EE585ABE38081E88194E7B3BBE696B9E5BC8F3C2F7374726F6E673E3C2F703E3C7020636C6173733D22716C2D616C69676E2D6A757374696679223E09E6B2B3E58C97E59CB0E8B4A8E5A4A7E5ADA6E889BAE69CAFE5ADA6E999A2E88194E7B3BBE4BABAEFBC9AE9A9ACE5B08FE5BA863C2F703E3C7020636C6173733D22716C2D616C69676E2D6A757374696679223E09E88194E7B3BBE794B5E8AF9DEFBC9A3138333332323936323939EFBC88E5908CE5BEAEE4BFA1EFBC893C2F703E3C7020636C6173733D22716C2D616C69676E2D6A757374696679223E093C2F703E3C7020636C6173733D22716C2D616C69676E2D7269676874223E09E6B2B3E58C97E59CB0E8B4A8E5A4A7E5ADA6E69599E58AA1E5A4843C2F703E3C7020636C6173733D22716C2D616C69676E2D7269676874223E09E6B2B3E58C97E59CB0E8B4A8E5A4A7E5ADA6E8AFADE8A880E69687E5AD97E58A9EE585ACE5AEA43C2F703E3C7020636C6173733D22716C2D616C69676E2D7269676874223E09E6B2B3E58C97E59CB0E8B4A8E5A4A7E5ADA6E889BAE69CAFE5ADA6E999A23C2F703E3C7020636C6173733D22716C2D616C69676E2D7269676874223E0932303234E5B9B437E69C8834E697A53C2F703E3C703E3C62723E3C2F703E, '0', 'admin', '2024-11-04 16:32:29', 'admin', '2024-11-04 16:32:29', '管理员', NULL, NULL);
INSERT INTO `sys_notice` VALUES (14, '河北地质大学老校区四季风光纪录片等视频拍摄制作项目询价公告', '2', 0x3C7020636C6173733D22716C2D616C69676E2D6A757374696679223E09E4B880E38081E9A1B9E79BAEE59FBAE69CACE68385E586B53C2F703E3C7020636C6173733D22716C2D616C69676E2D6A757374696679223E09E98787E8B4ADE7BC96E58FB7EFBC9AE697A03C2F703E3C7020636C6173733D22716C2D616C69676E2D6A757374696679223E09E9A1B9E79BAEE5908DE7A7B0EFBC9AE6B2B3E58C97E59CB0E8B4A8E5A4A7E5ADA6E88081E6A0A1E58CBAE59B9BE5ADA3E9A38EE58589E7BAAAE5BD95E78987E7AD89E8A786E9A291E68B8DE69184E588B6E4BD9CE9A1B9E79BAE3C2F703E3C7020636C6173733D22716C2D616C69676E2D6A757374696679223E09E98787E8B4ADE696B9E5BC8FEFBC9AE8AFA2E4BBB73C2F703E3C7020636C6173733D22716C2D616C69676E2D6A757374696679223E09E9A1B9E79BAEE5AE9EE696BDE59CB0E782B9EFBC9AE98787E8B4ADE4BABAE68C87E5AE9AE59CB0E782B93C2F703E3C7020636C6173733D22716C2D616C69676E2D6A757374696679223E09E98787E8B4ADE697B6E997B4EFBC9A32303234E5B9B436E69C88EFBC9B3C2F703E3C7020636C6173733D22716C2D616C69676E2D6A757374696679223E09E4BA8CE38081E4BE9BE5BA94E59586E79A84E8B584E6A0BCE8A681E6B182EFBC9A3C2F703E3C7020636C6173733D22716C2D616C69676E2D6A757374696679223E09312EE6BBA1E8B6B3E3808AE4B8ADE58D8EE4BABAE6B091E585B1E5928CE59BBDE694BFE5BA9CE98787E8B4ADE6B395E3808BE7ACACE4BA8CE58D81E4BA8CE69DA1E8A784E5AE9A3C2F703E3C7020636C6173733D22716C2D616C69676E2D6A757374696679223E09322EE890BDE5AE9EE694BFE5BA9CE98787E8B4ADE694BFE7AD96E99C80E6BBA1E8B6B3E79A84E8B584E6A0BCE8A681E6B182EFBC9AE697A03C2F703E3C7020636C6173733D22716C2D616C69676E2D6A757374696679223E09332EE69CACE9A1B9E79BAEE79A84E789B9E5AE9AE8B584E6A0BCE8A681E6B182EFBC9AE5B9BFE692ADE794B5E8A786E7BB8FE890A5E8AEB8E58FAFE8AF813C2F703E3C7020636C6173733D22716C2D616C69676E2D6A757374696679223E09342EE69CACE9A1B9E79BAEE4B88DE68EA5E58F97E88194E59088E4BD933C2F703E3C7020636C6173733D22716C2D616C69676E2D6A757374696679223E09E4B889E38081E88EB7E58F96E98787E8B4ADE69687E4BBB63C2F703E3C7020636C6173733D22716C2D616C69676E2D6A757374696679223E09E697B6E997B4EFBC9A32303234E5B9B43036E69C883236E697A5E887B332303233E5B9B436E69C883238E697A5EFBC8CE4B88AE58D883039E697B63030E58886E887B33132E697B63030E58886EFBC8CE4B88BE58D883134E697B63030E58886E887B33137E697B63030E58886EFBC8CE980BEE69C9FE5B086E4B88DE4BA88E58F97E79086E380823C2F703E3C7020636C6173733D22716C2D616C69676E2D6A757374696679223E09E88EB7E58F96E696B9E5BC8FEFBC9AE69FA5E9AA8CE890A5E4B89AE689A7E785A7E38081E5B9BFE692ADE794B5E8A786E88A82E79BAEE7BB8FE890A5E8AEB8E58FAFE8AF81E7AD89E8AF81E4BBB6E69C89E69588E59088E6A0BCE5908EEFBC8CE78EB0E59CBAE58F91E694BEE8AFA2E4BBB7E69687E4BBB6E380823C2F703E3C7020636C6173733D22716C2D616C69676E2D6A757374696679223E09E59B9BE38081E5938DE5BA94E69687E4BBB6E79A84E98092E4BAA43C2F703E3C7020636C6173733D22716C2D616C69676E2D6A757374696679223E09E5938DE5BA94E69687E4BBB6E98092E4BAA4E688AAE6ADA2E5928CE8AFA2E4BBB7E697B6E997B4EFBC9AE697B6E997B4EFBC9A32303234E5B9B43037E69C883031E697A5E887B332303233E5B9B43037E69C883032E697A5EFBC8CE4B88AE58D883039E697B63030E58886E887B33131E697B63030E58886EFBC8CE4B88BE58D883135E697B63030E58886E887B33137E697B63030E58886E380823C2F703E3C7020636C6173733D22716C2D616C69676E2D6A757374696679223E09E5938DE5BA94E69687E4BBB6E98092E4BAA4E5928CE8AFA2E4BBB7E59CB0E782B9EFBC9AE6B2B3E58C97E59CB0E8B4A8E5A4A7E5ADA6E380823C2F703E3C7020636C6173733D22716C2D616C69676E2D6A757374696679223E09E4BA94E38081E5BC80E590AF3C2F703E3C7020636C6173733D22716C2D616C69676E2D6A757374696679223E09E697B6E997B4EFBC9A32303233E5B9B43037E69C883033E697A53130E697B63030E58886EFBC88E58C97E4BAACE697B6E997B4EFBC893C2F703E3C7020636C6173733D22716C2D616C69676E2D6A757374696679223E09E59CB0E782B9EFBC9AE6B2B3E58C97E59CB0E8B4A8E5A4A7E5ADA63C2F703E3C7020636C6173733D22716C2D616C69676E2D6A757374696679223E09E585ADE38081E585B6E4BB96E8A1A5E58585E4BA8BE5AE9C3C2F703E3C7020636C6173733D22716C2D616C69676E2D6A757374696679223E09E697A03C2F703E3C7020636C6173733D22716C2D616C69676E2D6A757374696679223E09E4B883E38081E587A1E5AFB9E69CACE6ACA1E98787E8B4ADE68F90E587BAE8AFA2E997AEEFBC8CE8AFB7E68C89E4BBA5E4B88BE696B9E5BC8FE88194E7B3BBE380823C2F703E3C7020636C6173733D22716C2D616C69676E2D6A757374696679223E09E98787E8B4ADE4BABAE4BFA1E681AF3C2F703E3C7020636C6173733D22716C2D616C69676E2D6A757374696679223E09E5908D20E7A7B0EFBC9AE6B2B3E58C97E59CB0E8B4A8E5A4A7E5ADA63C2F703E3C7020636C6173733D22716C2D616C69676E2D6A757374696679223E09E59CB020E59D80EFBC9AE79FB3E5AEB6E5BA84E5B882E6A790E5AE89E4B89CE8B7AF313336E58FB7E4B8BBE6A5BC323330E688BFE997B43C2F703E3C7020636C6173733D22716C2D616C69676E2D6A757374696679223E09E88194E7B3BBE696B9E5BC8FEFBC9AE794B5E8AF9DEFBC9A383732303733373120E88194E7B3BBE4BABAEFBC9AE78E8BE88081E5B8883C2F703E3C7020636C6173733D22716C2D616C69676E2D7269676874223E09E6B2B3E58C97E59CB0E8B4A8E5A4A7E5ADA63C2F703E3C7020636C6173733D22716C2D616C69676E2D7269676874223E0932303234E5B9B436E69C883236E697A53C2F703E3C703E3C62723E3C2F703E, '0', 'admin', '2024-11-04 16:32:57', 'admin', '2024-11-04 16:32:57', NULL, ' ', 1);
INSERT INTO `sys_notice` VALUES (15, '【数据结构】课程可以开始在线学习', '2', 0x3C703E3C7374726F6E6720636C6173733D22716C2D73697A652D6C61726765223EE695B0E68DAEE7BB93E69E843C2F7374726F6E673E3C7370616E20636C6173733D22716C2D73697A652D6C61726765223EE58FAFE4BBA5E5BC80E5A78B3C2F7370616E3E3C7520636C6173733D22716C2D73697A652D6C61726765223EE59CA8E7BABFE5ADA6E4B9A03C2F753E3C2F703E, '0', 'admin', '2024-11-04 16:34:05', 'admin', '2024-11-04 16:34:05', NULL, '101', 4);
INSERT INTO `sys_notice` VALUES (16, '【高等数学】课程可以开始在线学习', '2', 0x3C703E3C7370616E20636C6173733D22716C2D73697A652D6C61726765223EE380903C2F7370616E3E3C7374726F6E6720636C6173733D22716C2D73697A652D6C61726765223EE9AB98E7AD89E695B0E5ADA63C2F7374726F6E673E3C7370616E20636C6173733D22716C2D73697A652D6C61726765223EE38091E8AFBEE7A88BE58FAFE4BBA5E5BC80E5A78B3C2F7370616E3E3C7370616E20636C6173733D22716C2D73697A652D6C6172676522207374796C653D22636F6C6F723A20726762283130322C203138352C20313032293B223EE59CA8E7BABFE5ADA6E4B9A03C2F7370616E3E3C2F703E, '0', 'admin', '2024-11-04 16:34:34', 'admin', '2024-11-04 16:34:34', '管理员', '101', 2);
INSERT INTO `sys_notice` VALUES (17, '【线性代数】课程可以开始在线学习', '1', 0x3C703E3C7370616E20636C6173733D22716C2D73697A652D68756765223EE380903C2F7370616E3E3C7370616E20636C6173733D22716C2D73697A652D6875676522207374796C653D22636F6C6F723A2072676228302C203130322C20323034293B223EE7BABFE680A7E4BBA3E695B03C2F7370616E3E3C7370616E20636C6173733D22716C2D73697A652D68756765223EE38091E8AFBEE7A88BE58FAFE4BBA5E5BC80E5A78BE59CA8E7BABFE5ADA6E4B9A03C2F7370616E3E3C2F703E, '0', 'admin', '2024-11-04 16:34:57', 'admin', '2024-11-04 16:34:57', '管理员', NULL, 1);

-- ----------------------------
-- Table structure for sys_oper_log
-- ----------------------------
DROP TABLE IF EXISTS `sys_oper_log`;
CREATE TABLE `sys_oper_log`  (
  `oper_id` bigint NOT NULL AUTO_INCREMENT COMMENT '日志主键',
  `title` varchar(50) CHARACTER SET utf8mb4 COLLATE utf8mb4_0900_ai_ci NULL DEFAULT '' COMMENT '模块标题',
  `business_type` int NULL DEFAULT 0 COMMENT '业务类型（0其它 1新增 2修改 3删除）',
  `method` varchar(200) CHARACTER SET utf8mb4 COLLATE utf8mb4_0900_ai_ci NULL DEFAULT '' COMMENT '方法名称',
  `request_method` varchar(10) CHARACTER SET utf8mb4 COLLATE utf8mb4_0900_ai_ci NULL DEFAULT '' COMMENT '请求方式',
  `operator_type` int NULL DEFAULT 0 COMMENT '操作类别（0其它 1后台用户 2手机端用户）',
  `oper_name` varchar(50) CHARACTER SET utf8mb4 COLLATE utf8mb4_0900_ai_ci NULL DEFAULT '' COMMENT '操作人员',
  `dept_name` varchar(50) CHARACTER SET utf8mb4 COLLATE utf8mb4_0900_ai_ci NULL DEFAULT '' COMMENT '部门名称',
  `oper_url` varchar(255) CHARACTER SET utf8mb4 COLLATE utf8mb4_0900_ai_ci NULL DEFAULT '' COMMENT '请求URL',
  `oper_ip` varchar(128) CHARACTER SET utf8mb4 COLLATE utf8mb4_0900_ai_ci NULL DEFAULT '' COMMENT '主机地址',
  `oper_location` varchar(255) CHARACTER SET utf8mb4 COLLATE utf8mb4_0900_ai_ci NULL DEFAULT '' COMMENT '操作地点',
  `oper_param` varchar(2000) CHARACTER SET utf8mb4 COLLATE utf8mb4_0900_ai_ci NULL DEFAULT '' COMMENT '请求参数',
  `json_result` varchar(2000) CHARACTER SET utf8mb4 COLLATE utf8mb4_0900_ai_ci NULL DEFAULT '' COMMENT '返回参数',
  `status` int NULL DEFAULT 0 COMMENT '操作状态（0正常 1异常）',
  `error_msg` varchar(2000) CHARACTER SET utf8mb4 COLLATE utf8mb4_0900_ai_ci NULL DEFAULT '' COMMENT '错误消息',
  `oper_time` datetime NULL DEFAULT NULL COMMENT '操作时间',
  `cost_time` bigint NULL DEFAULT 0 COMMENT '消耗时间',
  PRIMARY KEY (`oper_id`) USING BTREE,
  INDEX `idx_sys_oper_log_bt`(`business_type` ASC) USING BTREE,
  INDEX `idx_sys_oper_log_s`(`status` ASC) USING BTREE,
  INDEX `idx_sys_oper_log_ot`(`oper_time` ASC) USING BTREE
) ENGINE = InnoDB AUTO_INCREMENT = 376 CHARACTER SET = utf8mb4 COLLATE = utf8mb4_0900_ai_ci COMMENT = '操作日志记录' ROW_FORMAT = DYNAMIC;

-- ----------------------------
-- Records of sys_oper_log
-- ----------------------------
INSERT INTO `sys_oper_log` VALUES (100, '用户头像', 2, 'site.hgu7.web.controller.system.SysProfileController.avatar()', 'POST', 1, 'admin', '研发部门', '/system/user/profile/avatar', '127.0.0.1', '内网IP', '', '{\"msg\":\"操作成功\",\"imgUrl\":\"/profile/avatar/2024/10/23/头像_20241023104012A001.jpg\",\"code\":200}', 0, NULL, '2024-10-23 10:40:12', 102);
INSERT INTO `sys_oper_log` VALUES (101, '代码生成', 6, 'site.hgu7.generator.controller.GenController.importTableSave()', 'POST', 1, 'admin', '研发部门', '/tool/gen/importTable', '127.0.0.1', '内网IP', '{\"tables\":\"course,course_chapters,course_enrollments\"}', '{\"msg\":\"操作成功\",\"code\":200}', 0, NULL, '2024-10-26 22:37:25', 152);
INSERT INTO `sys_oper_log` VALUES (102, '代码生成', 2, 'site.hgu7.generator.controller.GenController.editSave()', 'PUT', 1, 'admin', '研发部门', '/tool/gen', '127.0.0.1', '内网IP', '{\"businessName\":\"chapters\",\"className\":\"CourseChapters\",\"columns\":[{\"capJavaField\":\"ChapterId\",\"columnComment\":\"章节id\",\"columnId\":10,\"columnName\":\"chapter_id\",\"columnType\":\"int\",\"createBy\":\"admin\",\"createTime\":\"2024-10-26 22:37:25\",\"dictType\":\"\",\"edit\":false,\"htmlType\":\"input\",\"increment\":true,\"insert\":true,\"isIncrement\":\"1\",\"isInsert\":\"1\",\"isPk\":\"1\",\"isRequired\":\"0\",\"javaField\":\"chapterId\",\"javaType\":\"Long\",\"list\":false,\"params\":{},\"pk\":true,\"query\":false,\"queryType\":\"EQ\",\"required\":false,\"sort\":1,\"superColumn\":false,\"tableId\":2,\"updateBy\":\"\",\"usableColumn\":false},{\"capJavaField\":\"CourseId\",\"columnComment\":\"课程id\",\"columnId\":11,\"columnName\":\"course_id\",\"columnType\":\"int\",\"createBy\":\"admin\",\"createTime\":\"2024-10-26 22:37:25\",\"dictType\":\"\",\"edit\":true,\"htmlType\":\"input\",\"increment\":false,\"insert\":true,\"isEdit\":\"1\",\"isIncrement\":\"0\",\"isInsert\":\"1\",\"isList\":\"1\",\"isPk\":\"0\",\"isQuery\":\"1\",\"isRequired\":\"0\",\"javaField\":\"courseId\",\"javaType\":\"Long\",\"list\":true,\"params\":{},\"pk\":false,\"query\":true,\"queryType\":\"EQ\",\"required\":false,\"sort\":2,\"superColumn\":false,\"tableId\":2,\"updateBy\":\"\",\"usableColumn\":false},{\"capJavaField\":\"ChapterTitle\",\"columnComment\":\"章节标题\",\"columnId\":12,\"columnName\":\"chapter_title\",\"columnType\":\"varchar(255)\",\"createBy\":\"admin\",\"createTime\":\"2024-10-26 22:37:25\",\"dictType\":\"\",\"edit\":true,\"htmlType\":\"input\",\"increment\":false,\"insert\":true,\"isEdit\":\"1\",\"isIncrement\":\"0\",\"isInsert\":\"1\",\"isList\":\"1\",\"isPk\":\"0\",\"isQuery\":\"1\",\"isRequired\":\"0\",\"javaField\":\"chapterTitle\",\"javaType\":\"String\",\"list\":true,\"params\":{},\"pk\":false,\"query\":true,\"queryType\":\"EQ\",\"required\":false,\"sort\":3,\"superColumn\":false,\"tableId\":2,\"updateBy\":\"\",\"usableColumn\":false},{\"capJavaField\":\"ChapterDescription\",\"columnComment\":\"章节描述\",\"columnId\":13,\"columnName\":\"chapter_description\",\"columnType\":\"varchar(255)\",\"createBy\":\"admin\",\"createTime\":\"2024-10-26 22:37:25\",\"dictType\":\"\",\"edit\":true,\"htmlType\":\"input\",\"increment\":false,\"insert\":true,\"isEdit\":\"1\",\"isIncrement\":\"0\",\"isInsert\":\"1\",\"isList\":\"1\"', '{\"msg\":\"操作成功\",\"code\":200}', 0, NULL, '2024-10-26 22:38:31', 28);
INSERT INTO `sys_oper_log` VALUES (103, '代码生成', 2, 'site.hgu7.generator.controller.GenController.editSave()', 'PUT', 1, 'admin', '研发部门', '/tool/gen', '127.0.0.1', '内网IP', '{\"businessName\":\"chapters\",\"className\":\"CourseChapters\",\"columns\":[{\"capJavaField\":\"ChapterId\",\"columnComment\":\"章节id\",\"columnId\":10,\"columnName\":\"chapter_id\",\"columnType\":\"int\",\"createBy\":\"admin\",\"createTime\":\"2024-10-26 22:37:25\",\"dictType\":\"\",\"edit\":false,\"htmlType\":\"input\",\"increment\":true,\"insert\":true,\"isIncrement\":\"1\",\"isInsert\":\"1\",\"isPk\":\"1\",\"isRequired\":\"0\",\"javaField\":\"chapterId\",\"javaType\":\"Long\",\"list\":false,\"params\":{},\"pk\":true,\"query\":false,\"queryType\":\"EQ\",\"required\":false,\"sort\":1,\"superColumn\":false,\"tableId\":2,\"updateBy\":\"\",\"updateTime\":\"2024-10-26 22:38:31\",\"usableColumn\":false},{\"capJavaField\":\"CourseId\",\"columnComment\":\"课程id\",\"columnId\":11,\"columnName\":\"course_id\",\"columnType\":\"int\",\"createBy\":\"admin\",\"createTime\":\"2024-10-26 22:37:25\",\"dictType\":\"\",\"edit\":true,\"htmlType\":\"input\",\"increment\":false,\"insert\":true,\"isEdit\":\"1\",\"isIncrement\":\"0\",\"isInsert\":\"1\",\"isList\":\"1\",\"isPk\":\"0\",\"isQuery\":\"1\",\"isRequired\":\"0\",\"javaField\":\"courseId\",\"javaType\":\"Long\",\"list\":true,\"params\":{},\"pk\":false,\"query\":true,\"queryType\":\"EQ\",\"required\":false,\"sort\":2,\"superColumn\":false,\"tableId\":2,\"updateBy\":\"\",\"updateTime\":\"2024-10-26 22:38:31\",\"usableColumn\":false},{\"capJavaField\":\"ChapterTitle\",\"columnComment\":\"章节标题\",\"columnId\":12,\"columnName\":\"chapter_title\",\"columnType\":\"varchar(255)\",\"createBy\":\"admin\",\"createTime\":\"2024-10-26 22:37:25\",\"dictType\":\"\",\"edit\":true,\"htmlType\":\"input\",\"increment\":false,\"insert\":true,\"isEdit\":\"1\",\"isIncrement\":\"0\",\"isInsert\":\"1\",\"isList\":\"1\",\"isPk\":\"0\",\"isQuery\":\"1\",\"isRequired\":\"0\",\"javaField\":\"chapterTitle\",\"javaType\":\"String\",\"list\":true,\"params\":{},\"pk\":false,\"query\":true,\"queryType\":\"EQ\",\"required\":false,\"sort\":3,\"superColumn\":false,\"tableId\":2,\"updateBy\":\"\",\"updateTime\":\"2024-10-26 22:38:31\",\"usableColumn\":false},{\"capJavaField\":\"ChapterDescription\",\"columnComment\":\"章节描述\",\"columnId\":13,\"columnName\":\"chapter_description\",\"columnType\":\"varchar(255)\",\"createBy\":\"admin\",\"createTime\":\"2024-10-26 22:37:25\",\"dictType\":\"\",\"edit\":true,\"htm', '{\"msg\":\"操作成功\",\"code\":200}', 0, NULL, '2024-10-26 22:38:39', 37);
INSERT INTO `sys_oper_log` VALUES (104, '代码生成', 2, 'site.hgu7.generator.controller.GenController.editSave()', 'PUT', 1, 'admin', '研发部门', '/tool/gen', '127.0.0.1', '内网IP', '{\"businessName\":\"course\",\"className\":\"Course\",\"columns\":[{\"capJavaField\":\"CourseId\",\"columnComment\":\"课程id\\r\\n\",\"columnId\":1,\"columnName\":\"course_id\",\"columnType\":\"int\",\"createBy\":\"admin\",\"createTime\":\"2024-10-26 22:37:25\",\"dictType\":\"\",\"edit\":false,\"htmlType\":\"input\",\"increment\":true,\"insert\":true,\"isIncrement\":\"1\",\"isInsert\":\"1\",\"isPk\":\"1\",\"isRequired\":\"0\",\"javaField\":\"courseId\",\"javaType\":\"Long\",\"list\":false,\"params\":{},\"pk\":true,\"query\":false,\"queryType\":\"EQ\",\"required\":false,\"sort\":1,\"superColumn\":false,\"tableId\":1,\"updateBy\":\"\",\"usableColumn\":false},{\"capJavaField\":\"CourseName\",\"columnComment\":\"课程名\\r\\n\",\"columnId\":2,\"columnName\":\"course_name\",\"columnType\":\"varchar(255)\",\"createBy\":\"admin\",\"createTime\":\"2024-10-26 22:37:25\",\"dictType\":\"\",\"edit\":true,\"htmlType\":\"input\",\"increment\":false,\"insert\":true,\"isEdit\":\"1\",\"isIncrement\":\"0\",\"isInsert\":\"1\",\"isList\":\"1\",\"isPk\":\"0\",\"isQuery\":\"1\",\"isRequired\":\"0\",\"javaField\":\"courseName\",\"javaType\":\"String\",\"list\":true,\"params\":{},\"pk\":false,\"query\":true,\"queryType\":\"LIKE\",\"required\":false,\"sort\":2,\"superColumn\":false,\"tableId\":1,\"updateBy\":\"\",\"usableColumn\":false},{\"capJavaField\":\"CourseDescription\",\"columnComment\":\"课程简介\\r\\n\",\"columnId\":3,\"columnName\":\"course_description\",\"columnType\":\"varchar(255)\",\"createBy\":\"admin\",\"createTime\":\"2024-10-26 22:37:25\",\"dictType\":\"\",\"edit\":true,\"htmlType\":\"input\",\"increment\":false,\"insert\":true,\"isEdit\":\"1\",\"isIncrement\":\"0\",\"isInsert\":\"1\",\"isList\":\"1\",\"isPk\":\"0\",\"isQuery\":\"1\",\"isRequired\":\"0\",\"javaField\":\"courseDescription\",\"javaType\":\"String\",\"list\":true,\"params\":{},\"pk\":false,\"query\":true,\"queryType\":\"EQ\",\"required\":false,\"sort\":3,\"superColumn\":false,\"tableId\":1,\"updateBy\":\"\",\"usableColumn\":false},{\"capJavaField\":\"UserId\",\"columnComment\":\"创建者id\\r\\n\",\"columnId\":4,\"columnName\":\"user_id\",\"columnType\":\"int\",\"createBy\":\"admin\",\"createTime\":\"2024-10-26 22:37:25\",\"dictType\":\"\",\"edit\":true,\"htmlType\":\"input\",\"increment\":false,\"insert\":true,\"isEdit\":\"1\",\"isIncrement\":\"0\",\"isInsert\":\"1\",\"isList\":\"1\"', '{\"msg\":\"操作成功\",\"code\":200}', 0, NULL, '2024-10-26 22:38:55', 35);
INSERT INTO `sys_oper_log` VALUES (105, '个人信息', 2, 'site.hgu7.web.controller.system.SysProfileController.updateProfile()', 'PUT', 1, 'admin', '研发部门', '/system/user/profile', '127.0.0.1', '内网IP', '{\"admin\":false,\"email\":\"ry@163.com\",\"nickName\":\"何梓铭\",\"params\":{},\"phonenumber\":\"15888888888\",\"sex\":\"1\"}', '{\"msg\":\"操作成功\",\"code\":200}', 0, NULL, '2024-10-26 22:39:04', 14);
INSERT INTO `sys_oper_log` VALUES (106, '个人信息', 2, 'site.hgu7.web.controller.system.SysProfileController.updateProfile()', 'PUT', 1, 'admin', '研发部门', '/system/user/profile', '127.0.0.1', '内网IP', '{\"admin\":false,\"email\":\"ry@163.com\",\"nickName\":\"何梓铭\",\"params\":{},\"phonenumber\":\"15888888888\",\"sex\":\"0\"}', '{\"msg\":\"操作成功\",\"code\":200}', 0, NULL, '2024-10-26 22:39:05', 7);
INSERT INTO `sys_oper_log` VALUES (107, '代码生成', 2, 'site.hgu7.generator.controller.GenController.editSave()', 'PUT', 1, 'admin', '研发部门', '/tool/gen', '127.0.0.1', '内网IP', '{\"businessName\":\"enrollments\",\"className\":\"CourseEnrollments\",\"columns\":[{\"capJavaField\":\"EnrollmentId\",\"columnComment\":\"选课id\",\"columnId\":18,\"columnName\":\"enrollment_id\",\"columnType\":\"int\",\"createBy\":\"admin\",\"createTime\":\"2024-10-26 22:37:25\",\"dictType\":\"\",\"edit\":false,\"htmlType\":\"input\",\"increment\":true,\"insert\":true,\"isIncrement\":\"1\",\"isInsert\":\"1\",\"isPk\":\"1\",\"isRequired\":\"0\",\"javaField\":\"enrollmentId\",\"javaType\":\"Long\",\"list\":false,\"params\":{},\"pk\":true,\"query\":false,\"queryType\":\"EQ\",\"required\":false,\"sort\":1,\"superColumn\":false,\"tableId\":3,\"updateBy\":\"\",\"usableColumn\":false},{\"capJavaField\":\"CourseId\",\"columnComment\":\"课程id\",\"columnId\":19,\"columnName\":\"course_id\",\"columnType\":\"int\",\"createBy\":\"admin\",\"createTime\":\"2024-10-26 22:37:25\",\"dictType\":\"\",\"edit\":true,\"htmlType\":\"input\",\"increment\":false,\"insert\":true,\"isEdit\":\"1\",\"isIncrement\":\"0\",\"isInsert\":\"1\",\"isList\":\"1\",\"isPk\":\"0\",\"isQuery\":\"1\",\"isRequired\":\"0\",\"javaField\":\"courseId\",\"javaType\":\"Long\",\"list\":true,\"params\":{},\"pk\":false,\"query\":true,\"queryType\":\"EQ\",\"required\":false,\"sort\":2,\"superColumn\":false,\"tableId\":3,\"updateBy\":\"\",\"usableColumn\":false},{\"capJavaField\":\"UserId\",\"columnComment\":\"创建者用户id\",\"columnId\":20,\"columnName\":\"user_id\",\"columnType\":\"int\",\"createBy\":\"admin\",\"createTime\":\"2024-10-26 22:37:25\",\"dictType\":\"\",\"edit\":true,\"htmlType\":\"input\",\"increment\":false,\"insert\":true,\"isEdit\":\"1\",\"isIncrement\":\"0\",\"isInsert\":\"1\",\"isList\":\"1\",\"isPk\":\"0\",\"isQuery\":\"1\",\"isRequired\":\"0\",\"javaField\":\"userId\",\"javaType\":\"Long\",\"list\":true,\"params\":{},\"pk\":false,\"query\":true,\"queryType\":\"EQ\",\"required\":false,\"sort\":3,\"superColumn\":false,\"tableId\":3,\"updateBy\":\"\",\"usableColumn\":false},{\"capJavaField\":\"EnrollmentDate\",\"columnComment\":\"选课日期\",\"columnId\":21,\"columnName\":\"enrollment_date\",\"columnType\":\"timestamp\",\"createBy\":\"admin\",\"createTime\":\"2024-10-26 22:37:25\",\"dictType\":\"\",\"edit\":true,\"htmlType\":\"datetime\",\"increment\":false,\"insert\":true,\"isEdit\":\"1\",\"isIncrement\":\"0\",\"isInsert\":\"1\",\"isList\":\"1\",\"isPk\":\"0\",\"isQuer', '{\"msg\":\"操作成功\",\"code\":200}', 0, NULL, '2024-10-26 22:39:56', 23);
INSERT INTO `sys_oper_log` VALUES (108, '代码生成', 2, 'site.hgu7.generator.controller.GenController.editSave()', 'PUT', 1, 'admin', '研发部门', '/tool/gen', '127.0.0.1', '内网IP', '{\"businessName\":\"course\",\"className\":\"Course\",\"columns\":[{\"capJavaField\":\"CourseId\",\"columnComment\":\"课程id\\r\\n\",\"columnId\":1,\"columnName\":\"course_id\",\"columnType\":\"int\",\"createBy\":\"admin\",\"createTime\":\"2024-10-26 22:37:25\",\"dictType\":\"\",\"edit\":false,\"htmlType\":\"input\",\"increment\":true,\"insert\":true,\"isIncrement\":\"1\",\"isInsert\":\"1\",\"isPk\":\"1\",\"isRequired\":\"0\",\"javaField\":\"courseId\",\"javaType\":\"Long\",\"list\":false,\"params\":{},\"pk\":true,\"query\":false,\"queryType\":\"EQ\",\"required\":false,\"sort\":1,\"superColumn\":false,\"tableId\":1,\"updateBy\":\"\",\"updateTime\":\"2024-10-26 22:38:55\",\"usableColumn\":false},{\"capJavaField\":\"CourseName\",\"columnComment\":\"课程名\\r\\n\",\"columnId\":2,\"columnName\":\"course_name\",\"columnType\":\"varchar(255)\",\"createBy\":\"admin\",\"createTime\":\"2024-10-26 22:37:25\",\"dictType\":\"\",\"edit\":true,\"htmlType\":\"input\",\"increment\":false,\"insert\":true,\"isEdit\":\"1\",\"isIncrement\":\"0\",\"isInsert\":\"1\",\"isList\":\"1\",\"isPk\":\"0\",\"isQuery\":\"1\",\"isRequired\":\"0\",\"javaField\":\"courseName\",\"javaType\":\"String\",\"list\":true,\"params\":{},\"pk\":false,\"query\":true,\"queryType\":\"LIKE\",\"required\":false,\"sort\":2,\"superColumn\":false,\"tableId\":1,\"updateBy\":\"\",\"updateTime\":\"2024-10-26 22:38:55\",\"usableColumn\":false},{\"capJavaField\":\"CourseDescription\",\"columnComment\":\"课程简介\\r\\n\",\"columnId\":3,\"columnName\":\"course_description\",\"columnType\":\"varchar(255)\",\"createBy\":\"admin\",\"createTime\":\"2024-10-26 22:37:25\",\"dictType\":\"\",\"edit\":true,\"htmlType\":\"input\",\"increment\":false,\"insert\":true,\"isEdit\":\"1\",\"isIncrement\":\"0\",\"isInsert\":\"1\",\"isList\":\"1\",\"isPk\":\"0\",\"isQuery\":\"1\",\"isRequired\":\"0\",\"javaField\":\"courseDescription\",\"javaType\":\"String\",\"list\":true,\"params\":{},\"pk\":false,\"query\":true,\"queryType\":\"EQ\",\"required\":false,\"sort\":3,\"superColumn\":false,\"tableId\":1,\"updateBy\":\"\",\"updateTime\":\"2024-10-26 22:38:55\",\"usableColumn\":false},{\"capJavaField\":\"UserId\",\"columnComment\":\"创建者id\\r\\n\",\"columnId\":4,\"columnName\":\"user_id\",\"columnType\":\"int\",\"createBy\":\"admin\",\"createTime\":\"2024-10-26 22:37:25\",\"dictType\":\"\",\"edit\":true,\"htm', '{\"msg\":\"操作成功\",\"code\":200}', 0, NULL, '2024-10-26 22:40:52', 23);
INSERT INTO `sys_oper_log` VALUES (109, '字典类型', 1, 'site.hgu7.web.controller.system.SysDictTypeController.add()', 'POST', 1, 'admin', '研发部门', '/system/dict/type', '127.0.0.1', '内网IP', '{\"createBy\":\"admin\",\"dictName\":\"课程分类\",\"dictType\":\"course_category\",\"params\":{},\"status\":\"0\"}', '{\"msg\":\"操作成功\",\"code\":200}', 0, NULL, '2024-10-26 22:41:35', 12);
INSERT INTO `sys_oper_log` VALUES (110, '字典数据', 1, 'site.hgu7.web.controller.system.SysDictDataController.add()', 'POST', 1, 'admin', '研发部门', '/system/dict/data', '127.0.0.1', '内网IP', '{\"createBy\":\"admin\",\"default\":false,\"dictLabel\":\"工科\",\"dictSort\":0,\"dictType\":\"course_category\",\"dictValue\":\"1\",\"listClass\":\"default\",\"params\":{},\"status\":\"0\"}', '{\"msg\":\"操作成功\",\"code\":200}', 0, NULL, '2024-10-26 22:44:05', 12);
INSERT INTO `sys_oper_log` VALUES (111, '字典数据', 1, 'site.hgu7.web.controller.system.SysDictDataController.add()', 'POST', 1, 'admin', '研发部门', '/system/dict/data', '127.0.0.1', '内网IP', '{\"createBy\":\"admin\",\"default\":false,\"dictLabel\":\"理科\",\"dictSort\":0,\"dictType\":\"course_category\",\"dictValue\":\"2\",\"listClass\":\"default\",\"params\":{},\"status\":\"0\"}', '{\"msg\":\"操作成功\",\"code\":200}', 0, NULL, '2024-10-26 22:44:11', 12);
INSERT INTO `sys_oper_log` VALUES (112, '字典数据', 1, 'site.hgu7.web.controller.system.SysDictDataController.add()', 'POST', 1, 'admin', '研发部门', '/system/dict/data', '127.0.0.1', '内网IP', '{\"createBy\":\"admin\",\"default\":false,\"dictLabel\":\"文科\",\"dictSort\":0,\"dictType\":\"course_category\",\"dictValue\":\"3\",\"listClass\":\"default\",\"params\":{},\"status\":\"0\"}', '{\"msg\":\"操作成功\",\"code\":200}', 0, NULL, '2024-10-26 22:44:16', 15);
INSERT INTO `sys_oper_log` VALUES (113, '字典数据', 2, 'site.hgu7.web.controller.system.SysDictDataController.edit()', 'PUT', 1, 'admin', '研发部门', '/system/dict/data', '127.0.0.1', '内网IP', '{\"createBy\":\"admin\",\"createTime\":\"2024-10-26 22:44:05\",\"default\":false,\"dictCode\":100,\"dictLabel\":\"工科\",\"dictSort\":0,\"dictType\":\"course_category\",\"dictValue\":\"01\",\"isDefault\":\"N\",\"listClass\":\"default\",\"params\":{},\"status\":\"0\",\"updateBy\":\"admin\"}', '{\"msg\":\"操作成功\",\"code\":200}', 0, NULL, '2024-10-26 22:44:43', 15);
INSERT INTO `sys_oper_log` VALUES (114, '字典数据', 2, 'site.hgu7.web.controller.system.SysDictDataController.edit()', 'PUT', 1, 'admin', '研发部门', '/system/dict/data', '127.0.0.1', '内网IP', '{\"createBy\":\"admin\",\"createTime\":\"2024-10-26 22:44:05\",\"default\":false,\"dictCode\":100,\"dictLabel\":\"工科\",\"dictSort\":0,\"dictType\":\"course_category\",\"dictValue\":\"10\",\"isDefault\":\"N\",\"listClass\":\"default\",\"params\":{},\"status\":\"0\",\"updateBy\":\"admin\"}', '{\"msg\":\"操作成功\",\"code\":200}', 0, NULL, '2024-10-26 22:44:51', 19);
INSERT INTO `sys_oper_log` VALUES (115, '字典数据', 2, 'site.hgu7.web.controller.system.SysDictDataController.edit()', 'PUT', 1, 'admin', '研发部门', '/system/dict/data', '127.0.0.1', '内网IP', '{\"createBy\":\"admin\",\"createTime\":\"2024-10-26 22:44:11\",\"default\":false,\"dictCode\":101,\"dictLabel\":\"理科\",\"dictSort\":0,\"dictType\":\"course_category\",\"dictValue\":\"20\",\"isDefault\":\"N\",\"listClass\":\"default\",\"params\":{},\"status\":\"0\",\"updateBy\":\"admin\"}', '{\"msg\":\"操作成功\",\"code\":200}', 0, NULL, '2024-10-26 22:44:57', 5);
INSERT INTO `sys_oper_log` VALUES (116, '字典数据', 2, 'site.hgu7.web.controller.system.SysDictDataController.edit()', 'PUT', 1, 'admin', '研发部门', '/system/dict/data', '127.0.0.1', '内网IP', '{\"createBy\":\"admin\",\"createTime\":\"2024-10-26 22:44:16\",\"default\":false,\"dictCode\":102,\"dictLabel\":\"文科\",\"dictSort\":0,\"dictType\":\"course_category\",\"dictValue\":\"30\",\"isDefault\":\"N\",\"listClass\":\"default\",\"params\":{},\"status\":\"0\",\"updateBy\":\"admin\"}', '{\"msg\":\"操作成功\",\"code\":200}', 0, NULL, '2024-10-26 22:45:01', 21);
INSERT INTO `sys_oper_log` VALUES (117, '字典数据', 1, 'site.hgu7.web.controller.system.SysDictDataController.add()', 'POST', 1, 'admin', '研发部门', '/system/dict/data', '127.0.0.1', '内网IP', '{\"createBy\":\"admin\",\"default\":false,\"dictLabel\":\"医学\",\"dictSort\":0,\"dictType\":\"course_category\",\"dictValue\":\"40\",\"listClass\":\"default\",\"params\":{},\"status\":\"0\"}', '{\"msg\":\"操作成功\",\"code\":200}', 0, NULL, '2024-10-26 22:45:17', 13);
INSERT INTO `sys_oper_log` VALUES (118, '字典数据', 1, 'site.hgu7.web.controller.system.SysDictDataController.add()', 'POST', 1, 'admin', '研发部门', '/system/dict/data', '127.0.0.1', '内网IP', '{\"createBy\":\"admin\",\"default\":false,\"dictLabel\":\"教育学\",\"dictSort\":0,\"dictType\":\"course_category\",\"dictValue\":\"50\",\"listClass\":\"default\",\"params\":{},\"status\":\"0\"}', '{\"msg\":\"操作成功\",\"code\":200}', 0, NULL, '2024-10-26 22:45:29', 14);
INSERT INTO `sys_oper_log` VALUES (119, '字典数据', 1, 'site.hgu7.web.controller.system.SysDictDataController.add()', 'POST', 1, 'admin', '研发部门', '/system/dict/data', '127.0.0.1', '内网IP', '{\"createBy\":\"admin\",\"default\":false,\"dictLabel\":\"管理学\",\"dictSort\":0,\"dictType\":\"course_category\",\"dictValue\":\"60\",\"listClass\":\"default\",\"params\":{},\"status\":\"0\"}', '{\"msg\":\"操作成功\",\"code\":200}', 0, NULL, '2024-10-26 22:45:38', 6);
INSERT INTO `sys_oper_log` VALUES (120, '字典数据', 1, 'site.hgu7.web.controller.system.SysDictDataController.add()', 'POST', 1, 'admin', '研发部门', '/system/dict/data', '127.0.0.1', '内网IP', '{\"createBy\":\"admin\",\"default\":false,\"dictLabel\":\"法学\",\"dictSort\":0,\"dictType\":\"course_category\",\"dictValue\":\"60\",\"listClass\":\"default\",\"params\":{},\"status\":\"0\"}', '{\"msg\":\"操作成功\",\"code\":200}', 0, NULL, '2024-10-26 22:45:50', 20);
INSERT INTO `sys_oper_log` VALUES (121, '字典数据', 2, 'site.hgu7.web.controller.system.SysDictDataController.edit()', 'PUT', 1, 'admin', '研发部门', '/system/dict/data', '127.0.0.1', '内网IP', '{\"createBy\":\"admin\",\"createTime\":\"2024-10-26 22:45:50\",\"default\":false,\"dictCode\":106,\"dictLabel\":\"法学\",\"dictSort\":0,\"dictType\":\"course_category\",\"dictValue\":\"70\",\"isDefault\":\"N\",\"listClass\":\"default\",\"params\":{},\"status\":\"0\",\"updateBy\":\"admin\"}', '{\"msg\":\"操作成功\",\"code\":200}', 0, NULL, '2024-10-26 22:45:55', 8);
INSERT INTO `sys_oper_log` VALUES (122, '字典数据', 1, 'site.hgu7.web.controller.system.SysDictDataController.add()', 'POST', 1, 'admin', '研发部门', '/system/dict/data', '127.0.0.1', '内网IP', '{\"createBy\":\"admin\",\"default\":false,\"dictLabel\":\"计算机\",\"dictSort\":0,\"dictType\":\"course_category\",\"dictValue\":\"80\",\"listClass\":\"default\",\"params\":{},\"status\":\"0\"}', '{\"msg\":\"操作成功\",\"code\":200}', 0, NULL, '2024-10-26 22:46:33', 12);
INSERT INTO `sys_oper_log` VALUES (123, '字典类型', 1, 'site.hgu7.web.controller.system.SysDictTypeController.add()', 'POST', 1, 'admin', '研发部门', '/system/dict/type', '127.0.0.1', '内网IP', '{\"createBy\":\"admin\",\"dictName\":\"课程状态\",\"dictType\":\"course_status\",\"params\":{},\"status\":\"0\"}', '{\"msg\":\"操作成功\",\"code\":200}', 0, NULL, '2024-10-26 22:47:23', 14);
INSERT INTO `sys_oper_log` VALUES (124, '字典数据', 1, 'site.hgu7.web.controller.system.SysDictDataController.add()', 'POST', 1, 'admin', '研发部门', '/system/dict/data', '127.0.0.1', '内网IP', '{\"createBy\":\"admin\",\"default\":false,\"dictLabel\":\"正常\",\"dictSort\":0,\"dictType\":\"course_status\",\"dictValue\":\"1\",\"listClass\":\"default\",\"params\":{},\"status\":\"0\"}', '{\"msg\":\"操作成功\",\"code\":200}', 0, NULL, '2024-10-26 22:48:04', 12);
INSERT INTO `sys_oper_log` VALUES (125, '字典数据', 1, 'site.hgu7.web.controller.system.SysDictDataController.add()', 'POST', 1, 'admin', '研发部门', '/system/dict/data', '127.0.0.1', '内网IP', '{\"createBy\":\"admin\",\"default\":false,\"dictLabel\":\"停开\",\"dictSort\":0,\"dictType\":\"course_status\",\"dictValue\":\"0\",\"listClass\":\"danger\",\"params\":{},\"status\":\"0\"}', '{\"msg\":\"操作成功\",\"code\":200}', 0, NULL, '2024-10-26 22:48:13', 7);
INSERT INTO `sys_oper_log` VALUES (126, '字典数据', 2, 'site.hgu7.web.controller.system.SysDictDataController.edit()', 'PUT', 1, 'admin', '研发部门', '/system/dict/data', '127.0.0.1', '内网IP', '{\"createBy\":\"admin\",\"createTime\":\"2024-10-26 22:48:03\",\"default\":false,\"dictCode\":108,\"dictLabel\":\"正常\",\"dictSort\":0,\"dictType\":\"course_status\",\"dictValue\":\"1\",\"isDefault\":\"N\",\"listClass\":\"primary\",\"params\":{},\"status\":\"0\",\"updateBy\":\"admin\"}', '{\"msg\":\"操作成功\",\"code\":200}', 0, NULL, '2024-10-26 22:48:21', 13);
INSERT INTO `sys_oper_log` VALUES (127, '参数管理', 2, 'site.hgu7.web.controller.system.SysConfigController.edit()', 'PUT', 1, 'admin', '研发部门', '/system/config', '127.0.0.1', '内网IP', '{\"configId\":5,\"configKey\":\"sys.account.registerUser\",\"configName\":\"账号自助-是否开启用户注册功能\",\"configType\":\"Y\",\"configValue\":\"true\",\"createBy\":\"admin\",\"createTime\":\"2024-10-22 15:18:06\",\"params\":{},\"remark\":\"是否开启注册用户功能（true开启，false关闭）\",\"updateBy\":\"admin\"}', '{\"msg\":\"操作成功\",\"code\":200}', 0, NULL, '2024-10-26 22:48:36', 12);
INSERT INTO `sys_oper_log` VALUES (128, '角色管理', 1, 'site.hgu7.web.controller.system.SysRoleController.add()', 'POST', 1, 'admin', '研发部门', '/system/role', '127.0.0.1', '内网IP', '{\"admin\":false,\"createBy\":\"admin\",\"deptCheckStrictly\":true,\"deptIds\":[],\"flag\":false,\"menuCheckStrictly\":true,\"menuIds\":[],\"params\":{},\"roleId\":100,\"roleKey\":\"teacher\",\"roleName\":\"教师\",\"roleSort\":0,\"status\":\"0\"}', '{\"msg\":\"操作成功\",\"code\":200}', 0, NULL, '2024-10-26 22:50:33', 14);
INSERT INTO `sys_oper_log` VALUES (129, '角色管理', 1, 'site.hgu7.web.controller.system.SysRoleController.add()', 'POST', 1, 'admin', '研发部门', '/system/role', '127.0.0.1', '内网IP', '{\"admin\":false,\"createBy\":\"admin\",\"deptCheckStrictly\":true,\"deptIds\":[],\"flag\":false,\"menuCheckStrictly\":true,\"menuIds\":[],\"params\":{},\"roleId\":101,\"roleKey\":\"student\",\"roleName\":\"普通学生\",\"roleSort\":0,\"status\":\"0\"}', '{\"msg\":\"操作成功\",\"code\":200}', 0, NULL, '2024-10-26 22:50:50', 14);
INSERT INTO `sys_oper_log` VALUES (130, '代码生成', 2, 'site.hgu7.generator.controller.GenController.editSave()', 'PUT', 1, 'admin', '研发部门', '/tool/gen', '127.0.0.1', '内网IP', '{\"businessName\":\"course\",\"className\":\"Course\",\"columns\":[{\"capJavaField\":\"CourseId\",\"columnComment\":\"课程id\\r\\n\",\"columnId\":1,\"columnName\":\"course_id\",\"columnType\":\"int\",\"createBy\":\"admin\",\"createTime\":\"2024-10-26 22:37:25\",\"dictType\":\"\",\"edit\":false,\"htmlType\":\"input\",\"increment\":true,\"insert\":true,\"isIncrement\":\"1\",\"isInsert\":\"1\",\"isPk\":\"1\",\"isRequired\":\"0\",\"javaField\":\"courseId\",\"javaType\":\"Long\",\"list\":false,\"params\":{},\"pk\":true,\"query\":false,\"queryType\":\"EQ\",\"required\":false,\"sort\":1,\"superColumn\":false,\"tableId\":1,\"updateBy\":\"\",\"updateTime\":\"2024-10-26 22:40:52\",\"usableColumn\":false},{\"capJavaField\":\"CourseName\",\"columnComment\":\"课程名\\r\\n\",\"columnId\":2,\"columnName\":\"course_name\",\"columnType\":\"varchar(255)\",\"createBy\":\"admin\",\"createTime\":\"2024-10-26 22:37:25\",\"dictType\":\"\",\"edit\":true,\"htmlType\":\"input\",\"increment\":false,\"insert\":true,\"isEdit\":\"1\",\"isIncrement\":\"0\",\"isInsert\":\"1\",\"isList\":\"1\",\"isPk\":\"0\",\"isQuery\":\"1\",\"isRequired\":\"0\",\"javaField\":\"courseName\",\"javaType\":\"String\",\"list\":true,\"params\":{},\"pk\":false,\"query\":true,\"queryType\":\"LIKE\",\"required\":false,\"sort\":2,\"superColumn\":false,\"tableId\":1,\"updateBy\":\"\",\"updateTime\":\"2024-10-26 22:40:52\",\"usableColumn\":false},{\"capJavaField\":\"CourseDescription\",\"columnComment\":\"课程简介\\r\\n\",\"columnId\":3,\"columnName\":\"course_description\",\"columnType\":\"varchar(255)\",\"createBy\":\"admin\",\"createTime\":\"2024-10-26 22:37:25\",\"dictType\":\"\",\"edit\":true,\"htmlType\":\"input\",\"increment\":false,\"insert\":true,\"isEdit\":\"1\",\"isIncrement\":\"0\",\"isInsert\":\"1\",\"isList\":\"1\",\"isPk\":\"0\",\"isQuery\":\"1\",\"isRequired\":\"0\",\"javaField\":\"courseDescription\",\"javaType\":\"String\",\"list\":true,\"params\":{},\"pk\":false,\"query\":true,\"queryType\":\"EQ\",\"required\":false,\"sort\":3,\"superColumn\":false,\"tableId\":1,\"updateBy\":\"\",\"updateTime\":\"2024-10-26 22:40:52\",\"usableColumn\":false},{\"capJavaField\":\"UserId\",\"columnComment\":\"创建者id\\r\\n\",\"columnId\":4,\"columnName\":\"user_id\",\"columnType\":\"int\",\"createBy\":\"admin\",\"createTime\":\"2024-10-26 22:37:25\",\"dictType\":\"\",\"edit\":true,\"htm', '{\"msg\":\"操作成功\",\"code\":200}', 0, NULL, '2024-10-26 22:53:24', 15);
INSERT INTO `sys_oper_log` VALUES (131, '代码生成', 2, 'site.hgu7.generator.controller.GenController.editSave()', 'PUT', 1, 'admin', '研发部门', '/tool/gen', '127.0.0.1', '内网IP', '{\"businessName\":\"chapters\",\"className\":\"CourseChapters\",\"columns\":[{\"capJavaField\":\"ChapterId\",\"columnComment\":\"章节id\",\"columnId\":10,\"columnName\":\"chapter_id\",\"columnType\":\"int\",\"createBy\":\"admin\",\"createTime\":\"2024-10-26 22:37:25\",\"dictType\":\"\",\"edit\":false,\"htmlType\":\"input\",\"increment\":true,\"insert\":true,\"isIncrement\":\"1\",\"isInsert\":\"1\",\"isPk\":\"1\",\"isRequired\":\"0\",\"javaField\":\"chapterId\",\"javaType\":\"Integer\",\"list\":false,\"params\":{},\"pk\":true,\"query\":false,\"queryType\":\"EQ\",\"required\":false,\"sort\":1,\"superColumn\":false,\"tableId\":2,\"updateBy\":\"\",\"updateTime\":\"2024-10-26 22:38:39\",\"usableColumn\":false},{\"capJavaField\":\"CourseId\",\"columnComment\":\"课程id\",\"columnId\":11,\"columnName\":\"course_id\",\"columnType\":\"int\",\"createBy\":\"admin\",\"createTime\":\"2024-10-26 22:37:25\",\"dictType\":\"\",\"edit\":true,\"htmlType\":\"input\",\"increment\":false,\"insert\":true,\"isEdit\":\"1\",\"isIncrement\":\"0\",\"isInsert\":\"1\",\"isList\":\"1\",\"isPk\":\"0\",\"isQuery\":\"1\",\"isRequired\":\"0\",\"javaField\":\"courseId\",\"javaType\":\"Integer\",\"list\":true,\"params\":{},\"pk\":false,\"query\":true,\"queryType\":\"EQ\",\"required\":false,\"sort\":2,\"superColumn\":false,\"tableId\":2,\"updateBy\":\"\",\"updateTime\":\"2024-10-26 22:38:39\",\"usableColumn\":false},{\"capJavaField\":\"ChapterTitle\",\"columnComment\":\"章节标题\",\"columnId\":12,\"columnName\":\"chapter_title\",\"columnType\":\"varchar(255)\",\"createBy\":\"admin\",\"createTime\":\"2024-10-26 22:37:25\",\"dictType\":\"\",\"edit\":true,\"htmlType\":\"input\",\"increment\":false,\"insert\":true,\"isEdit\":\"1\",\"isIncrement\":\"0\",\"isInsert\":\"1\",\"isList\":\"1\",\"isPk\":\"0\",\"isQuery\":\"1\",\"isRequired\":\"0\",\"javaField\":\"chapterTitle\",\"javaType\":\"String\",\"list\":true,\"params\":{},\"pk\":false,\"query\":true,\"queryType\":\"LIKE\",\"required\":false,\"sort\":3,\"superColumn\":false,\"tableId\":2,\"updateBy\":\"\",\"updateTime\":\"2024-10-26 22:38:39\",\"usableColumn\":false},{\"capJavaField\":\"ChapterDescription\",\"columnComment\":\"章节描述\",\"columnId\":13,\"columnName\":\"chapter_description\",\"columnType\":\"varchar(255)\",\"createBy\":\"admin\",\"createTime\":\"2024-10-26 22:37:25\",\"dictType\":\"\",\"edit\":t', '{\"msg\":\"操作成功\",\"code\":200}', 0, NULL, '2024-10-26 22:56:39', 14);
INSERT INTO `sys_oper_log` VALUES (132, '代码生成', 2, 'site.hgu7.generator.controller.GenController.editSave()', 'PUT', 1, 'admin', '研发部门', '/tool/gen', '127.0.0.1', '内网IP', '{\"businessName\":\"course\",\"className\":\"Course\",\"columns\":[{\"capJavaField\":\"CourseId\",\"columnComment\":\"课程id\\r\\n\",\"columnId\":1,\"columnName\":\"course_id\",\"columnType\":\"int\",\"createBy\":\"admin\",\"createTime\":\"2024-10-26 22:37:25\",\"dictType\":\"\",\"edit\":false,\"htmlType\":\"input\",\"increment\":true,\"insert\":true,\"isIncrement\":\"1\",\"isInsert\":\"1\",\"isPk\":\"1\",\"isRequired\":\"0\",\"javaField\":\"courseId\",\"javaType\":\"Integer\",\"list\":false,\"params\":{},\"pk\":true,\"query\":false,\"queryType\":\"EQ\",\"required\":false,\"sort\":1,\"superColumn\":false,\"tableId\":1,\"updateBy\":\"\",\"updateTime\":\"2024-10-26 22:53:24\",\"usableColumn\":false},{\"capJavaField\":\"CourseName\",\"columnComment\":\"课程名\\r\\n\",\"columnId\":2,\"columnName\":\"course_name\",\"columnType\":\"varchar(255)\",\"createBy\":\"admin\",\"createTime\":\"2024-10-26 22:37:25\",\"dictType\":\"\",\"edit\":true,\"htmlType\":\"input\",\"increment\":false,\"insert\":true,\"isEdit\":\"1\",\"isIncrement\":\"0\",\"isInsert\":\"1\",\"isList\":\"1\",\"isPk\":\"0\",\"isQuery\":\"1\",\"isRequired\":\"0\",\"javaField\":\"courseName\",\"javaType\":\"String\",\"list\":true,\"params\":{},\"pk\":false,\"query\":true,\"queryType\":\"LIKE\",\"required\":false,\"sort\":2,\"superColumn\":false,\"tableId\":1,\"updateBy\":\"\",\"updateTime\":\"2024-10-26 22:53:24\",\"usableColumn\":false},{\"capJavaField\":\"CourseDescription\",\"columnComment\":\"课程简介\\r\\n\",\"columnId\":3,\"columnName\":\"course_description\",\"columnType\":\"varchar(255)\",\"createBy\":\"admin\",\"createTime\":\"2024-10-26 22:37:25\",\"dictType\":\"\",\"edit\":true,\"htmlType\":\"input\",\"increment\":false,\"insert\":true,\"isEdit\":\"1\",\"isIncrement\":\"0\",\"isInsert\":\"1\",\"isList\":\"1\",\"isPk\":\"0\",\"isQuery\":\"1\",\"isRequired\":\"0\",\"javaField\":\"courseDescription\",\"javaType\":\"String\",\"list\":true,\"params\":{},\"pk\":false,\"query\":true,\"queryType\":\"EQ\",\"required\":false,\"sort\":3,\"superColumn\":false,\"tableId\":1,\"updateBy\":\"\",\"updateTime\":\"2024-10-26 22:53:24\",\"usableColumn\":false},{\"capJavaField\":\"UserId\",\"columnComment\":\"创建者id\\r\\n\",\"columnId\":4,\"columnName\":\"user_id\",\"columnType\":\"int\",\"createBy\":\"admin\",\"createTime\":\"2024-10-26 22:37:25\",\"dictType\":\"\",\"edit\":true,\"', '{\"msg\":\"操作成功\",\"code\":200}', 0, NULL, '2024-10-26 22:57:01', 22);
INSERT INTO `sys_oper_log` VALUES (133, '代码生成', 2, 'site.hgu7.generator.controller.GenController.editSave()', 'PUT', 1, 'admin', '研发部门', '/tool/gen', '127.0.0.1', '内网IP', '{\"businessName\":\"enrollments\",\"className\":\"CourseEnrollments\",\"columns\":[{\"capJavaField\":\"EnrollmentId\",\"columnComment\":\"选课id\",\"columnId\":18,\"columnName\":\"enrollment_id\",\"columnType\":\"int\",\"createBy\":\"admin\",\"createTime\":\"2024-10-26 22:37:25\",\"dictType\":\"\",\"edit\":false,\"htmlType\":\"input\",\"increment\":true,\"insert\":true,\"isIncrement\":\"1\",\"isInsert\":\"1\",\"isPk\":\"1\",\"isRequired\":\"0\",\"javaField\":\"enrollmentId\",\"javaType\":\"Integer\",\"list\":false,\"params\":{},\"pk\":true,\"query\":false,\"queryType\":\"EQ\",\"required\":false,\"sort\":1,\"superColumn\":false,\"tableId\":3,\"updateBy\":\"\",\"updateTime\":\"2024-10-26 22:39:56\",\"usableColumn\":false},{\"capJavaField\":\"CourseId\",\"columnComment\":\"课程id\",\"columnId\":19,\"columnName\":\"course_id\",\"columnType\":\"int\",\"createBy\":\"admin\",\"createTime\":\"2024-10-26 22:37:25\",\"dictType\":\"\",\"edit\":true,\"htmlType\":\"input\",\"increment\":false,\"insert\":true,\"isEdit\":\"1\",\"isIncrement\":\"0\",\"isInsert\":\"1\",\"isList\":\"1\",\"isPk\":\"0\",\"isQuery\":\"1\",\"isRequired\":\"0\",\"javaField\":\"courseId\",\"javaType\":\"Integer\",\"list\":true,\"params\":{},\"pk\":false,\"query\":true,\"queryType\":\"EQ\",\"required\":false,\"sort\":2,\"superColumn\":false,\"tableId\":3,\"updateBy\":\"\",\"updateTime\":\"2024-10-26 22:39:56\",\"usableColumn\":false},{\"capJavaField\":\"UserId\",\"columnComment\":\"创建者用户id\",\"columnId\":20,\"columnName\":\"user_id\",\"columnType\":\"int\",\"createBy\":\"admin\",\"createTime\":\"2024-10-26 22:37:25\",\"dictType\":\"\",\"edit\":true,\"htmlType\":\"input\",\"increment\":false,\"insert\":true,\"isEdit\":\"1\",\"isIncrement\":\"0\",\"isInsert\":\"1\",\"isList\":\"1\",\"isPk\":\"0\",\"isQuery\":\"1\",\"isRequired\":\"0\",\"javaField\":\"userId\",\"javaType\":\"Long\",\"list\":true,\"params\":{},\"pk\":false,\"query\":true,\"queryType\":\"EQ\",\"required\":false,\"sort\":3,\"superColumn\":false,\"tableId\":3,\"updateBy\":\"\",\"updateTime\":\"2024-10-26 22:39:56\",\"usableColumn\":false},{\"capJavaField\":\"EnrollmentDate\",\"columnComment\":\"选课日期\",\"columnId\":21,\"columnName\":\"enrollment_date\",\"columnType\":\"timestamp\",\"createBy\":\"admin\",\"createTime\":\"2024-10-26 22:37:25\",\"dictType\":\"\",\"edit\":true,\"htmlType\":\"datetime', '{\"msg\":\"操作成功\",\"code\":200}', 0, NULL, '2024-10-26 22:58:13', 24);
INSERT INTO `sys_oper_log` VALUES (134, '代码生成', 8, 'site.hgu7.generator.controller.GenController.batchGenCode()', 'GET', 1, 'admin', '研发部门', '/tool/gen/batchGenCode', '127.0.0.1', '内网IP', '{\"tables\":\"course,course_chapters,course_enrollments\"}', NULL, 0, NULL, '2024-10-27 16:58:21', 180);
INSERT INTO `sys_oper_log` VALUES (135, '代码生成', 2, 'site.hgu7.generator.controller.GenController.editSave()', 'PUT', 1, 'admin', '研发部门', '/tool/gen', '127.0.0.1', '内网IP', '{\"businessName\":\"course\",\"className\":\"Course\",\"columns\":[{\"capJavaField\":\"CourseId\",\"columnComment\":\"课程id\\r\\n\",\"columnId\":1,\"columnName\":\"course_id\",\"columnType\":\"int\",\"createBy\":\"admin\",\"createTime\":\"2024-10-26 22:37:25\",\"dictType\":\"\",\"edit\":false,\"htmlType\":\"input\",\"increment\":true,\"insert\":true,\"isIncrement\":\"1\",\"isInsert\":\"1\",\"isPk\":\"1\",\"isRequired\":\"0\",\"javaField\":\"courseId\",\"javaType\":\"Integer\",\"list\":false,\"params\":{},\"pk\":true,\"query\":false,\"queryType\":\"EQ\",\"required\":false,\"sort\":1,\"superColumn\":false,\"tableId\":1,\"updateBy\":\"\",\"updateTime\":\"2024-10-26 22:57:01\",\"usableColumn\":false},{\"capJavaField\":\"CourseName\",\"columnComment\":\"课程名\\r\\n\",\"columnId\":2,\"columnName\":\"course_name\",\"columnType\":\"varchar(255)\",\"createBy\":\"admin\",\"createTime\":\"2024-10-26 22:37:25\",\"dictType\":\"\",\"edit\":true,\"htmlType\":\"input\",\"increment\":false,\"insert\":true,\"isEdit\":\"1\",\"isIncrement\":\"0\",\"isInsert\":\"1\",\"isList\":\"1\",\"isPk\":\"0\",\"isQuery\":\"1\",\"isRequired\":\"0\",\"javaField\":\"courseName\",\"javaType\":\"String\",\"list\":true,\"params\":{},\"pk\":false,\"query\":true,\"queryType\":\"LIKE\",\"required\":false,\"sort\":2,\"superColumn\":false,\"tableId\":1,\"updateBy\":\"\",\"updateTime\":\"2024-10-26 22:57:01\",\"usableColumn\":false},{\"capJavaField\":\"CourseDescription\",\"columnComment\":\"课程简介\\r\\n\",\"columnId\":3,\"columnName\":\"course_description\",\"columnType\":\"varchar(255)\",\"createBy\":\"admin\",\"createTime\":\"2024-10-26 22:37:25\",\"dictType\":\"\",\"edit\":true,\"htmlType\":\"input\",\"increment\":false,\"insert\":true,\"isEdit\":\"1\",\"isIncrement\":\"0\",\"isInsert\":\"1\",\"isList\":\"1\",\"isPk\":\"0\",\"isQuery\":\"1\",\"isRequired\":\"0\",\"javaField\":\"courseDescription\",\"javaType\":\"String\",\"list\":true,\"params\":{},\"pk\":false,\"query\":true,\"queryType\":\"EQ\",\"required\":false,\"sort\":3,\"superColumn\":false,\"tableId\":1,\"updateBy\":\"\",\"updateTime\":\"2024-10-26 22:57:01\",\"usableColumn\":false},{\"capJavaField\":\"UserId\",\"columnComment\":\"创建者id\\r\\n\",\"columnId\":4,\"columnName\":\"user_id\",\"columnType\":\"int\",\"createBy\":\"admin\",\"createTime\":\"2024-10-26 22:37:25\",\"dictType\":\"\",\"edit\":true,\"', '{\"msg\":\"操作成功\",\"code\":200}', 0, NULL, '2024-10-27 17:01:32', 28);
INSERT INTO `sys_oper_log` VALUES (136, '代码生成', 2, 'site.hgu7.generator.controller.GenController.editSave()', 'PUT', 1, 'admin', '研发部门', '/tool/gen', '127.0.0.1', '内网IP', '{\"businessName\":\"chapters\",\"className\":\"CourseChapters\",\"columns\":[{\"capJavaField\":\"ChapterId\",\"columnComment\":\"章节id\",\"columnId\":10,\"columnName\":\"chapter_id\",\"columnType\":\"int\",\"createBy\":\"admin\",\"createTime\":\"2024-10-26 22:37:25\",\"dictType\":\"\",\"edit\":false,\"htmlType\":\"input\",\"increment\":true,\"insert\":true,\"isIncrement\":\"1\",\"isInsert\":\"1\",\"isPk\":\"1\",\"isRequired\":\"0\",\"javaField\":\"chapterId\",\"javaType\":\"Integer\",\"list\":false,\"params\":{},\"pk\":true,\"query\":false,\"queryType\":\"EQ\",\"required\":false,\"sort\":1,\"superColumn\":false,\"tableId\":2,\"updateBy\":\"\",\"updateTime\":\"2024-10-26 22:56:39\",\"usableColumn\":false},{\"capJavaField\":\"CourseId\",\"columnComment\":\"课程id\",\"columnId\":11,\"columnName\":\"course_id\",\"columnType\":\"int\",\"createBy\":\"admin\",\"createTime\":\"2024-10-26 22:37:25\",\"dictType\":\"\",\"edit\":true,\"htmlType\":\"input\",\"increment\":false,\"insert\":true,\"isEdit\":\"1\",\"isIncrement\":\"0\",\"isInsert\":\"1\",\"isList\":\"1\",\"isPk\":\"0\",\"isQuery\":\"1\",\"isRequired\":\"0\",\"javaField\":\"courseId\",\"javaType\":\"Integer\",\"list\":true,\"params\":{},\"pk\":false,\"query\":true,\"queryType\":\"EQ\",\"required\":false,\"sort\":2,\"superColumn\":false,\"tableId\":2,\"updateBy\":\"\",\"updateTime\":\"2024-10-26 22:56:39\",\"usableColumn\":false},{\"capJavaField\":\"ChapterTitle\",\"columnComment\":\"章节标题\",\"columnId\":12,\"columnName\":\"chapter_title\",\"columnType\":\"varchar(255)\",\"createBy\":\"admin\",\"createTime\":\"2024-10-26 22:37:25\",\"dictType\":\"\",\"edit\":true,\"htmlType\":\"input\",\"increment\":false,\"insert\":true,\"isEdit\":\"1\",\"isIncrement\":\"0\",\"isInsert\":\"1\",\"isList\":\"1\",\"isPk\":\"0\",\"isQuery\":\"1\",\"isRequired\":\"0\",\"javaField\":\"chapterTitle\",\"javaType\":\"String\",\"list\":true,\"params\":{},\"pk\":false,\"query\":true,\"queryType\":\"LIKE\",\"required\":false,\"sort\":3,\"superColumn\":false,\"tableId\":2,\"updateBy\":\"\",\"updateTime\":\"2024-10-26 22:56:39\",\"usableColumn\":false},{\"capJavaField\":\"ChapterDescription\",\"columnComment\":\"章节描述\",\"columnId\":13,\"columnName\":\"chapter_description\",\"columnType\":\"varchar(255)\",\"createBy\":\"admin\",\"createTime\":\"2024-10-26 22:37:25\",\"dictType\":\"\",\"edit\":t', '{\"msg\":\"操作成功\",\"code\":200}', 0, NULL, '2024-10-27 17:01:38', 14);
INSERT INTO `sys_oper_log` VALUES (137, '代码生成', 2, 'site.hgu7.generator.controller.GenController.editSave()', 'PUT', 1, 'admin', '研发部门', '/tool/gen', '127.0.0.1', '内网IP', '{\"businessName\":\"enrollments\",\"className\":\"CourseEnrollments\",\"columns\":[{\"capJavaField\":\"EnrollmentId\",\"columnComment\":\"选课id\",\"columnId\":18,\"columnName\":\"enrollment_id\",\"columnType\":\"int\",\"createBy\":\"admin\",\"createTime\":\"2024-10-26 22:37:25\",\"dictType\":\"\",\"edit\":false,\"htmlType\":\"input\",\"increment\":true,\"insert\":true,\"isIncrement\":\"1\",\"isInsert\":\"1\",\"isPk\":\"1\",\"isRequired\":\"0\",\"javaField\":\"enrollmentId\",\"javaType\":\"Integer\",\"list\":false,\"params\":{},\"pk\":true,\"query\":false,\"queryType\":\"EQ\",\"required\":false,\"sort\":1,\"superColumn\":false,\"tableId\":3,\"updateBy\":\"\",\"updateTime\":\"2024-10-26 22:58:13\",\"usableColumn\":false},{\"capJavaField\":\"CourseId\",\"columnComment\":\"课程id\",\"columnId\":19,\"columnName\":\"course_id\",\"columnType\":\"int\",\"createBy\":\"admin\",\"createTime\":\"2024-10-26 22:37:25\",\"dictType\":\"\",\"edit\":true,\"htmlType\":\"input\",\"increment\":false,\"insert\":true,\"isEdit\":\"1\",\"isIncrement\":\"0\",\"isInsert\":\"1\",\"isList\":\"1\",\"isPk\":\"0\",\"isQuery\":\"1\",\"isRequired\":\"0\",\"javaField\":\"courseId\",\"javaType\":\"Integer\",\"list\":true,\"params\":{},\"pk\":false,\"query\":true,\"queryType\":\"EQ\",\"required\":false,\"sort\":2,\"superColumn\":false,\"tableId\":3,\"updateBy\":\"\",\"updateTime\":\"2024-10-26 22:58:13\",\"usableColumn\":false},{\"capJavaField\":\"UserId\",\"columnComment\":\"创建者用户id\",\"columnId\":20,\"columnName\":\"user_id\",\"columnType\":\"int\",\"createBy\":\"admin\",\"createTime\":\"2024-10-26 22:37:25\",\"dictType\":\"\",\"edit\":true,\"htmlType\":\"input\",\"increment\":false,\"insert\":true,\"isEdit\":\"1\",\"isIncrement\":\"0\",\"isInsert\":\"1\",\"isList\":\"1\",\"isPk\":\"0\",\"isQuery\":\"1\",\"isRequired\":\"0\",\"javaField\":\"userId\",\"javaType\":\"Long\",\"list\":true,\"params\":{},\"pk\":false,\"query\":true,\"queryType\":\"EQ\",\"required\":false,\"sort\":3,\"superColumn\":false,\"tableId\":3,\"updateBy\":\"\",\"updateTime\":\"2024-10-26 22:58:13\",\"usableColumn\":false},{\"capJavaField\":\"EnrollmentDate\",\"columnComment\":\"选课日期\",\"columnId\":21,\"columnName\":\"enrollment_date\",\"columnType\":\"timestamp\",\"createBy\":\"admin\",\"createTime\":\"2024-10-26 22:37:25\",\"dictType\":\"\",\"edit\":true,\"htmlType\":\"datetime', '{\"msg\":\"操作成功\",\"code\":200}', 0, NULL, '2024-10-27 17:01:45', 12);
INSERT INTO `sys_oper_log` VALUES (138, '代码生成', 8, 'site.hgu7.generator.controller.GenController.batchGenCode()', 'GET', 1, 'admin', '研发部门', '/tool/gen/batchGenCode', '127.0.0.1', '内网IP', '{\"tables\":\"course,course_chapters,course_enrollments\"}', NULL, 0, NULL, '2024-10-27 17:01:51', 125);
INSERT INTO `sys_oper_log` VALUES (139, '代码生成', 2, 'site.hgu7.generator.controller.GenController.editSave()', 'PUT', 1, 'admin', '研发部门', '/tool/gen', '127.0.0.1', '内网IP', '{\"businessName\":\"course\",\"className\":\"Course\",\"columns\":[{\"capJavaField\":\"CourseId\",\"columnComment\":\"课程id\\r\\n\",\"columnId\":1,\"columnName\":\"course_id\",\"columnType\":\"int\",\"createBy\":\"admin\",\"createTime\":\"2024-10-26 22:37:25\",\"dictType\":\"\",\"edit\":false,\"htmlType\":\"input\",\"increment\":true,\"insert\":true,\"isIncrement\":\"1\",\"isInsert\":\"1\",\"isPk\":\"1\",\"isRequired\":\"0\",\"javaField\":\"courseId\",\"javaType\":\"Integer\",\"list\":false,\"params\":{},\"pk\":true,\"query\":false,\"queryType\":\"EQ\",\"required\":false,\"sort\":1,\"superColumn\":false,\"tableId\":1,\"updateBy\":\"\",\"updateTime\":\"2024-10-27 17:01:32\",\"usableColumn\":false},{\"capJavaField\":\"CourseName\",\"columnComment\":\"课程名\\r\\n\",\"columnId\":2,\"columnName\":\"course_name\",\"columnType\":\"varchar(255)\",\"createBy\":\"admin\",\"createTime\":\"2024-10-26 22:37:25\",\"dictType\":\"\",\"edit\":true,\"htmlType\":\"input\",\"increment\":false,\"insert\":true,\"isEdit\":\"1\",\"isIncrement\":\"0\",\"isInsert\":\"1\",\"isList\":\"1\",\"isPk\":\"0\",\"isQuery\":\"1\",\"isRequired\":\"0\",\"javaField\":\"courseName\",\"javaType\":\"String\",\"list\":true,\"params\":{},\"pk\":false,\"query\":true,\"queryType\":\"LIKE\",\"required\":false,\"sort\":2,\"superColumn\":false,\"tableId\":1,\"updateBy\":\"\",\"updateTime\":\"2024-10-27 17:01:32\",\"usableColumn\":false},{\"capJavaField\":\"CourseDescription\",\"columnComment\":\"课程简介\\r\\n\",\"columnId\":3,\"columnName\":\"course_description\",\"columnType\":\"varchar(255)\",\"createBy\":\"admin\",\"createTime\":\"2024-10-26 22:37:25\",\"dictType\":\"\",\"edit\":true,\"htmlType\":\"input\",\"increment\":false,\"insert\":true,\"isEdit\":\"1\",\"isIncrement\":\"0\",\"isInsert\":\"1\",\"isList\":\"1\",\"isPk\":\"0\",\"isQuery\":\"1\",\"isRequired\":\"0\",\"javaField\":\"courseDescription\",\"javaType\":\"String\",\"list\":true,\"params\":{},\"pk\":false,\"query\":true,\"queryType\":\"EQ\",\"required\":false,\"sort\":3,\"superColumn\":false,\"tableId\":1,\"updateBy\":\"\",\"updateTime\":\"2024-10-27 17:01:32\",\"usableColumn\":false},{\"capJavaField\":\"UserId\",\"columnComment\":\"创建者id\\r\\n\",\"columnId\":4,\"columnName\":\"user_id\",\"columnType\":\"int\",\"createBy\":\"admin\",\"createTime\":\"2024-10-26 22:37:25\",\"dictType\":\"\",\"edit\":true,\"', '{\"msg\":\"操作成功\",\"code\":200}', 0, NULL, '2024-10-27 17:10:54', 66);
INSERT INTO `sys_oper_log` VALUES (140, '代码生成', 2, 'site.hgu7.generator.controller.GenController.editSave()', 'PUT', 1, 'admin', '研发部门', '/tool/gen', '127.0.0.1', '内网IP', '{\"businessName\":\"chapters\",\"className\":\"CourseChapters\",\"columns\":[{\"capJavaField\":\"ChapterId\",\"columnComment\":\"章节id\",\"columnId\":10,\"columnName\":\"chapter_id\",\"columnType\":\"int\",\"createBy\":\"admin\",\"createTime\":\"2024-10-26 22:37:25\",\"dictType\":\"\",\"edit\":false,\"htmlType\":\"input\",\"increment\":true,\"insert\":true,\"isIncrement\":\"1\",\"isInsert\":\"1\",\"isPk\":\"1\",\"isRequired\":\"0\",\"javaField\":\"chapterId\",\"javaType\":\"Integer\",\"list\":false,\"params\":{},\"pk\":true,\"query\":false,\"queryType\":\"EQ\",\"required\":false,\"sort\":1,\"superColumn\":false,\"tableId\":2,\"updateBy\":\"\",\"updateTime\":\"2024-10-27 17:01:38\",\"usableColumn\":false},{\"capJavaField\":\"CourseId\",\"columnComment\":\"课程id\",\"columnId\":11,\"columnName\":\"course_id\",\"columnType\":\"int\",\"createBy\":\"admin\",\"createTime\":\"2024-10-26 22:37:25\",\"dictType\":\"\",\"edit\":true,\"htmlType\":\"input\",\"increment\":false,\"insert\":true,\"isEdit\":\"1\",\"isIncrement\":\"0\",\"isInsert\":\"1\",\"isList\":\"1\",\"isPk\":\"0\",\"isQuery\":\"1\",\"isRequired\":\"0\",\"javaField\":\"courseId\",\"javaType\":\"Integer\",\"list\":true,\"params\":{},\"pk\":false,\"query\":true,\"queryType\":\"EQ\",\"required\":false,\"sort\":2,\"superColumn\":false,\"tableId\":2,\"updateBy\":\"\",\"updateTime\":\"2024-10-27 17:01:38\",\"usableColumn\":false},{\"capJavaField\":\"ChapterTitle\",\"columnComment\":\"章节标题\",\"columnId\":12,\"columnName\":\"chapter_title\",\"columnType\":\"varchar(255)\",\"createBy\":\"admin\",\"createTime\":\"2024-10-26 22:37:25\",\"dictType\":\"\",\"edit\":true,\"htmlType\":\"input\",\"increment\":false,\"insert\":true,\"isEdit\":\"1\",\"isIncrement\":\"0\",\"isInsert\":\"1\",\"isList\":\"1\",\"isPk\":\"0\",\"isQuery\":\"1\",\"isRequired\":\"0\",\"javaField\":\"chapterTitle\",\"javaType\":\"String\",\"list\":true,\"params\":{},\"pk\":false,\"query\":true,\"queryType\":\"LIKE\",\"required\":false,\"sort\":3,\"superColumn\":false,\"tableId\":2,\"updateBy\":\"\",\"updateTime\":\"2024-10-27 17:01:38\",\"usableColumn\":false},{\"capJavaField\":\"ChapterDescription\",\"columnComment\":\"章节描述\",\"columnId\":13,\"columnName\":\"chapter_description\",\"columnType\":\"varchar(255)\",\"createBy\":\"admin\",\"createTime\":\"2024-10-26 22:37:25\",\"dictType\":\"\",\"edit\":t', '{\"msg\":\"操作成功\",\"code\":200}', 0, NULL, '2024-10-27 17:11:17', 41);
INSERT INTO `sys_oper_log` VALUES (141, '代码生成', 2, 'site.hgu7.generator.controller.GenController.editSave()', 'PUT', 1, 'admin', '研发部门', '/tool/gen', '127.0.0.1', '内网IP', '{\"businessName\":\"enrollments\",\"className\":\"CourseEnrollments\",\"columns\":[{\"capJavaField\":\"EnrollmentId\",\"columnComment\":\"选课id\",\"columnId\":18,\"columnName\":\"enrollment_id\",\"columnType\":\"int\",\"createBy\":\"admin\",\"createTime\":\"2024-10-26 22:37:25\",\"dictType\":\"\",\"edit\":false,\"htmlType\":\"input\",\"increment\":true,\"insert\":true,\"isIncrement\":\"1\",\"isInsert\":\"1\",\"isPk\":\"1\",\"isRequired\":\"0\",\"javaField\":\"enrollmentId\",\"javaType\":\"Integer\",\"list\":false,\"params\":{},\"pk\":true,\"query\":false,\"queryType\":\"EQ\",\"required\":false,\"sort\":1,\"superColumn\":false,\"tableId\":3,\"updateBy\":\"\",\"updateTime\":\"2024-10-27 17:01:45\",\"usableColumn\":false},{\"capJavaField\":\"CourseId\",\"columnComment\":\"课程id\",\"columnId\":19,\"columnName\":\"course_id\",\"columnType\":\"int\",\"createBy\":\"admin\",\"createTime\":\"2024-10-26 22:37:25\",\"dictType\":\"\",\"edit\":true,\"htmlType\":\"input\",\"increment\":false,\"insert\":true,\"isEdit\":\"1\",\"isIncrement\":\"0\",\"isInsert\":\"1\",\"isList\":\"1\",\"isPk\":\"0\",\"isQuery\":\"1\",\"isRequired\":\"0\",\"javaField\":\"courseId\",\"javaType\":\"Integer\",\"list\":true,\"params\":{},\"pk\":false,\"query\":true,\"queryType\":\"EQ\",\"required\":false,\"sort\":2,\"superColumn\":false,\"tableId\":3,\"updateBy\":\"\",\"updateTime\":\"2024-10-27 17:01:45\",\"usableColumn\":false},{\"capJavaField\":\"UserId\",\"columnComment\":\"创建者用户id\",\"columnId\":20,\"columnName\":\"user_id\",\"columnType\":\"int\",\"createBy\":\"admin\",\"createTime\":\"2024-10-26 22:37:25\",\"dictType\":\"\",\"edit\":true,\"htmlType\":\"input\",\"increment\":false,\"insert\":true,\"isEdit\":\"1\",\"isIncrement\":\"0\",\"isInsert\":\"1\",\"isList\":\"1\",\"isPk\":\"0\",\"isQuery\":\"1\",\"isRequired\":\"0\",\"javaField\":\"userId\",\"javaType\":\"Long\",\"list\":true,\"params\":{},\"pk\":false,\"query\":true,\"queryType\":\"EQ\",\"required\":false,\"sort\":3,\"superColumn\":false,\"tableId\":3,\"updateBy\":\"\",\"updateTime\":\"2024-10-27 17:01:45\",\"usableColumn\":false},{\"capJavaField\":\"EnrollmentDate\",\"columnComment\":\"选课日期\",\"columnId\":21,\"columnName\":\"enrollment_date\",\"columnType\":\"timestamp\",\"createBy\":\"admin\",\"createTime\":\"2024-10-26 22:37:25\",\"dictType\":\"\",\"edit\":true,\"htmlType\":\"datetime', '{\"msg\":\"操作成功\",\"code\":200}', 0, NULL, '2024-10-27 17:11:27', 26);
INSERT INTO `sys_oper_log` VALUES (142, '代码生成', 8, 'site.hgu7.generator.controller.GenController.batchGenCode()', 'GET', 1, 'admin', '研发部门', '/tool/gen/batchGenCode', '127.0.0.1', '内网IP', '{\"tables\":\"course,course_chapters,course_enrollments\"}', NULL, 0, NULL, '2024-10-27 17:11:45', 326);
INSERT INTO `sys_oper_log` VALUES (143, '菜单管理', 3, 'site.hgu7.web.controller.system.SysMenuController.remove()', 'DELETE', 1, 'admin', '研发部门', '/system/menu/2000', '127.0.0.1', '内网IP', '2000', '{\"msg\":\"存在子菜单,不允许删除\",\"code\":601}', 0, NULL, '2024-10-27 17:17:29', 11);
INSERT INTO `sys_oper_log` VALUES (144, '菜单管理', 3, 'site.hgu7.web.controller.system.SysMenuController.remove()', 'DELETE', 1, 'admin', '研发部门', '/system/menu/2001', '127.0.0.1', '内网IP', '2001', '{\"msg\":\"操作成功\",\"code\":200}', 0, NULL, '2024-10-27 17:17:33', 25);
INSERT INTO `sys_oper_log` VALUES (145, '菜单管理', 3, 'site.hgu7.web.controller.system.SysMenuController.remove()', 'DELETE', 1, 'admin', '研发部门', '/system/menu/2002', '127.0.0.1', '内网IP', '2002', '{\"msg\":\"操作成功\",\"code\":200}', 0, NULL, '2024-10-27 17:17:34', 13);
INSERT INTO `sys_oper_log` VALUES (146, '菜单管理', 3, 'site.hgu7.web.controller.system.SysMenuController.remove()', 'DELETE', 1, 'admin', '研发部门', '/system/menu/2003', '127.0.0.1', '内网IP', '2003', '{\"msg\":\"操作成功\",\"code\":200}', 0, NULL, '2024-10-27 17:17:36', 20);
INSERT INTO `sys_oper_log` VALUES (147, '菜单管理', 3, 'site.hgu7.web.controller.system.SysMenuController.remove()', 'DELETE', 1, 'admin', '研发部门', '/system/menu/2004', '127.0.0.1', '内网IP', '2004', '{\"msg\":\"操作成功\",\"code\":200}', 0, NULL, '2024-10-27 17:17:37', 11);
INSERT INTO `sys_oper_log` VALUES (148, '菜单管理', 3, 'site.hgu7.web.controller.system.SysMenuController.remove()', 'DELETE', 1, 'admin', '研发部门', '/system/menu/2005', '127.0.0.1', '内网IP', '2005', '{\"msg\":\"操作成功\",\"code\":200}', 0, NULL, '2024-10-27 17:17:38', 22);
INSERT INTO `sys_oper_log` VALUES (149, '菜单管理', 3, 'site.hgu7.web.controller.system.SysMenuController.remove()', 'DELETE', 1, 'admin', '研发部门', '/system/menu/2000', '127.0.0.1', '内网IP', '2000', '{\"msg\":\"操作成功\",\"code\":200}', 0, NULL, '2024-10-27 17:17:39', 22);
INSERT INTO `sys_oper_log` VALUES (150, '菜单管理', 3, 'site.hgu7.web.controller.system.SysMenuController.remove()', 'DELETE', 1, 'admin', '研发部门', '/system/menu/2013', '127.0.0.1', '内网IP', '2013', '{\"msg\":\"操作成功\",\"code\":200}', 0, NULL, '2024-10-27 17:17:41', 15);
INSERT INTO `sys_oper_log` VALUES (151, '菜单管理', 3, 'site.hgu7.web.controller.system.SysMenuController.remove()', 'DELETE', 1, 'admin', '研发部门', '/system/menu/2014', '127.0.0.1', '内网IP', '2014', '{\"msg\":\"操作成功\",\"code\":200}', 0, NULL, '2024-10-27 17:17:43', 14);
INSERT INTO `sys_oper_log` VALUES (152, '菜单管理', 3, 'site.hgu7.web.controller.system.SysMenuController.remove()', 'DELETE', 1, 'admin', '研发部门', '/system/menu/2015', '127.0.0.1', '内网IP', '2015', '{\"msg\":\"操作成功\",\"code\":200}', 0, NULL, '2024-10-27 17:17:44', 13);
INSERT INTO `sys_oper_log` VALUES (153, '菜单管理', 3, 'site.hgu7.web.controller.system.SysMenuController.remove()', 'DELETE', 1, 'admin', '研发部门', '/system/menu/2016', '127.0.0.1', '内网IP', '2016', '{\"msg\":\"操作成功\",\"code\":200}', 0, NULL, '2024-10-27 17:17:45', 20);
INSERT INTO `sys_oper_log` VALUES (154, '菜单管理', 3, 'site.hgu7.web.controller.system.SysMenuController.remove()', 'DELETE', 1, 'admin', '研发部门', '/system/menu/2017', '127.0.0.1', '内网IP', '2017', '{\"msg\":\"操作成功\",\"code\":200}', 0, NULL, '2024-10-27 17:17:45', 17);
INSERT INTO `sys_oper_log` VALUES (155, '菜单管理', 3, 'site.hgu7.web.controller.system.SysMenuController.remove()', 'DELETE', 1, 'admin', '研发部门', '/system/menu/2012', '127.0.0.1', '内网IP', '2012', '{\"msg\":\"操作成功\",\"code\":200}', 0, NULL, '2024-10-27 17:17:47', 20);
INSERT INTO `sys_oper_log` VALUES (156, '菜单管理', 3, 'site.hgu7.web.controller.system.SysMenuController.remove()', 'DELETE', 1, 'admin', '研发部门', '/system/menu/2007', '127.0.0.1', '内网IP', '2007', '{\"msg\":\"操作成功\",\"code\":200}', 0, NULL, '2024-10-27 17:17:49', 11);
INSERT INTO `sys_oper_log` VALUES (157, '菜单管理', 3, 'site.hgu7.web.controller.system.SysMenuController.remove()', 'DELETE', 1, 'admin', '研发部门', '/system/menu/2008', '127.0.0.1', '内网IP', '2008', '{\"msg\":\"操作成功\",\"code\":200}', 0, NULL, '2024-10-27 17:17:50', 12);
INSERT INTO `sys_oper_log` VALUES (158, '菜单管理', 3, 'site.hgu7.web.controller.system.SysMenuController.remove()', 'DELETE', 1, 'admin', '研发部门', '/system/menu/2009', '127.0.0.1', '内网IP', '2009', '{\"msg\":\"操作成功\",\"code\":200}', 0, NULL, '2024-10-27 17:17:51', 22);
INSERT INTO `sys_oper_log` VALUES (159, '菜单管理', 3, 'site.hgu7.web.controller.system.SysMenuController.remove()', 'DELETE', 1, 'admin', '研发部门', '/system/menu/2010', '127.0.0.1', '内网IP', '2010', '{\"msg\":\"操作成功\",\"code\":200}', 0, NULL, '2024-10-27 17:17:52', 15);
INSERT INTO `sys_oper_log` VALUES (160, '菜单管理', 3, 'site.hgu7.web.controller.system.SysMenuController.remove()', 'DELETE', 1, 'admin', '研发部门', '/system/menu/2011', '127.0.0.1', '内网IP', '2011', '{\"msg\":\"操作成功\",\"code\":200}', 0, NULL, '2024-10-27 17:17:53', 19);
INSERT INTO `sys_oper_log` VALUES (161, '菜单管理', 3, 'site.hgu7.web.controller.system.SysMenuController.remove()', 'DELETE', 1, 'admin', '研发部门', '/system/menu/2006', '127.0.0.1', '内网IP', '2006', '{\"msg\":\"操作成功\",\"code\":200}', 0, NULL, '2024-10-27 17:17:55', 20);
INSERT INTO `sys_oper_log` VALUES (162, 'course_chapters', 1, 'site.hgu7.core.course.controller.CourseChaptersController.add()', 'POST', 1, 'admin', '研发部门', '/course/chapters', '127.0.0.1', '内网IP', '{\"chapterDescription\":\"第一章第一节\",\"chapterTitle\":\"1-1\",\"courseId\":1,\"createdAt\":\"2024-10-27\",\"params\":{},\"position\":\"1-1\",\"updatedAt\":\"2024-10-27\",\"videoUrl\":\"https://stream-lianyungang-cu-218-98-41-210.edgesrv.com:443/live/63136rc1gvphFT3F.flv?wsAuth=799067b08eda2c56436a0804d477a079&token=web-h5-40499214-63136-af64e6b2f7525f46f8c9a280ef349f25969004d2e2f1477a&logo=0&expire=0&did=6790d818e1d985612b37ca7d49071701&ver=219032101&pt=2&st=0&sid=402499802&mcid2=0&vhost=play1&origin=tct&mix=0&isp=scdncujislyg2\"}', NULL, 1, '\r\n### Error updating database.  Cause: com.mysql.cj.jdbc.exceptions.MysqlDataTruncation: Data truncation: Data too long for column \'video_url\' at row 1\r\n### The error may exist in file [D:\\Desktop\\综合实习\\HGU-ZXXX\\zxxx-core\\target\\classes\\mapper\\course\\CourseChaptersMapper.xml]\r\n### The error may involve site.hgu7.core.course.mapper.CourseChaptersMapper.insertCourseChapters-Inline\r\n### The error occurred while setting parameters\r\n### SQL: insert into course_chapters          ( course_id,             chapter_title,             chapter_description,             video_url,             position,             created_at,             updated_at )           values ( ?,             ?,             ?,             ?,             ?,             ?,             ? )\r\n### Cause: com.mysql.cj.jdbc.exceptions.MysqlDataTruncation: Data truncation: Data too long for column \'video_url\' at row 1\n; Data truncation: Data too long for column \'video_url\' at row 1; nested exception is com.mysql.cj.jdbc.exceptions.MysqlDataTruncation: Data truncation: Data too long for column \'video_url\' at row 1', '2024-10-27 18:52:08', 171);
INSERT INTO `sys_oper_log` VALUES (163, 'course_chapters', 1, 'site.hgu7.core.course.controller.CourseChaptersController.add()', 'POST', 1, 'admin', '研发部门', '/course/chapters', '127.0.0.1', '内网IP', '{\"chapterDescription\":\"1\",\"chapterTitle\":\"1\",\"courseId\":1,\"createdAt\":\"2024-10-27\",\"params\":{},\"position\":\"1\",\"updatedAt\":\"2024-10-27\",\"videoUrl\":\"https://stream-lianyungang-cu-218-98-41-210.edgesrv.com:443/live/63136rc1gvphFT3F.flv?wsAuth=799067b08eda2c56436a0804d477a079&token=web-h5-40499214-63136-af64e6b2f7525f46f8c9a280ef349f25969004d2e2f1477a&logo=0&expire=0&did=6790d818e1d985612b37ca7d49071701&ver=219032101&pt=2&st=0&sid=402499802&mcid2=0&vhost=play1&origin=tct&mix=0&isp=scdncujislyg2\"}', NULL, 1, '\r\n### Error updating database.  Cause: com.mysql.cj.jdbc.exceptions.MysqlDataTruncation: Data truncation: Data too long for column \'video_url\' at row 1\r\n### The error may exist in file [D:\\Desktop\\综合实习\\HGU-ZXXX\\zxxx-core\\target\\classes\\mapper\\course\\CourseChaptersMapper.xml]\r\n### The error may involve site.hgu7.core.course.mapper.CourseChaptersMapper.insertCourseChapters-Inline\r\n### The error occurred while setting parameters\r\n### SQL: insert into course_chapters          ( course_id,             chapter_title,             chapter_description,             video_url,             position,             created_at,             updated_at )           values ( ?,             ?,             ?,             ?,             ?,             ?,             ? )\r\n### Cause: com.mysql.cj.jdbc.exceptions.MysqlDataTruncation: Data truncation: Data too long for column \'video_url\' at row 1\n; Data truncation: Data too long for column \'video_url\' at row 1; nested exception is com.mysql.cj.jdbc.exceptions.MysqlDataTruncation: Data truncation: Data too long for column \'video_url\' at row 1', '2024-10-27 18:52:52', 2);
INSERT INTO `sys_oper_log` VALUES (164, 'course_chapters', 1, 'site.hgu7.core.course.controller.CourseChaptersController.add()', 'POST', 1, 'admin', '研发部门', '/course/chapters', '127.0.0.1', '内网IP', '{\"chapterDescription\":\"1\",\"chapterId\":1,\"chapterTitle\":\"1\",\"courseId\":1,\"createdAt\":\"2024-10-27\",\"params\":{},\"position\":\"1\",\"updatedAt\":\"2024-10-27\",\"videoUrl\":\"https://stream-lianyungang-cu\"}', '{\"msg\":\"操作成功\",\"code\":200}', 0, NULL, '2024-10-27 18:52:56', 12);
INSERT INTO `sys_oper_log` VALUES (165, 'course_chapters', 2, 'site.hgu7.core.course.controller.CourseChaptersController.edit()', 'PUT', 1, 'admin', '研发部门', '/course/chapters', '127.0.0.1', '内网IP', '{\"chapterDescription\":\"1\",\"chapterId\":1,\"chapterTitle\":\"1\",\"courseId\":1,\"createdAt\":\"2024-10-27\",\"params\":{},\"position\":\"1\",\"updatedAt\":\"2024-10-27\",\"videoUrl\":\"https://stream-lianyungang-cu-218-98-41-210.edgesrv.com:443/live/63136rc1gvphFT3F.flv?wsAuth=799067b08eda2c56436a0804d477a079&token=web-h5-40499214-63136-af64e6b2f7525f46f8c9a280ef349f25969004d2e2f1477a&logo=0&expire=0&did=6790d818e1d985612b37ca7d49071701&ver=219032101&pt=2&st=0&sid=402499802&mcid2=0&vhost=play1&origin=tct&mix=0&isp=scdncujislyg2\"}', '{\"msg\":\"操作成功\",\"code\":200}', 0, NULL, '2024-10-27 18:53:17', 12);
INSERT INTO `sys_oper_log` VALUES (166, '菜单管理', 2, 'site.hgu7.web.controller.system.SysMenuController.edit()', 'PUT', 1, 'admin', '研发部门', '/system/menu', '127.0.0.1', '内网IP', '{\"children\":[],\"component\":\"course/chapters/index\",\"createTime\":\"2024-10-27 17:18:34\",\"icon\":\"#\",\"isCache\":\"0\",\"isFrame\":\"1\",\"menuId\":2030,\"menuName\":\"课程章节\",\"menuType\":\"C\",\"orderNum\":1,\"params\":{},\"parentId\":0,\"path\":\"chapters\",\"perms\":\"course:chapters:list\",\"routeName\":\"\",\"status\":\"0\",\"updateBy\":\"admin\",\"visible\":\"0\"}', '{\"msg\":\"操作成功\",\"code\":200}', 0, NULL, '2024-10-27 19:01:08', 15);
INSERT INTO `sys_oper_log` VALUES (167, '菜单管理', 2, 'site.hgu7.web.controller.system.SysMenuController.edit()', 'PUT', 1, 'admin', '研发部门', '/system/menu', '127.0.0.1', '内网IP', '{\"children\":[],\"component\":\"course/course/index\",\"createTime\":\"2024-10-27 17:18:30\",\"icon\":\"#\",\"isCache\":\"0\",\"isFrame\":\"1\",\"menuId\":2024,\"menuName\":\"我的课程\",\"menuType\":\"C\",\"orderNum\":1,\"params\":{},\"parentId\":0,\"path\":\"course\",\"perms\":\"course:course:list\",\"routeName\":\"\",\"status\":\"0\",\"updateBy\":\"admin\",\"visible\":\"0\"}', '{\"msg\":\"操作成功\",\"code\":200}', 0, NULL, '2024-10-27 19:01:13', 3);
INSERT INTO `sys_oper_log` VALUES (168, '菜单管理', 2, 'site.hgu7.web.controller.system.SysMenuController.edit()', 'PUT', 1, 'admin', '研发部门', '/system/menu', '127.0.0.1', '内网IP', '{\"children\":[],\"component\":\"course/enrollments/index\",\"createTime\":\"2024-10-27 17:18:25\",\"icon\":\"#\",\"isCache\":\"0\",\"isFrame\":\"1\",\"menuId\":2018,\"menuName\":\"学生选课\",\"menuType\":\"C\",\"orderNum\":1,\"params\":{},\"parentId\":0,\"path\":\"enrollments\",\"perms\":\"course:enrollments:list\",\"routeName\":\"\",\"status\":\"0\",\"updateBy\":\"admin\",\"visible\":\"0\"}', '{\"msg\":\"操作成功\",\"code\":200}', 0, NULL, '2024-10-27 19:01:20', 6);
INSERT INTO `sys_oper_log` VALUES (169, '菜单管理', 2, 'site.hgu7.web.controller.system.SysMenuController.edit()', 'PUT', 1, 'admin', '研发部门', '/system/menu', '127.0.0.1', '内网IP', '{\"children\":[],\"component\":\"course/course/index\",\"createTime\":\"2024-10-27 17:18:30\",\"icon\":\"#\",\"isCache\":\"0\",\"isFrame\":\"1\",\"menuId\":2024,\"menuName\":\"全部课程\",\"menuType\":\"C\",\"orderNum\":1,\"params\":{},\"parentId\":0,\"path\":\"course\",\"perms\":\"course:course:list\",\"routeName\":\"\",\"status\":\"0\",\"updateBy\":\"admin\",\"visible\":\"0\"}', '{\"msg\":\"操作成功\",\"code\":200}', 0, NULL, '2024-10-27 19:34:18', 8);
INSERT INTO `sys_oper_log` VALUES (170, '菜单管理', 2, 'site.hgu7.web.controller.system.SysMenuController.edit()', 'PUT', 1, 'admin', '研发部门', '/system/menu', '127.0.0.1', '内网IP', '{\"children\":[],\"component\":\"course/enrollments/index\",\"createTime\":\"2024-10-27 17:18:25\",\"icon\":\"#\",\"isCache\":\"0\",\"isFrame\":\"1\",\"menuId\":2018,\"menuName\":\"我的选课记录\",\"menuType\":\"C\",\"orderNum\":1,\"params\":{},\"parentId\":0,\"path\":\"enrollments\",\"perms\":\"course:enrollments:list\",\"routeName\":\"\",\"status\":\"0\",\"updateBy\":\"admin\",\"visible\":\"0\"}', '{\"msg\":\"操作成功\",\"code\":200}', 0, NULL, '2024-10-27 19:40:37', 32);
INSERT INTO `sys_oper_log` VALUES (171, 'course_enrollments', 1, 'site.hgu7.core.course.controller.CourseEnrollmentsController.add()', 'POST', 1, 'admin', '研发部门', '/course/enrollments', '127.0.0.1', '内网IP', '{\"chapterId\":1,\"courseId\":1,\"courseStatus\":\"1\",\"enrollmentDate\":\"2024-10-27\",\"enrollmentId\":1,\"params\":{},\"userId\":1}', '{\"msg\":\"操作成功\",\"code\":200}', 0, NULL, '2024-10-27 19:47:41', 88);
INSERT INTO `sys_oper_log` VALUES (172, 'course_enrollments', 1, 'site.hgu7.core.course.controller.CourseEnrollmentsController.add()', 'POST', 1, 'admin', '研发部门', '/course/enrollments', '127.0.0.1', '内网IP', '{\"chapterId\":2,\"courseId\":2,\"courseStatus\":\"1\",\"enrollmentDate\":\"2024-10-27\",\"enrollmentId\":2,\"params\":{},\"userId\":2}', '{\"msg\":\"操作成功\",\"code\":200}', 0, NULL, '2024-10-27 19:47:49', 13);
INSERT INTO `sys_oper_log` VALUES (173, 'course', 3, 'site.hgu7.core.course.controller.CourseController.remove()', 'DELETE', 1, 'admin', '研发部门', '/course/course/2', '127.0.0.1', '内网IP', '[2]', '{\"msg\":\"操作成功\",\"code\":200}', 0, NULL, '2024-10-27 21:19:15', 45);
INSERT INTO `sys_oper_log` VALUES (174, 'course_enrollments', 3, 'site.hgu7.core.course.controller.CourseEnrollmentsController.remove()', 'DELETE', 1, 'admin', '研发部门', '/course/enrollments/7', '127.0.0.1', '内网IP', '[7]', '{\"msg\":\"操作成功\",\"code\":200}', 0, NULL, '2024-10-27 22:52:28', 28);
INSERT INTO `sys_oper_log` VALUES (175, 'course_enrollments', 3, 'site.hgu7.core.course.controller.CourseEnrollmentsController.remove()', 'DELETE', 1, 'admin', '研发部门', '/course/enrollments/6', '127.0.0.1', '内网IP', '[6]', '{\"msg\":\"操作成功\",\"code\":200}', 0, NULL, '2024-10-27 22:52:30', 19);
INSERT INTO `sys_oper_log` VALUES (176, 'course_enrollments', 3, 'site.hgu7.core.course.controller.CourseEnrollmentsController.remove()', 'DELETE', 1, 'admin', '研发部门', '/course/enrollments/5', '127.0.0.1', '内网IP', '[5]', '{\"msg\":\"操作成功\",\"code\":200}', 0, NULL, '2024-10-27 22:52:31', 14);
INSERT INTO `sys_oper_log` VALUES (177, 'course_enrollments', 3, 'site.hgu7.core.course.controller.CourseEnrollmentsController.remove()', 'DELETE', 1, 'admin', '研发部门', '/course/enrollments/3', '127.0.0.1', '内网IP', '[3]', '{\"msg\":\"操作成功\",\"code\":200}', 0, NULL, '2024-10-27 22:52:32', 13);
INSERT INTO `sys_oper_log` VALUES (178, '菜单管理', 1, 'site.hgu7.web.controller.system.SysMenuController.add()', 'POST', 1, 'admin', '研发部门', '/system/menu', '127.0.0.1', '内网IP', '{\"children\":[],\"createBy\":\"admin\",\"isCache\":\"0\",\"isFrame\":\"1\",\"menuName\":\"选课管理\",\"menuType\":\"M\",\"orderNum\":3,\"params\":{},\"parentId\":0,\"path\":\"course\",\"status\":\"0\",\"visible\":\"0\"}', '{\"msg\":\"操作成功\",\"code\":200}', 0, NULL, '2024-10-28 08:42:34', 20);
INSERT INTO `sys_oper_log` VALUES (179, '菜单管理', 2, 'site.hgu7.web.controller.system.SysMenuController.edit()', 'PUT', 1, 'admin', '研发部门', '/system/menu', '127.0.0.1', '内网IP', '{\"children\":[],\"component\":\"course/enrollments/index\",\"createTime\":\"2024-10-27 17:18:25\",\"icon\":\"#\",\"isCache\":\"0\",\"isFrame\":\"1\",\"menuId\":2018,\"menuName\":\"选课结果\",\"menuType\":\"C\",\"orderNum\":1,\"params\":{},\"parentId\":2036,\"path\":\"enrollments\",\"perms\":\"course:enrollments:list\",\"routeName\":\"\",\"status\":\"0\",\"updateBy\":\"admin\",\"visible\":\"0\"}', '{\"msg\":\"操作成功\",\"code\":200}', 0, NULL, '2024-10-28 08:42:54', 16);
INSERT INTO `sys_oper_log` VALUES (180, '菜单管理', 2, 'site.hgu7.web.controller.system.SysMenuController.edit()', 'PUT', 1, 'admin', '研发部门', '/system/menu', '127.0.0.1', '内网IP', '{\"children\":[],\"component\":\"course/course/index\",\"createTime\":\"2024-10-27 17:18:30\",\"icon\":\"#\",\"isCache\":\"0\",\"isFrame\":\"1\",\"menuId\":2024,\"menuName\":\"选课\",\"menuType\":\"C\",\"orderNum\":1,\"params\":{},\"parentId\":2036,\"path\":\"course\",\"perms\":\"course:course:list\",\"routeName\":\"\",\"status\":\"0\",\"updateBy\":\"admin\",\"visible\":\"0\"}', '{\"msg\":\"操作成功\",\"code\":200}', 0, NULL, '2024-10-28 08:43:09', 15);
INSERT INTO `sys_oper_log` VALUES (181, '菜单管理', 2, 'site.hgu7.web.controller.system.SysMenuController.edit()', 'PUT', 1, 'admin', '研发部门', '/system/menu', '127.0.0.1', '内网IP', '{\"children\":[],\"component\":\"course/enrollments/index\",\"createTime\":\"2024-10-27 17:18:25\",\"icon\":\"#\",\"isCache\":\"0\",\"isFrame\":\"1\",\"menuId\":2018,\"menuName\":\"选课结果\",\"menuType\":\"C\",\"orderNum\":1,\"params\":{},\"parentId\":0,\"path\":\"enrollments\",\"perms\":\"course:enrollments:list\",\"routeName\":\"\",\"status\":\"0\",\"updateBy\":\"admin\",\"visible\":\"0\"}', '{\"msg\":\"操作成功\",\"code\":200}', 0, NULL, '2024-10-28 08:45:41', 14);
INSERT INTO `sys_oper_log` VALUES (182, '菜单管理', 2, 'site.hgu7.web.controller.system.SysMenuController.edit()', 'PUT', 1, 'admin', '研发部门', '/system/menu', '127.0.0.1', '内网IP', '{\"children\":[],\"component\":\"course/enrollments/index\",\"createTime\":\"2024-10-27 17:18:25\",\"icon\":\"#\",\"isCache\":\"0\",\"isFrame\":\"1\",\"menuId\":2018,\"menuName\":\"选课结果\",\"menuType\":\"C\",\"orderNum\":2,\"params\":{},\"parentId\":0,\"path\":\"enrollments\",\"perms\":\"course:enrollments:list\",\"routeName\":\"\",\"status\":\"0\",\"updateBy\":\"admin\",\"visible\":\"0\"}', '{\"msg\":\"操作成功\",\"code\":200}', 0, NULL, '2024-10-28 08:47:41', 14);
INSERT INTO `sys_oper_log` VALUES (183, '菜单管理', 2, 'site.hgu7.web.controller.system.SysMenuController.edit()', 'PUT', 1, 'admin', '研发部门', '/system/menu', '127.0.0.1', '内网IP', '{\"children\":[],\"component\":\"enrollments/index\",\"createTime\":\"2024-10-27 17:18:25\",\"icon\":\"#\",\"isCache\":\"0\",\"isFrame\":\"1\",\"menuId\":2018,\"menuName\":\"选课结果\",\"menuType\":\"C\",\"orderNum\":2,\"params\":{},\"parentId\":2036,\"path\":\"enrollments\",\"perms\":\"course:enrollments:list\",\"routeName\":\"\",\"status\":\"0\",\"updateBy\":\"admin\",\"visible\":\"0\"}', '{\"msg\":\"操作成功\",\"code\":200}', 0, NULL, '2024-10-28 08:48:17', 19);
INSERT INTO `sys_oper_log` VALUES (184, '菜单管理', 2, 'site.hgu7.web.controller.system.SysMenuController.edit()', 'PUT', 1, 'admin', '研发部门', '/system/menu', '127.0.0.1', '内网IP', '{\"children\":[],\"component\":\"course/enrollments/index\",\"createTime\":\"2024-10-27 17:18:25\",\"icon\":\"#\",\"isCache\":\"0\",\"isFrame\":\"1\",\"menuId\":2018,\"menuName\":\"选课结果\",\"menuType\":\"C\",\"orderNum\":2,\"params\":{},\"parentId\":2036,\"path\":\"enrollments\",\"perms\":\"course:enrollments:list\",\"routeName\":\"\",\"status\":\"0\",\"updateBy\":\"admin\",\"visible\":\"0\"}', '{\"msg\":\"操作成功\",\"code\":200}', 0, NULL, '2024-10-28 08:48:48', 19);
INSERT INTO `sys_oper_log` VALUES (185, '字典数据', 1, 'site.hgu7.web.controller.system.SysDictDataController.add()', 'POST', 1, 'admin', '研发部门', '/system/dict/data', '127.0.0.1', '内网IP', '{\"createBy\":\"admin\",\"default\":false,\"dictLabel\":\"公共基础课\",\"dictSort\":0,\"dictType\":\"course_category\",\"dictValue\":\"00\",\"listClass\":\"default\",\"params\":{},\"status\":\"0\"}', '{\"msg\":\"操作成功\",\"code\":200}', 0, NULL, '2024-10-28 08:51:07', 17);
INSERT INTO `sys_oper_log` VALUES (186, '菜单管理', 1, 'site.hgu7.web.controller.system.SysMenuController.add()', 'POST', 1, 'admin', '研发部门', '/system/menu', '127.0.0.1', '内网IP', '{\"children\":[],\"createBy\":\"admin\",\"isCache\":\"0\",\"isFrame\":\"1\",\"menuName\":\"课程管理\",\"menuType\":\"M\",\"orderNum\":3,\"params\":{},\"parentId\":0,\"path\":\"course\",\"status\":\"0\",\"visible\":\"0\"}', '{\"msg\":\"操作成功\",\"code\":200}', 0, NULL, '2024-10-28 09:11:30', 6);
INSERT INTO `sys_oper_log` VALUES (187, '菜单管理', 2, 'site.hgu7.web.controller.system.SysMenuController.edit()', 'PUT', 1, 'admin', '研发部门', '/system/menu', '127.0.0.1', '内网IP', '{\"children\":[],\"component\":\"course/chapters/index\",\"createTime\":\"2024-10-27 17:18:34\",\"icon\":\"#\",\"isCache\":\"0\",\"isFrame\":\"1\",\"menuId\":2030,\"menuName\":\"课程章节\",\"menuType\":\"C\",\"orderNum\":1,\"params\":{},\"parentId\":2037,\"path\":\"chapters\",\"perms\":\"course:chapters:list\",\"routeName\":\"\",\"status\":\"0\",\"updateBy\":\"admin\",\"visible\":\"0\"}', '{\"msg\":\"操作成功\",\"code\":200}', 0, NULL, '2024-10-28 09:11:43', 14);
INSERT INTO `sys_oper_log` VALUES (188, '菜单管理', 2, 'site.hgu7.web.controller.system.SysMenuController.edit()', 'PUT', 1, 'admin', '研发部门', '/system/menu', '127.0.0.1', '内网IP', '{\"children\":[],\"createTime\":\"2024-10-28 09:11:30\",\"icon\":\"#\",\"isCache\":\"0\",\"isFrame\":\"1\",\"menuId\":2037,\"menuName\":\"课程管理\",\"menuType\":\"M\",\"orderNum\":3,\"params\":{},\"parentId\":0,\"path\":\"courseSet\",\"perms\":\"\",\"routeName\":\"\",\"status\":\"0\",\"updateBy\":\"admin\",\"visible\":\"0\"}', '{\"msg\":\"操作成功\",\"code\":200}', 0, NULL, '2024-10-28 09:12:07', 32);
INSERT INTO `sys_oper_log` VALUES (189, '菜单管理', 2, 'site.hgu7.web.controller.system.SysMenuController.edit()', 'PUT', 1, 'admin', '研发部门', '/system/menu', '127.0.0.1', '内网IP', '{\"children\":[],\"createTime\":\"2024-10-28 09:11:30\",\"icon\":\"#\",\"isCache\":\"0\",\"isFrame\":\"1\",\"menuId\":2037,\"menuName\":\"课程管理\",\"menuType\":\"M\",\"orderNum\":3,\"params\":{},\"parentId\":0,\"path\":\"courseMan\",\"perms\":\"\",\"routeName\":\"\",\"status\":\"0\",\"updateBy\":\"admin\",\"visible\":\"0\"}', '{\"msg\":\"操作成功\",\"code\":200}', 0, NULL, '2024-10-28 09:12:20', 20);
INSERT INTO `sys_oper_log` VALUES (190, '菜单管理', 1, 'site.hgu7.web.controller.system.SysMenuController.add()', 'POST', 1, 'admin', '研发部门', '/system/menu', '127.0.0.1', '内网IP', '{\"children\":[],\"component\":\"course/course/allcourse\",\"createBy\":\"admin\",\"isCache\":\"0\",\"isFrame\":\"1\",\"menuName\":\"全部课程\",\"menuType\":\"C\",\"orderNum\":3,\"params\":{},\"parentId\":2037,\"path\":\"allcourse\",\"status\":\"0\",\"visible\":\"0\"}', '{\"msg\":\"操作成功\",\"code\":200}', 0, NULL, '2024-10-28 09:15:12', 14);
INSERT INTO `sys_oper_log` VALUES (191, '菜单管理', 2, 'site.hgu7.web.controller.system.SysMenuController.edit()', 'PUT', 1, 'admin', '研发部门', '/system/menu', '127.0.0.1', '内网IP', '{\"children\":[],\"component\":\"course/course/allcourse\",\"createTime\":\"2024-10-28 09:15:12\",\"icon\":\"#\",\"isCache\":\"0\",\"isFrame\":\"1\",\"menuId\":2038,\"menuName\":\"全部课程\",\"menuType\":\"C\",\"orderNum\":3,\"params\":{},\"parentId\":2037,\"path\":\"allcourse\",\"perms\":\"course:chapters:list\",\"routeName\":\"\",\"status\":\"0\",\"updateBy\":\"admin\",\"visible\":\"0\"}', '{\"msg\":\"操作成功\",\"code\":200}', 0, NULL, '2024-10-28 09:15:35', 8);
INSERT INTO `sys_oper_log` VALUES (192, '菜单管理', 2, 'site.hgu7.web.controller.system.SysMenuController.edit()', 'PUT', 1, 'admin', '研发部门', '/system/menu', '127.0.0.1', '内网IP', '{\"children\":[],\"component\":\"course/course/allcourse\",\"createTime\":\"2024-10-28 09:15:12\",\"icon\":\"#\",\"isCache\":\"0\",\"isFrame\":\"1\",\"menuId\":2038,\"menuName\":\"全部课程\",\"menuType\":\"C\",\"orderNum\":3,\"params\":{},\"parentId\":2037,\"path\":\"allcourse\",\"perms\":\"course:course:list\",\"routeName\":\"\",\"status\":\"0\",\"updateBy\":\"admin\",\"visible\":\"0\"}', '{\"msg\":\"操作成功\",\"code\":200}', 0, NULL, '2024-10-28 09:15:45', 18);
INSERT INTO `sys_oper_log` VALUES (193, 'course_chapters', 1, 'site.hgu7.core.course.controller.CourseChaptersController.add()', 'POST', 1, 'admin', '研发部门', '/course/chapters', '127.0.0.1', '内网IP', '{\"chapterDescription\":\"1\",\"chapterId\":2,\"chapterTitle\":\"1\",\"courseId\":1,\"params\":{},\"position\":\"31\",\"videoUrl\":\"31\"}', '{\"msg\":\"操作成功\",\"code\":200}', 0, NULL, '2024-10-28 10:02:35', 71);
INSERT INTO `sys_oper_log` VALUES (194, 'course_chapters', 1, 'site.hgu7.core.course.controller.CourseChaptersController.add()', 'POST', 1, 'admin', '研发部门', '/course/chapters', '127.0.0.1', '内网IP', '{\"chapterDescription\":\"3123\",\"chapterId\":3,\"chapterTitle\":\"1312\",\"courseId\":1,\"params\":{},\"position\":\"213\",\"videoUrl\":\"13\"}', '{\"msg\":\"操作成功\",\"code\":200}', 0, NULL, '2024-10-28 10:06:49', 154);
INSERT INTO `sys_oper_log` VALUES (195, '菜单管理', 1, 'site.hgu7.web.controller.system.SysMenuController.add()', 'POST', 1, 'admin', '研发部门', '/system/menu', '127.0.0.1', '内网IP', '{\"children\":[],\"createBy\":\"admin\",\"isCache\":\"0\",\"isFrame\":\"1\",\"menuName\":\"在线学习\",\"menuType\":\"M\",\"orderNum\":4,\"params\":{},\"parentId\":0,\"path\":\"study\",\"status\":\"0\",\"visible\":\"0\"}', '{\"msg\":\"操作成功\",\"code\":200}', 0, NULL, '2024-10-28 10:22:05', 29);
INSERT INTO `sys_oper_log` VALUES (196, '菜单管理', 1, 'site.hgu7.web.controller.system.SysMenuController.add()', 'POST', 1, 'admin', '研发部门', '/system/menu', '127.0.0.1', '内网IP', '{\"children\":[],\"component\":\"course/course/details\",\"createBy\":\"admin\",\"isCache\":\"0\",\"isFrame\":\"1\",\"menuName\":\"课程详情\",\"menuType\":\"C\",\"orderNum\":3,\"params\":{},\"parentId\":2039,\"path\":\"/details\",\"status\":\"0\",\"visible\":\"0\"}', '{\"msg\":\"操作成功\",\"code\":200}', 0, NULL, '2024-10-28 10:22:40', 21);
INSERT INTO `sys_oper_log` VALUES (197, '菜单管理', 2, 'site.hgu7.web.controller.system.SysMenuController.edit()', 'PUT', 1, 'admin', '研发部门', '/system/menu', '127.0.0.1', '内网IP', '{\"children\":[],\"component\":\"course/course/details\",\"createTime\":\"2024-10-28 10:22:40\",\"icon\":\"#\",\"isCache\":\"0\",\"isFrame\":\"1\",\"menuId\":2040,\"menuName\":\"课程详情\",\"menuType\":\"C\",\"orderNum\":3,\"params\":{},\"parentId\":2039,\"path\":\"/details\",\"perms\":\"course:enrollments:list\",\"routeName\":\"\",\"status\":\"0\",\"updateBy\":\"admin\",\"visible\":\"0\"}', '{\"msg\":\"操作成功\",\"code\":200}', 0, NULL, '2024-10-28 10:24:26', 18);
INSERT INTO `sys_oper_log` VALUES (198, '菜单管理', 2, 'site.hgu7.web.controller.system.SysMenuController.edit()', 'PUT', 1, 'admin', '研发部门', '/system/menu', '127.0.0.1', '内网IP', '{\"children\":[],\"component\":\"course/course/details\",\"createTime\":\"2024-10-28 10:22:40\",\"icon\":\"#\",\"isCache\":\"0\",\"isFrame\":\"1\",\"menuId\":2040,\"menuName\":\"课程详情\",\"menuType\":\"C\",\"orderNum\":1,\"params\":{},\"parentId\":2039,\"path\":\"/details\",\"perms\":\"course:enrollments:list\",\"routeName\":\"\",\"status\":\"0\",\"updateBy\":\"admin\",\"visible\":\"0\"}', '{\"msg\":\"操作成功\",\"code\":200}', 0, NULL, '2024-10-28 10:25:03', 24);
INSERT INTO `sys_oper_log` VALUES (199, 'course', 2, 'site.hgu7.core.course.controller.CourseController.edit()', 'PUT', 1, 'admin', '研发部门', '/course/course', '127.0.0.1', '内网IP', '{\"courseCategory\":\"00\",\"courseDescription\":\"这是概率论课程\",\"courseId\":3,\"courseImg\":\"https://tse1.mm.bing.net/th?&id=OVP.sTakHC_LHtaRDysbjw-UtAIIFF&w=197&h=110&c=7&pid=1.7&rs=1\",\"courseName\":\"概率论\",\"createdAt\":\"2024-10-25\",\"params\":{},\"teacher\":\"宋浩\",\"updatedAt\":\"2024-10-25\",\"userId\":1}', '{\"msg\":\"操作成功\",\"code\":200}', 0, NULL, '2024-10-28 10:48:09', 29);
INSERT INTO `sys_oper_log` VALUES (200, 'course', 2, 'site.hgu7.core.course.controller.CourseController.edit()', 'PUT', 1, 'admin', '研发部门', '/course/course', '127.0.0.1', '内网IP', '{\"courseCategory\":\"00\",\"courseDescription\":\"这是高等数学课程\",\"courseId\":2,\"courseImg\":\"https://tse1.mm.bing.net/th?&id=OVP.sTakHC_LHtaRDysbjw-UtAIIFF&w=197&h=110&c=7&pid=1.7&rs=1\",\"courseName\":\"高等数学\",\"createdAt\":\"2024-10-25\",\"params\":{},\"teacher\":\"宋浩\",\"updatedAt\":\"2024-10-25\",\"userId\":1}', '{\"msg\":\"操作成功\",\"code\":200}', 0, NULL, '2024-10-28 10:48:12', 18);
INSERT INTO `sys_oper_log` VALUES (201, 'course', 2, 'site.hgu7.core.course.controller.CourseController.edit()', 'PUT', 1, 'admin', '研发部门', '/course/course', '127.0.0.1', '内网IP', '{\"courseCategory\":\"00\",\"courseDescription\":\"这是线性代数课程\",\"courseId\":1,\"courseImg\":\"https://tse1.mm.bing.net/th?&id=OVP.9sZ9qZQEJ2LEFl_GNyER8wIIFE&w=197&h=110&c=7&pid=1.7&rs=1\",\"courseName\":\"线性代数\",\"createdAt\":\"2024-10-25\",\"params\":{},\"teacher\":\"宋浩\",\"updatedAt\":\"2024-10-25\",\"userId\":1}', '{\"msg\":\"操作成功\",\"code\":200}', 0, NULL, '2024-10-28 10:48:14', 19);
INSERT INTO `sys_oper_log` VALUES (202, '菜单管理', 2, 'site.hgu7.web.controller.system.SysMenuController.edit()', 'PUT', 1, 'admin', '研发部门', '/system/menu', '127.0.0.1', '内网IP', '{\"children\":[],\"component\":\"course/course/details\",\"createTime\":\"2024-10-28 10:22:40\",\"icon\":\"#\",\"isCache\":\"0\",\"isFrame\":\"1\",\"menuId\":2040,\"menuName\":\"我的选课\",\"menuType\":\"C\",\"orderNum\":1,\"params\":{},\"parentId\":2039,\"path\":\"details\",\"perms\":\"course:enrollments:list\",\"routeName\":\"\",\"status\":\"0\",\"updateBy\":\"admin\",\"visible\":\"0\"}', '{\"msg\":\"操作成功\",\"code\":200}', 0, NULL, '2024-10-28 15:17:34', 28);
INSERT INTO `sys_oper_log` VALUES (203, '菜单管理', 1, 'site.hgu7.web.controller.system.SysMenuController.add()', 'POST', 1, 'admin', '研发部门', '/system/menu', '127.0.0.1', '内网IP', '{\"children\":[],\"component\":\"course/\",\"createBy\":\"admin\",\"isCache\":\"0\",\"isFrame\":\"1\",\"menuName\":\"课程详情\",\"menuType\":\"C\",\"orderNum\":1,\"params\":{},\"parentId\":2039,\"path\":\"course/show\",\"status\":\"0\",\"visible\":\"0\"}', '{\"msg\":\"操作成功\",\"code\":200}', 0, NULL, '2024-10-28 15:19:09', 13);
INSERT INTO `sys_oper_log` VALUES (204, '菜单管理', 2, 'site.hgu7.web.controller.system.SysMenuController.edit()', 'PUT', 1, 'admin', '研发部门', '/system/menu', '127.0.0.1', '内网IP', '{\"children\":[],\"component\":\"course/\",\"createTime\":\"2024-10-28 15:19:09\",\"icon\":\"#\",\"isCache\":\"0\",\"isFrame\":\"1\",\"menuId\":2041,\"menuName\":\"课程详情\",\"menuType\":\"C\",\"orderNum\":1,\"params\":{},\"parentId\":2039,\"path\":\"course/show\",\"perms\":\"\",\"routeName\":\"\",\"status\":\"0\",\"updateBy\":\"admin\",\"visible\":\"0\"}', '{\"msg\":\"操作成功\",\"code\":200}', 0, NULL, '2024-10-28 15:19:28', 23);
INSERT INTO `sys_oper_log` VALUES (205, '菜单管理', 2, 'site.hgu7.web.controller.system.SysMenuController.edit()', 'PUT', 1, 'admin', '研发部门', '/system/menu', '127.0.0.1', '内网IP', '{\"children\":[],\"component\":\"course/course/details\",\"createTime\":\"2024-10-28 10:22:40\",\"icon\":\"#\",\"isCache\":\"0\",\"isFrame\":\"1\",\"menuId\":2040,\"menuName\":\"我的选课\",\"menuType\":\"C\",\"orderNum\":1,\"params\":{},\"parentId\":2039,\"path\":\"course/details\",\"perms\":\"course:enrollments:list\",\"routeName\":\"\",\"status\":\"0\",\"updateBy\":\"admin\",\"visible\":\"0\"}', '{\"msg\":\"操作成功\",\"code\":200}', 0, NULL, '2024-10-28 15:19:32', 19);
INSERT INTO `sys_oper_log` VALUES (206, '菜单管理', 2, 'site.hgu7.web.controller.system.SysMenuController.edit()', 'PUT', 1, 'admin', '研发部门', '/system/menu', '127.0.0.1', '内网IP', '{\"children\":[],\"component\":\"course/\",\"createTime\":\"2024-10-28 15:19:09\",\"icon\":\"#\",\"isCache\":\"0\",\"isFrame\":\"1\",\"menuId\":2041,\"menuName\":\"课程详情\",\"menuType\":\"C\",\"orderNum\":1,\"params\":{},\"parentId\":2039,\"path\":\"show\",\"perms\":\"\",\"routeName\":\"\",\"status\":\"0\",\"updateBy\":\"admin\",\"visible\":\"0\"}', '{\"msg\":\"操作成功\",\"code\":200}', 0, NULL, '2024-10-28 15:28:17', 8);
INSERT INTO `sys_oper_log` VALUES (207, '菜单管理', 2, 'site.hgu7.web.controller.system.SysMenuController.edit()', 'PUT', 1, 'admin', '研发部门', '/system/menu', '127.0.0.1', '内网IP', '{\"children\":[],\"component\":\"course/course/show\",\"createTime\":\"2024-10-28 15:19:09\",\"icon\":\"#\",\"isCache\":\"0\",\"isFrame\":\"1\",\"menuId\":2041,\"menuName\":\"课程详情\",\"menuType\":\"C\",\"orderNum\":1,\"params\":{},\"parentId\":2039,\"path\":\"show\",\"perms\":\"\",\"routeName\":\"\",\"status\":\"0\",\"updateBy\":\"admin\",\"visible\":\"0\"}', '{\"msg\":\"操作成功\",\"code\":200}', 0, NULL, '2024-10-28 15:28:56', 12);
INSERT INTO `sys_oper_log` VALUES (208, '菜单管理', 2, 'site.hgu7.web.controller.system.SysMenuController.edit()', 'PUT', 1, 'admin', '研发部门', '/system/menu', '127.0.0.1', '内网IP', '{\"children\":[],\"component\":\"course/course/show\",\"createTime\":\"2024-10-28 15:19:09\",\"icon\":\"#\",\"isCache\":\"0\",\"isFrame\":\"1\",\"menuId\":2041,\"menuName\":\"课程详情\",\"menuType\":\"C\",\"orderNum\":1,\"params\":{},\"parentId\":2039,\"path\":\"show\",\"perms\":\"course:course:list\",\"routeName\":\"\",\"status\":\"0\",\"updateBy\":\"admin\",\"visible\":\"0\"}', '{\"msg\":\"操作成功\",\"code\":200}', 0, NULL, '2024-10-28 16:30:11', 40);
INSERT INTO `sys_oper_log` VALUES (209, '菜单管理', 2, 'site.hgu7.web.controller.system.SysMenuController.edit()', 'PUT', 1, 'admin', '研发部门', '/system/menu', '127.0.0.1', '内网IP', '{\"children\":[],\"createTime\":\"2024-10-28 10:22:05\",\"icon\":\"#\",\"isCache\":\"0\",\"isFrame\":\"1\",\"menuId\":2039,\"menuName\":\"在线学习\",\"menuType\":\"M\",\"orderNum\":4,\"params\":{},\"parentId\":0,\"path\":\"courselist\",\"perms\":\"\",\"routeName\":\"\",\"status\":\"0\",\"updateBy\":\"admin\",\"visible\":\"0\"}', '{\"msg\":\"操作成功\",\"code\":200}', 0, NULL, '2024-10-28 16:31:39', 9);
INSERT INTO `sys_oper_log` VALUES (210, '菜单管理', 2, 'site.hgu7.web.controller.system.SysMenuController.edit()', 'PUT', 1, 'admin', '研发部门', '/system/menu', '127.0.0.1', '内网IP', '{\"children\":[],\"component\":\"course/course/details\",\"createTime\":\"2024-10-28 10:22:40\",\"icon\":\"#\",\"isCache\":\"0\",\"isFrame\":\"1\",\"menuId\":2040,\"menuName\":\"我的选课\",\"menuType\":\"C\",\"orderNum\":1,\"params\":{},\"parentId\":0,\"path\":\"details\",\"perms\":\"\",\"routeName\":\"\",\"status\":\"0\",\"updateBy\":\"admin\",\"visible\":\"0\"}', '{\"msg\":\"操作成功\",\"code\":200}', 0, NULL, '2024-10-28 16:45:41', 20);
INSERT INTO `sys_oper_log` VALUES (211, '菜单管理', 2, 'site.hgu7.web.controller.system.SysMenuController.edit()', 'PUT', 1, 'admin', '研发部门', '/system/menu', '127.0.0.1', '内网IP', '{\"children\":[],\"component\":\"course/course/show\",\"createTime\":\"2024-10-28 15:19:09\",\"icon\":\"#\",\"isCache\":\"0\",\"isFrame\":\"1\",\"menuId\":2041,\"menuName\":\"课程详情\",\"menuType\":\"C\",\"orderNum\":1,\"params\":{},\"parentId\":0,\"path\":\"show\",\"perms\":\"\",\"routeName\":\"\",\"status\":\"0\",\"updateBy\":\"admin\",\"visible\":\"0\"}', '{\"msg\":\"操作成功\",\"code\":200}', 0, NULL, '2024-10-28 16:45:45', 20);
INSERT INTO `sys_oper_log` VALUES (212, '菜单管理', 2, 'site.hgu7.web.controller.system.SysMenuController.edit()', 'PUT', 1, 'admin', '研发部门', '/system/menu', '127.0.0.1', '内网IP', '{\"children\":[],\"createTime\":\"2024-10-28 10:22:05\",\"icon\":\"#\",\"isCache\":\"0\",\"isFrame\":\"1\",\"menuId\":2039,\"menuName\":\"在线学习\",\"menuType\":\"M\",\"orderNum\":4,\"params\":{},\"parentId\":0,\"path\":\"study\",\"perms\":\"\",\"routeName\":\"\",\"status\":\"0\",\"updateBy\":\"admin\",\"visible\":\"0\"}', '{\"msg\":\"操作成功\",\"code\":200}', 0, NULL, '2024-10-28 16:54:10', 16);
INSERT INTO `sys_oper_log` VALUES (213, '菜单管理', 2, 'site.hgu7.web.controller.system.SysMenuController.edit()', 'PUT', 1, 'admin', '研发部门', '/system/menu', '127.0.0.1', '内网IP', '{\"children\":[],\"component\":\"course/course/show\",\"createTime\":\"2024-10-28 15:19:09\",\"icon\":\"#\",\"isCache\":\"0\",\"isFrame\":\"1\",\"menuId\":2041,\"menuName\":\"课程详情\",\"menuType\":\"C\",\"orderNum\":1,\"params\":{},\"parentId\":2039,\"path\":\"show\",\"perms\":\"\",\"routeName\":\"\",\"status\":\"0\",\"updateBy\":\"admin\",\"visible\":\"0\"}', '{\"msg\":\"操作成功\",\"code\":200}', 0, NULL, '2024-10-28 16:54:16', 30);
INSERT INTO `sys_oper_log` VALUES (214, '菜单管理', 2, 'site.hgu7.web.controller.system.SysMenuController.edit()', 'PUT', 1, 'admin', '研发部门', '/system/menu', '127.0.0.1', '内网IP', '{\"children\":[],\"component\":\"course/course/details\",\"createTime\":\"2024-10-28 10:22:40\",\"icon\":\"#\",\"isCache\":\"0\",\"isFrame\":\"1\",\"menuId\":2040,\"menuName\":\"我的选课\",\"menuType\":\"C\",\"orderNum\":1,\"params\":{},\"parentId\":2039,\"path\":\"details\",\"perms\":\"\",\"routeName\":\"\",\"status\":\"0\",\"updateBy\":\"admin\",\"visible\":\"0\"}', '{\"msg\":\"操作成功\",\"code\":200}', 0, NULL, '2024-10-28 16:54:20', 16);
INSERT INTO `sys_oper_log` VALUES (215, '菜单管理', 1, 'site.hgu7.web.controller.system.SysMenuController.add()', 'POST', 1, 'admin', '研发部门', '/system/menu', '127.0.0.1', '内网IP', '{\"children\":[],\"createBy\":\"admin\",\"isCache\":\"0\",\"isFrame\":\"1\",\"menuName\":\"视频学习\",\"menuType\":\"C\",\"orderNum\":3,\"params\":{},\"parentId\":2039,\"path\":\"/studyCourse\",\"status\":\"0\",\"visible\":\"0\"}', '{\"msg\":\"操作成功\",\"code\":200}', 0, NULL, '2024-10-28 22:03:08', 176);
INSERT INTO `sys_oper_log` VALUES (216, '菜单管理', 2, 'site.hgu7.web.controller.system.SysMenuController.edit()', 'PUT', 1, 'admin', '研发部门', '/system/menu', '127.0.0.1', '内网IP', '{\"children\":[],\"component\":\"course/course/study\",\"createTime\":\"2024-10-28 22:03:08\",\"icon\":\"#\",\"isCache\":\"0\",\"isFrame\":\"1\",\"menuId\":2042,\"menuName\":\"视频学习\",\"menuType\":\"C\",\"orderNum\":3,\"params\":{},\"parentId\":2039,\"path\":\"/studyCourse\",\"perms\":\"\",\"routeName\":\"\",\"status\":\"0\",\"updateBy\":\"admin\",\"visible\":\"0\"}', '{\"msg\":\"操作成功\",\"code\":200}', 0, NULL, '2024-10-28 22:03:19', 25);
INSERT INTO `sys_oper_log` VALUES (217, '菜单管理', 2, 'site.hgu7.web.controller.system.SysMenuController.edit()', 'PUT', 1, 'admin', '研发部门', '/system/menu', '127.0.0.1', '内网IP', '{\"children\":[],\"component\":\"course/course/study\",\"createTime\":\"2024-10-28 22:03:08\",\"icon\":\"#\",\"isCache\":\"0\",\"isFrame\":\"1\",\"menuId\":2042,\"menuName\":\"视频学习\",\"menuType\":\"C\",\"orderNum\":3,\"params\":{},\"parentId\":2039,\"path\":\"studyCourse\",\"perms\":\"\",\"routeName\":\"\",\"status\":\"0\",\"updateBy\":\"admin\",\"visible\":\"0\"}', '{\"msg\":\"操作成功\",\"code\":200}', 0, NULL, '2024-10-28 22:04:11', 10);
INSERT INTO `sys_oper_log` VALUES (218, '菜单管理', 2, 'site.hgu7.web.controller.system.SysMenuController.edit()', 'PUT', 1, 'admin', '研发部门', '/system/menu', '127.0.0.1', '内网IP', '{\"children\":[],\"component\":\"course/course/learn\",\"createTime\":\"2024-10-28 22:03:08\",\"icon\":\"#\",\"isCache\":\"0\",\"isFrame\":\"1\",\"menuId\":2042,\"menuName\":\"视频学习\",\"menuType\":\"C\",\"orderNum\":3,\"params\":{},\"parentId\":2039,\"path\":\"learn\",\"perms\":\"\",\"routeName\":\"\",\"status\":\"0\",\"updateBy\":\"admin\",\"visible\":\"0\"}', '{\"msg\":\"操作成功\",\"code\":200}', 0, NULL, '2024-10-28 22:05:04', 17);
INSERT INTO `sys_oper_log` VALUES (219, 'course_chapters', 2, 'site.hgu7.core.course.controller.CourseChaptersController.edit()', 'PUT', 1, 'admin', '研发部门', '/course/chapters', '127.0.0.1', '内网IP', '{\"chapterDescription\":\"1\",\"chapterId\":1,\"chapterTitle\":\"1\",\"courseId\":1,\"createdAt\":\"2024-10-27\",\"params\":{},\"position\":\"1\",\"updatedAt\":\"2024-10-27\",\"videoUrl\":\"https://lf9-cdn-tos.bytecdntp.com/cdn/expire-1-M/byted-player-videos/1.0.0/xgplayer-demo.mp4\"}', '{\"msg\":\"操作成功\",\"code\":200}', 0, NULL, '2024-10-29 08:50:09', 28);
INSERT INTO `sys_oper_log` VALUES (220, 'course_chapters', 2, 'site.hgu7.core.course.controller.CourseChaptersController.edit()', 'PUT', 1, 'admin', '研发部门', '/course/chapters', '127.0.0.1', '内网IP', '{\"chapterDescription\":\"1-1\",\"chapterId\":2,\"chapterTitle\":\"2\",\"courseId\":1,\"params\":{},\"position\":\"2\",\"videoUrl\":\"https://lf9-cdn-tos.bytecdntp.com/cdn/expire-1-M/byted-player-videos/1.0.0/xgplayer-demo.mp4\"}', '{\"msg\":\"操作成功\",\"code\":200}', 0, NULL, '2024-10-29 08:50:25', 12);
INSERT INTO `sys_oper_log` VALUES (221, 'course_chapters', 2, 'site.hgu7.core.course.controller.CourseChaptersController.edit()', 'PUT', 1, 'admin', '研发部门', '/course/chapters', '127.0.0.1', '内网IP', '{\"chapterDescription\":\"1-3\",\"chapterId\":3,\"chapterTitle\":\"1-3\",\"courseId\":1,\"createdAt\":\"2024-10-28\",\"params\":{},\"position\":\"3\",\"updatedAt\":\"2024-10-28\",\"videoUrl\":\"https://lf9-cdn-tos.bytecdntp.com/cdn/expire-1-M/byted-player-videos/1.0.0/xgplayer-demo.mp4\"}', '{\"msg\":\"操作成功\",\"code\":200}', 0, NULL, '2024-10-29 08:50:36', 11);
INSERT INTO `sys_oper_log` VALUES (222, 'course_chapters', 2, 'site.hgu7.core.course.controller.CourseChaptersController.edit()', 'PUT', 1, 'admin', '研发部门', '/course/chapters', '127.0.0.1', '内网IP', '{\"chapterDescription\":\"1-1\",\"chapterId\":2,\"chapterTitle\":\"1-2\",\"courseId\":1,\"createdAt\":\"2024-10-29\",\"params\":{},\"position\":\"2\",\"updatedAt\":\"2024-10-29\",\"videoUrl\":\"https://lf9-cdn-tos.bytecdntp.com/cdn/expire-1-M/byted-player-videos/1.0.0/xgplayer-demo.mp4\"}', '{\"msg\":\"操作成功\",\"code\":200}', 0, NULL, '2024-10-29 08:50:41', 17);
INSERT INTO `sys_oper_log` VALUES (223, 'course_chapters', 2, 'site.hgu7.core.course.controller.CourseChaptersController.edit()', 'PUT', 1, 'admin', '研发部门', '/course/chapters', '127.0.0.1', '内网IP', '{\"chapterDescription\":\"1\",\"chapterId\":1,\"chapterTitle\":\"1-1\",\"courseId\":1,\"createdAt\":\"2024-10-27\",\"params\":{},\"position\":\"1\",\"updatedAt\":\"2024-10-27\",\"videoUrl\":\"https://lf9-cdn-tos.bytecdntp.com/cdn/expire-1-M/byted-player-videos/1.0.0/xgplayer-demo.mp4\"}', '{\"msg\":\"操作成功\",\"code\":200}', 0, NULL, '2024-10-29 08:50:45', 18);
INSERT INTO `sys_oper_log` VALUES (224, 'course_chapters', 2, 'site.hgu7.core.course.controller.CourseChaptersController.edit()', 'PUT', 1, 'admin', '研发部门', '/course/chapters', '127.0.0.1', '内网IP', '{\"chapterDescription\":\"1-3 \",\"chapterId\":3,\"chapterTitle\":\"1-3\",\"courseId\":1,\"createdAt\":\"2024-10-28\",\"params\":{},\"position\":\"3\",\"updatedAt\":\"2024-10-28\",\"videoUrl\":\"https://lf9-cdn-tos.bytecdntp.com/cdn/expire-1-M/byted-player-videos/1.0.0/xgplayer-demo.mp4\"}', '{\"msg\":\"操作成功\",\"code\":200}', 0, NULL, '2024-10-29 08:52:46', 37);
INSERT INTO `sys_oper_log` VALUES (225, 'course_enrollments', 3, 'site.hgu7.core.course.controller.CourseEnrollmentsController.remove()', 'DELETE', 1, 'admin', '研发部门', '/course/enrollments/10', '127.0.0.1', '内网IP', '[10]', '{\"msg\":\"操作成功\",\"code\":200}', 0, NULL, '2024-10-29 08:55:53', 25);
INSERT INTO `sys_oper_log` VALUES (226, 'course_enrollments', 3, 'site.hgu7.core.course.controller.CourseEnrollmentsController.remove()', 'DELETE', 1, 'admin', '研发部门', '/course/enrollments/8', '127.0.0.1', '内网IP', '[8]', '{\"msg\":\"操作成功\",\"code\":200}', 0, NULL, '2024-10-30 09:58:28', 70);
INSERT INTO `sys_oper_log` VALUES (227, '个人信息', 2, 'site.hgu7.web.controller.system.SysProfileController.updateProfile()', 'PUT', 1, 'admin', '研发部门', '/system/user/profile', '127.0.0.1', '内网IP', '{\"admin\":false,\"email\":\"爱怡怡🥰@163.com\",\"nickName\":\"何梓铭\",\"params\":{},\"phonenumber\":\"15888888888\",\"sex\":\"0\"}', '{\"msg\":\"操作成功\",\"code\":200}', 0, NULL, '2024-10-30 10:14:43', 17);
INSERT INTO `sys_oper_log` VALUES (228, '个人信息', 2, 'site.hgu7.web.controller.system.SysProfileController.updateProfile()', 'PUT', 1, 'admin', '研发部门', '/system/user/profile', '127.0.0.1', '内网IP', '{\"admin\":false,\"email\":\"ayy🥰@163.com\",\"nickName\":\"何梓铭\",\"params\":{},\"phonenumber\":\"15888888888\",\"sex\":\"0\"}', '{\"msg\":\"操作成功\",\"code\":200}', 0, NULL, '2024-10-30 10:34:03', 18);
INSERT INTO `sys_oper_log` VALUES (229, '用户管理', 4, 'site.hgu7.web.controller.system.SysUserController.insertAuthRole()', 'PUT', 1, 'admin', '研发部门', '/system/user/authRole', '127.0.0.1', '内网IP', '{\"roleIds\":\"100\",\"userId\":\"100\"}', '{\"msg\":\"操作成功\",\"code\":200}', 0, NULL, '2024-10-30 20:17:53', 57);
INSERT INTO `sys_oper_log` VALUES (230, 'course_chapters', 1, 'site.hgu7.core.course.controller.CourseChaptersController.add()', 'POST', 1, 'admin', '研发部门', '/course/chapters', '127.0.0.1', '内网IP', '{\"chapterDescription\":\"第1讲  绪论\",\"chapterId\":5,\"chapterTitle\":\"第1讲  绪论\",\"courseId\":1,\"params\":{},\"position\":\"1\"}', '{\"msg\":\"操作成功\",\"code\":200}', 0, NULL, '2024-10-31 09:42:44', 30);
INSERT INTO `sys_oper_log` VALUES (231, 'course_chapters', 1, 'site.hgu7.core.course.controller.CourseChaptersController.add()', 'POST', 1, 'admin', '研发部门', '/course/chapters', '127.0.0.1', '内网IP', '{\"chapterDescription\":\"第2讲  几何空间与向量的基本概念\",\"chapterId\":6,\"chapterTitle\":\"第2讲  几何空间与向量的基本概念\",\"courseId\":1,\"params\":{},\"position\":\"2\"}', '{\"msg\":\"操作成功\",\"code\":200}', 0, NULL, '2024-10-31 09:42:52', 6);
INSERT INTO `sys_oper_log` VALUES (232, 'course_chapters', 1, 'site.hgu7.core.course.controller.CourseChaptersController.add()', 'POST', 1, 'admin', '研发部门', '/course/chapters', '127.0.0.1', '内网IP', '{\"chapterDescription\":\"第3讲  线性方程组的基本概念\",\"chapterId\":7,\"chapterTitle\":\"第3讲  线性方程组的基本概念\",\"courseId\":1,\"params\":{},\"position\":\"3\"}', '{\"msg\":\"操作成功\",\"code\":200}', 0, NULL, '2024-10-31 09:42:59', 11);
INSERT INTO `sys_oper_log` VALUES (233, 'course_chapters', 1, 'site.hgu7.core.course.controller.CourseChaptersController.add()', 'POST', 1, 'admin', '研发部门', '/course/chapters', '127.0.0.1', '内网IP', '{\"chapterDescription\":\"第4讲 矩阵的概念及运算（1）\",\"chapterId\":8,\"chapterTitle\":\"第4讲 矩阵的概念及运算（1）\",\"courseId\":1,\"params\":{},\"position\":\"44\"}', '{\"msg\":\"操作成功\",\"code\":200}', 0, NULL, '2024-10-31 09:43:08', 6);
INSERT INTO `sys_oper_log` VALUES (234, 'course_chapters', 1, 'site.hgu7.core.course.controller.CourseChaptersController.add()', 'POST', 1, 'admin', '研发部门', '/course/chapters', '127.0.0.1', '内网IP', '{\"chapterDescription\":\"第5讲 矩阵的运算（2）\",\"chapterId\":9,\"chapterTitle\":\"第5讲 矩阵的运算（2）\",\"courseId\":1,\"params\":{},\"position\":\"5\"}', '{\"msg\":\"操作成功\",\"code\":200}', 0, NULL, '2024-10-31 09:43:15', 12);
INSERT INTO `sys_oper_log` VALUES (235, 'course', 2, 'site.hgu7.core.course.controller.CourseController.edit()', 'PUT', 1, 'admin', '研发部门', '/course/course', '127.0.0.1', '内网IP', '{\"courseCategory\":\"10\",\"courseDescription\":\"这是计算机网络课程\",\"courseId\":3,\"courseImg\":\"https://ts1.cn.mm.bing.net/th?id=OVP.O5FgFLeZI404cxGQkyzhywIIFE&w=608&h=342&c=7&rs=1&qlt=90&o=6&pid=1.7\",\"courseName\":\"计算机网络\",\"createdAt\":\"2024-10-29\",\"params\":{},\"teacher\":\"宋浩\",\"updatedAt\":\"2024-10-29\",\"userId\":1}', '{\"msg\":\"操作成功\",\"code\":200}', 0, NULL, '2024-10-31 09:43:28', 22);
INSERT INTO `sys_oper_log` VALUES (236, 'course_chapters', 1, 'site.hgu7.core.course.controller.CourseChaptersController.add()', 'POST', 1, 'admin', '研发部门', '/course/chapters', '127.0.0.1', '内网IP', '{\"chapterDescription\":\"第1周 计算机网络概述（上）\",\"chapterId\":10,\"chapterTitle\":\"第1周 计算机网络概述（上）\",\"courseId\":3,\"params\":{},\"position\":\"1\"}', '{\"msg\":\"操作成功\",\"code\":200}', 0, NULL, '2024-10-31 09:43:52', 17);
INSERT INTO `sys_oper_log` VALUES (237, 'course_chapters', 1, 'site.hgu7.core.course.controller.CourseChaptersController.add()', 'POST', 1, 'admin', '研发部门', '/course/chapters', '127.0.0.1', '内网IP', '{\"chapterDescription\":\"第2周 计算机网络概述（下）\",\"chapterId\":11,\"chapterTitle\":\"第2周 计算机网络概述（下）\",\"courseId\":3,\"params\":{},\"position\":\"2\"}', '{\"msg\":\"操作成功\",\"code\":200}', 0, NULL, '2024-10-31 09:44:00', 4);
INSERT INTO `sys_oper_log` VALUES (238, 'course_chapters', 1, 'site.hgu7.core.course.controller.CourseChaptersController.add()', 'POST', 1, 'admin', '研发部门', '/course/chapters', '127.0.0.1', '内网IP', '{\"chapterDescription\":\"第3周 网络应用（上）\",\"chapterId\":12,\"chapterTitle\":\"第3周 网络应用（上）\",\"courseId\":3,\"params\":{},\"position\":\"3\"}', '{\"msg\":\"操作成功\",\"code\":200}', 0, NULL, '2024-10-31 09:44:09', 11);
INSERT INTO `sys_oper_log` VALUES (239, 'course_chapters', 1, 'site.hgu7.core.course.controller.CourseChaptersController.add()', 'POST', 1, 'admin', '研发部门', '/course/chapters', '127.0.0.1', '内网IP', '{\"chapterDescription\":\"第4周 网络应用（下）\",\"chapterId\":13,\"chapterTitle\":\"第4周 网络应用（下）\",\"courseId\":3,\"params\":{},\"position\":\"4\"}', '{\"msg\":\"操作成功\",\"code\":200}', 0, NULL, '2024-10-31 09:44:18', 19);
INSERT INTO `sys_oper_log` VALUES (240, '用户头像', 2, 'site.hgu7.web.controller.system.SysProfileController.avatar()', 'POST', 1, 'admin', '研发部门', '/system/user/profile/avatar', '127.0.0.1', '内网IP', '', '{\"msg\":\"操作成功\",\"imgUrl\":\"/profile/avatar/2024/10/31/头像_20241031162134A001.jpg\",\"code\":200}', 0, NULL, '2024-10-31 16:21:35', 116);
INSERT INTO `sys_oper_log` VALUES (241, '菜单管理', 1, 'site.hgu7.web.controller.system.SysMenuController.add()', 'POST', 1, 'admin', '研发部门', '/system/menu', '127.0.0.1', '内网IP', '{\"children\":[],\"createBy\":\"admin\",\"isCache\":\"0\",\"isFrame\":\"1\",\"menuName\":\"通知公告\",\"menuType\":\"M\",\"orderNum\":4,\"params\":{},\"parentId\":0,\"path\":\"notice\",\"status\":\"0\",\"visible\":\"0\"}', '{\"msg\":\"操作成功\",\"code\":200}', 0, NULL, '2024-10-31 16:47:07', 142);
INSERT INTO `sys_oper_log` VALUES (242, '菜单管理', 1, 'site.hgu7.web.controller.system.SysMenuController.add()', 'POST', 1, 'admin', '研发部门', '/system/menu', '127.0.0.1', '内网IP', '{\"children\":[],\"component\":\"notice/noticeS\",\"createBy\":\"admin\",\"isCache\":\"0\",\"isFrame\":\"1\",\"menuName\":\"通知公告\",\"menuType\":\"C\",\"orderNum\":1,\"params\":{},\"parentId\":2043,\"path\":\"userNotice\",\"status\":\"0\",\"visible\":\"0\"}', '{\"msg\":\"操作成功\",\"code\":200}', 0, NULL, '2024-10-31 16:47:49', 14);
INSERT INTO `sys_oper_log` VALUES (243, '菜单管理', 2, 'site.hgu7.web.controller.system.SysMenuController.edit()', 'PUT', 1, 'admin', '研发部门', '/system/menu', '127.0.0.1', '内网IP', '{\"children\":[],\"createTime\":\"2024-10-31 16:47:07\",\"icon\":\"#\",\"isCache\":\"0\",\"isFrame\":\"1\",\"menuId\":2043,\"menuName\":\"通知公告\",\"menuType\":\"M\",\"orderNum\":4,\"params\":{},\"parentId\":0,\"path\":\"noticeS\",\"perms\":\"\",\"routeName\":\"\",\"status\":\"0\",\"updateBy\":\"admin\",\"visible\":\"0\"}', '{\"msg\":\"操作成功\",\"code\":200}', 0, NULL, '2024-10-31 19:32:23', 26);
INSERT INTO `sys_oper_log` VALUES (244, '通知公告', 2, 'site.hgu7.web.controller.system.SysNoticeController.edit()', 'PUT', 1, 'admin', '研发部门', '/system/notice', '127.0.0.1', '内网IP', '{\"createBy\":\"admin\",\"createTime\":\"2024-10-31 17:04:33\",\"noticeContent\":\"<p>test维护内容维护内容维护内容维护内容</p>\",\"noticeId\":10,\"noticeTitle\":\"测试\",\"noticeType\":\"1\",\"params\":{},\"status\":\"0\",\"updateBy\":\"admin\",\"updateTime\":\"2024-10-31 17:04:33\"}', '{\"msg\":\"操作成功\",\"code\":200}', 0, NULL, '2024-10-31 19:32:41', 25);
INSERT INTO `sys_oper_log` VALUES (245, '通知公告', 1, 'site.hgu7.web.controller.system.SysNoticeController.add()', 'POST', 1, 'admin', '研发部门', '/system/notice', '127.0.0.1', '内网IP', '{\"createBy\":\"admin\",\"noticeContent\":\"<p>testtesttesttesttesttesttesttesttesttest</p>\",\"noticeTitle\":\"testtesttest\",\"noticeType\":\"2\",\"params\":{},\"status\":\"0\"}', '{\"msg\":\"操作成功\",\"code\":200}', 0, NULL, '2024-10-31 19:35:19', 12);
INSERT INTO `sys_oper_log` VALUES (246, '通知公告', 2, 'site.hgu7.web.controller.system.SysNoticeController.edit()', 'PUT', 1, 'admin', '研发部门', '/system/notice', '127.0.0.1', '内网IP', '{\"createBy\":\"admin\",\"createTime\":\"2024-10-22 15:18:06\",\"noticeContent\":\"<p><strong>新版本内容</strong></p>\",\"noticeId\":1,\"noticeTitle\":\"温馨提醒：2018-07-01 若依新版本发布啦\",\"noticeType\":\"2\",\"params\":{},\"remark\":\"管理员\",\"status\":\"0\",\"updateBy\":\"admin\"}', '{\"msg\":\"操作成功\",\"code\":200}', 0, NULL, '2024-10-31 21:21:08', 15);
INSERT INTO `sys_oper_log` VALUES (247, '通知公告', 2, 'site.hgu7.web.controller.system.SysNoticeController.edit()', 'PUT', 1, 'admin', '研发部门', '/system/notice', '127.0.0.1', '内网IP', '{\"createBy\":\"admin\",\"createTime\":\"2024-10-31 21:21:08\",\"noticeContent\":\"<p><strong><em><s><u>新版本内容</u></s></em></strong></p>\",\"noticeId\":1,\"noticeTitle\":\"温馨提醒：2018-07-01 若依新版本发布啦\",\"noticeType\":\"2\",\"params\":{},\"remark\":\"管理员\",\"status\":\"0\",\"updateBy\":\"admin\",\"updateTime\":\"2024-10-31 21:21:08\"}', '{\"msg\":\"操作成功\",\"code\":200}', 0, NULL, '2024-10-31 22:29:22', 28);
INSERT INTO `sys_oper_log` VALUES (248, '通知公告', 2, 'site.hgu7.web.controller.system.SysNoticeController.edit()', 'PUT', 1, 'admin', '研发部门', '/system/notice', '127.0.0.1', '内网IP', '{\"createBy\":\"admin\",\"createTime\":\"2024-10-31 22:29:22\",\"noticeContent\":\"<p class=\\\"ql-align-justify\\\">\\t根据省委组织部、省人力资源和社会保障厅《河北省事业单位公开招聘工作人员暂行办法》（冀人社发〔2011〕9号）文件精神，结合我校2024年招聘工作人员计划和岗位空缺情况、工作需要，拟采取选聘方式招聘工作人员145名，制定选聘公告如下：</p><p class=\\\"ql-align-justify\\\">\\t一、招聘单位基本情况</p><p class=\\\"ql-align-justify\\\">\\t河北地质大学（原石家庄经济学院）创建于1953年，是原地质部直属五大院校之一，是自然资源部、河北省人民政府共建大学，省属重点骨干大学，河北省重点支持的国内一流大学建设高校，博士学位授权立项建设单位，地质学家、中国科学院院士李廷栋任学校名誉校长。学校秉承“达观博物”的校训，弘扬“仰山慕水”文化，历经近70多年的办学历程，学校逐步形成了“资源环境+”多学科协同发展和深度交叉融合、地经渗透、产教融合的办学特色。</p><p class=\\\"ql-align-justify\\\">\\t学校拥有理学、工学、管理学、经济学、法学、文学、艺术学、教育学8大学科门类，70个本科专业。《河北省一流大学和一流学科建设推进方案（2021-2025年）》中，学校被纳入河北省建设国内一流大学序列，“地质学”“地质资源与地质工程”“工商管理”被纳入一流学科建设范围，拥有9个省级重点学科和重点发展学科。在教育部一流本科专业建设“双万计划”中，地质学等9个专业入选了国家级一流本科专业建设点，勘查技术与工程等16个专业入选省级一流本科专业建设点。学校面向全国31个省、直辖市、自治区招生，全日制在校生约18000人。</p><p class=\\\"ql-align-justify\\\">\\t学校现有专任教师989人，其中47.1%具有高级专业技术职务，52.0%具有博士学位。他们当中有国务院政府特殊津贴专家、省管优秀专家、省有突出贡献的中青年专家、省社会科学优秀青年专家、省青年拔尖人才、省“三三三人才工程”、省级教学名师等68人。近年来，学校全职引进李四光地质科学奖获得者宋明春教授，柔性引进中国科学院院士李廷栋、刘嘉麒，德国洪堡学者、“国家杰青”获得者季强等一批杰出人才。尚国琲公共管理教师团队、李英杰地质学教师团队分别入选首批和第二批全国高校黄大年式教师团队。于开宁水资源与环境教师团队、袁颖地质资源与防灾减灾教师团队分别入选首批“河北省高校黄大年式教师团队”。</p><p class=\\\"ql-align-justify\\\">\\t二、招聘原则</p><p class=\\\"ql-align-justify\\\">\\t坚持德才兼备，贯彻公开、竞争、平等、择优的原则，在测评、考核的基础上择优聘用。</p><p class=\\\"ql-align-justify\\\">\\t三、选聘条件、岗位、人数</p><p class=\\\"ql-align-justify\\\">\\t(一)应聘人员应具备以下基本条件</p><p class=\\\"ql-align-justify\\\">\\t1.具有中华人民共和国国籍；</p><p class=\\\"ql-align-justify\\\">\\t2.遵守宪法和法律；</p><p class=\\\"ql-align-justify\\\">\\t3.具有良好的品行；</p><p class=\\\"ql-align-justify\\\">\\t4.具有与招聘岗位要求相适应的年龄、学历学位、专业或技能条件；</p><p class=\\\"ql-align-justify\\\">\\t5.适应岗位要求的身体条件；</p><p class=\\\"ql-align-justify\\\">\\t6.应聘辅导员岗位必须是中共党员；</p><p class=\\\"ql-align-justify\\\">\\t7.具备岗位所需要的其他条件。</p><p class=\\\"ql-align-justify\\\">\\t(二)选聘人数和岗位条件以及人员分类情况</p><p class=\\\"ql-align-justify\\\">\\t1.选聘人数和岗位条件</p><p class=\\\"ql-align-justify\\\">\\t2024年河北地质大学拟选聘博士研究生工作人员145名。具体要求详见《河北地质大学2024年选聘工作人员岗位条件表》(附件)。其中专业参考教育部《授予博士、硕士学位和培养研究生的学科、专业目录》设置。对于取得海外院校学历学位或毕业于国内院校自设学科的应聘人员，如专业名称与岗位要求专业名称不完全一致，可由用人单位', '{\"msg\":\"操作成功\",\"code\":200}', 0, NULL, '2024-10-31 22:39:22', 23);
INSERT INTO `sys_oper_log` VALUES (249, '通知公告', 2, 'site.hgu7.web.controller.system.SysNoticeController.edit()', 'PUT', 1, 'admin', '研发部门', '/system/notice', '127.0.0.1', '内网IP', '{\"createBy\":\"admin\",\"createTime\":\"2024-10-31 22:39:22\",\"noticeContent\":\"<p class=\\\"ql-align-justify\\\">\\t根据省委组织部、省人力资源和社会保障厅《河北省事业单位公开招聘工作人员暂行办法》（冀人社发〔2011〕9号）文件精神，结合我校2024年招聘工作人员计划和岗位空缺情况、工作需要，拟采取选聘方式招聘工作人员145名，制定选聘公告如下：</p><p class=\\\"ql-align-justify\\\">\\t一、招聘单位基本情况</p><p class=\\\"ql-align-justify\\\">\\t河北地质大学（原石家庄经济学院）创建于1953年，是原地质部直属五大院校之一，是自然资源部、河北省人民政府共建大学，省属重点骨干大学，河北省重点支持的国内一流大学建设高校，博士学位授权立项建设单位，地质学家、中国科学院院士李廷栋任学校名誉校长。学校秉承“达观博物”的校训，弘扬“仰山慕水”文化，历经近70多年的办学历程，学校逐步形成了“资源环境+”多学科协同发展和深度交叉融合、地经渗透、产教融合的办学特色。</p><p class=\\\"ql-align-justify\\\">\\t学校拥有理学、工学、管理学、经济学、法学、文学、艺术学、教育学8大学科门类，70个本科专业。《河北省一流大学和一流学科建设推进方案（2021-2025年）》中，学校被纳入河北省建设国内一流大学序列，“地质学”“地质资源与地质工程”“工商管理”被纳入一流学科建设范围，拥有9个省级重点学科和重点发展学科。在教育部一流本科专业建设“双万计划”中，地质学等9个专业入选了国家级一流本科专业建设点，勘查技术与工程等16个专业入选省级一流本科专业建设点。学校面向全国31个省、直辖市、自治区招生，全日制在校生约18000人。</p><p class=\\\"ql-align-justify\\\">\\t学校现有专任教师989人，其中47.1%具有高级专业技术职务，52.0%具有博士学位。他们当中有国务院政府特殊津贴专家、省管优秀专家、省有突出贡献的中青年专家、省社会科学优秀青年专家、省青年拔尖人才、省“三三三人才工程”、省级教学名师等68人。近年来，学校全职引进李四光地质科学奖获得者宋明春教授，柔性引进中国科学院院士李廷栋、刘嘉麒，德国洪堡学者、“国家杰青”获得者季强等一批杰出人才。尚国琲公共管理教师团队、李英杰地质学教师团队分别入选首批和第二批全国高校黄大年式教师团队。于开宁水资源与环境教师团队、袁颖地质资源与防灾减灾教师团队分别入选首批“河北省高校黄大年式教师团队”。</p><p class=\\\"ql-align-justify\\\">\\t二、招聘原则</p><p class=\\\"ql-align-justify\\\">\\t坚持德才兼备，贯彻公开、竞争、平等、择优的原则，在测评、考核的基础上择优聘用。</p><p class=\\\"ql-align-justify\\\">\\t三、选聘条件、岗位、人数</p><p class=\\\"ql-align-justify\\\">\\t(一)应聘人员应具备以下基本条件</p><p class=\\\"ql-align-justify\\\">\\t1.具有中华人民共和国国籍；</p><p class=\\\"ql-align-justify\\\">\\t2.遵守宪法和法律；</p><p class=\\\"ql-align-justify\\\">\\t3.具有良好的品行；</p><p class=\\\"ql-align-justify\\\">\\t4.具有与招聘岗位要求相适应的年龄、学历学位、专业或技能条件；</p><p class=\\\"ql-align-justify\\\">\\t5.适应岗位要求的身体条件；</p><p class=\\\"ql-align-justify\\\">\\t6.应聘辅导员岗位必须是中共党员；</p><p class=\\\"ql-align-justify\\\">\\t7.具备岗位所需要的其他条件。</p><p class=\\\"ql-align-justify\\\">\\t(二)选聘人数和岗位条件以及人员分类情况</p><p class=\\\"ql-align-justify\\\">\\t1.选聘人数和岗位条件</p><p class=\\\"ql-align-justify\\\">\\t2024年河北地质大学拟选聘博士研究生工作人员145名。具体要求详见《河北地质大学2024年选聘工作人员岗位条件表》(附件)。其中专业参考教育部《授予博士、硕士学位和培养研究生的学科、专业目录》设置。对于取得海外院校学历学位或毕业于国内院校自设学科的应聘人员，如专业名称与岗位要求专业名称不完全一致，可由用人单位', '{\"msg\":\"操作成功\",\"code\":200}', 0, NULL, '2024-10-31 22:43:39', 30);
INSERT INTO `sys_oper_log` VALUES (250, '菜单管理', 1, 'site.hgu7.web.controller.system.SysMenuController.add()', 'POST', 1, 'admin', '研发部门', '/system/menu', '127.0.0.1', '内网IP', '{\"children\":[],\"createBy\":\"admin\",\"icon\":\"people\",\"isCache\":\"0\",\"isFrame\":\"1\",\"menuName\":\"个人中心\",\"menuType\":\"M\",\"orderNum\":5,\"params\":{},\"parentId\":0,\"path\":\"1\",\"status\":\"0\",\"visible\":\"0\"}', '{\"msg\":\"操作成功\",\"code\":200}', 0, NULL, '2024-10-31 23:07:23', 22);
INSERT INTO `sys_oper_log` VALUES (251, '菜单管理', 2, 'site.hgu7.web.controller.system.SysMenuController.edit()', 'PUT', 1, 'admin', '研发部门', '/system/menu', '127.0.0.1', '内网IP', '{\"children\":[],\"createTime\":\"2024-10-31 23:07:23\",\"icon\":\"people\",\"isCache\":\"0\",\"isFrame\":\"1\",\"menuId\":2045,\"menuName\":\"个人中心\",\"menuType\":\"M\",\"orderNum\":5,\"params\":{},\"parentId\":0,\"path\":\"/user\",\"perms\":\"\",\"routeName\":\"\",\"status\":\"0\",\"updateBy\":\"admin\",\"visible\":\"0\"}', '{\"msg\":\"操作成功\",\"code\":200}', 0, NULL, '2024-10-31 23:07:34', 15);
INSERT INTO `sys_oper_log` VALUES (252, '菜单管理', 2, 'site.hgu7.web.controller.system.SysMenuController.edit()', 'PUT', 1, 'admin', '研发部门', '/system/menu', '127.0.0.1', '内网IP', '{\"children\":[],\"createTime\":\"2024-10-31 23:07:23\",\"icon\":\"people\",\"isCache\":\"0\",\"isFrame\":\"1\",\"menuId\":2045,\"menuName\":\"个人中心\",\"menuType\":\"M\",\"orderNum\":5,\"params\":{},\"parentId\":0,\"path\":\"/user/profile\",\"perms\":\"\",\"routeName\":\"\",\"status\":\"0\",\"updateBy\":\"admin\",\"visible\":\"0\"}', '{\"msg\":\"操作成功\",\"code\":200}', 0, NULL, '2024-10-31 23:07:52', 14);
INSERT INTO `sys_oper_log` VALUES (253, '菜单管理', 2, 'site.hgu7.web.controller.system.SysMenuController.edit()', 'PUT', 1, 'admin', '研发部门', '/system/menu', '127.0.0.1', '内网IP', '{\"children\":[],\"createTime\":\"2024-10-31 23:07:23\",\"icon\":\"people\",\"isCache\":\"0\",\"isFrame\":\"1\",\"menuId\":2045,\"menuName\":\"个人中心\",\"menuType\":\"M\",\"orderNum\":5,\"params\":{},\"parentId\":0,\"path\":\"/user/\",\"perms\":\"\",\"routeName\":\"\",\"status\":\"0\",\"updateBy\":\"admin\",\"visible\":\"0\"}', '{\"msg\":\"操作成功\",\"code\":200}', 0, NULL, '2024-10-31 23:08:21', 13);
INSERT INTO `sys_oper_log` VALUES (254, '菜单管理', 2, 'site.hgu7.web.controller.system.SysMenuController.edit()', 'PUT', 1, 'admin', '研发部门', '/system/menu', '127.0.0.1', '内网IP', '{\"children\":[],\"component\":\"system/user/profile/index\",\"createTime\":\"2024-10-31 23:07:23\",\"icon\":\"people\",\"isCache\":\"0\",\"isFrame\":\"1\",\"menuId\":2045,\"menuName\":\"个人中心\",\"menuType\":\"C\",\"orderNum\":5,\"params\":{},\"parentId\":0,\"path\":\"/user/profile\",\"perms\":\"\",\"routeName\":\"\",\"status\":\"0\",\"updateBy\":\"admin\",\"visible\":\"0\"}', '{\"msg\":\"操作成功\",\"code\":200}', 0, NULL, '2024-10-31 23:12:02', 13);
INSERT INTO `sys_oper_log` VALUES (255, '菜单管理', 2, 'site.hgu7.web.controller.system.SysMenuController.edit()', 'PUT', 1, 'admin', '研发部门', '/system/menu', '127.0.0.1', '内网IP', '{\"children\":[],\"component\":\"system/user/profile/index\",\"createTime\":\"2024-10-31 23:07:23\",\"icon\":\"people\",\"isCache\":\"0\",\"isFrame\":\"1\",\"menuId\":2045,\"menuName\":\"个人中心\",\"menuType\":\"C\",\"orderNum\":5,\"params\":{},\"parentId\":0,\"path\":\"/user/profile\",\"perms\":\"\",\"routeName\":\"\",\"status\":\"0\",\"updateBy\":\"admin\",\"visible\":\"0\"}', '{\"msg\":\"操作成功\",\"code\":200}', 0, NULL, '2024-10-31 23:12:11', 4);
INSERT INTO `sys_oper_log` VALUES (256, '菜单管理', 2, 'site.hgu7.web.controller.system.SysMenuController.edit()', 'PUT', 1, 'admin', '研发部门', '/system/menu', '127.0.0.1', '内网IP', '{\"children\":[],\"component\":\"system/user/profile/index\",\"createTime\":\"2024-10-31 23:07:23\",\"icon\":\"people\",\"isCache\":\"0\",\"isFrame\":\"1\",\"menuId\":2045,\"menuName\":\"个人中心\",\"menuType\":\"C\",\"orderNum\":5,\"params\":{},\"parentId\":0,\"path\":\"user/profile\",\"perms\":\"\",\"routeName\":\"\",\"status\":\"0\",\"updateBy\":\"admin\",\"visible\":\"0\"}', '{\"msg\":\"操作成功\",\"code\":200}', 0, NULL, '2024-10-31 23:12:23', 13);
INSERT INTO `sys_oper_log` VALUES (257, '菜单管理', 2, 'site.hgu7.web.controller.system.SysMenuController.edit()', 'PUT', 1, 'admin', '研发部门', '/system/menu', '127.0.0.1', '内网IP', '{\"children\":[],\"createTime\":\"2024-10-31 16:47:07\",\"icon\":\"notice\",\"isCache\":\"0\",\"isFrame\":\"1\",\"menuId\":2043,\"menuName\":\"通知公告\",\"menuType\":\"M\",\"orderNum\":4,\"params\":{},\"parentId\":0,\"path\":\"noticeS\",\"perms\":\"\",\"routeName\":\"\",\"status\":\"0\",\"updateBy\":\"admin\",\"visible\":\"0\"}', '{\"msg\":\"操作成功\",\"code\":200}', 0, NULL, '2024-10-31 23:15:53', 12);
INSERT INTO `sys_oper_log` VALUES (258, '菜单管理', 2, 'site.hgu7.web.controller.system.SysMenuController.edit()', 'PUT', 1, 'admin', '研发部门', '/system/menu', '127.0.0.1', '内网IP', '{\"children\":[],\"createTime\":\"2024-10-28 10:22:05\",\"icon\":\"study\",\"isCache\":\"0\",\"isFrame\":\"1\",\"menuId\":2039,\"menuName\":\"在线学习\",\"menuType\":\"M\",\"orderNum\":5,\"params\":{},\"parentId\":0,\"path\":\"study\",\"perms\":\"\",\"routeName\":\"\",\"status\":\"0\",\"updateBy\":\"admin\",\"visible\":\"0\"}', '{\"msg\":\"操作成功\",\"code\":200}', 0, NULL, '2024-10-31 23:16:04', 10);
INSERT INTO `sys_oper_log` VALUES (259, '菜单管理', 2, 'site.hgu7.web.controller.system.SysMenuController.edit()', 'PUT', 1, 'admin', '研发部门', '/system/menu', '127.0.0.1', '内网IP', '{\"children\":[],\"createTime\":\"2024-10-28 09:11:30\",\"icon\":\"course\",\"isCache\":\"0\",\"isFrame\":\"1\",\"menuId\":2037,\"menuName\":\"课程管理\",\"menuType\":\"M\",\"orderNum\":3,\"params\":{},\"parentId\":0,\"path\":\"courseMan\",\"perms\":\"\",\"routeName\":\"\",\"status\":\"0\",\"updateBy\":\"admin\",\"visible\":\"0\"}', '{\"msg\":\"操作成功\",\"code\":200}', 0, NULL, '2024-10-31 23:16:12', 12);
INSERT INTO `sys_oper_log` VALUES (260, '菜单管理', 2, 'site.hgu7.web.controller.system.SysMenuController.edit()', 'PUT', 1, 'admin', '研发部门', '/system/menu', '127.0.0.1', '内网IP', '{\"children\":[],\"component\":\"system/user/profile/index\",\"createTime\":\"2024-10-31 23:07:23\",\"icon\":\"people\",\"isCache\":\"0\",\"isFrame\":\"1\",\"menuId\":2045,\"menuName\":\"个人中心\",\"menuType\":\"C\",\"orderNum\":6,\"params\":{},\"parentId\":0,\"path\":\"user/profile\",\"perms\":\"\",\"routeName\":\"\",\"status\":\"0\",\"updateBy\":\"admin\",\"visible\":\"0\"}', '{\"msg\":\"操作成功\",\"code\":200}', 0, NULL, '2024-10-31 23:16:15', 19);
INSERT INTO `sys_oper_log` VALUES (261, '菜单管理', 2, 'site.hgu7.web.controller.system.SysMenuController.edit()', 'PUT', 1, 'admin', '研发部门', '/system/menu', '127.0.0.1', '内网IP', '{\"children\":[],\"createTime\":\"2024-10-28 09:11:30\",\"icon\":\"course\",\"isCache\":\"0\",\"isFrame\":\"1\",\"menuId\":2037,\"menuName\":\"课程管理\",\"menuType\":\"M\",\"orderNum\":4,\"params\":{},\"parentId\":0,\"path\":\"courseMan\",\"perms\":\"\",\"routeName\":\"\",\"status\":\"0\",\"updateBy\":\"admin\",\"visible\":\"0\"}', '{\"msg\":\"操作成功\",\"code\":200}', 0, NULL, '2024-10-31 23:16:29', 19);
INSERT INTO `sys_oper_log` VALUES (262, '菜单管理', 2, 'site.hgu7.web.controller.system.SysMenuController.edit()', 'PUT', 1, 'admin', '研发部门', '/system/menu', '127.0.0.1', '内网IP', '{\"children\":[],\"createTime\":\"2024-10-31 16:47:07\",\"icon\":\"notice\",\"isCache\":\"0\",\"isFrame\":\"1\",\"menuId\":2043,\"menuName\":\"通知公告\",\"menuType\":\"M\",\"orderNum\":5,\"params\":{},\"parentId\":0,\"path\":\"noticeS\",\"perms\":\"\",\"routeName\":\"\",\"status\":\"0\",\"updateBy\":\"admin\",\"visible\":\"0\"}', '{\"msg\":\"操作成功\",\"code\":200}', 0, NULL, '2024-10-31 23:16:32', 19);
INSERT INTO `sys_oper_log` VALUES (263, '菜单管理', 2, 'site.hgu7.web.controller.system.SysMenuController.edit()', 'PUT', 1, 'admin', '研发部门', '/system/menu', '127.0.0.1', '内网IP', '{\"children\":[],\"createTime\":\"2024-10-31 16:47:07\",\"icon\":\"notice\",\"isCache\":\"0\",\"isFrame\":\"1\",\"menuId\":2043,\"menuName\":\"通知公告\",\"menuType\":\"M\",\"orderNum\":6,\"params\":{},\"parentId\":0,\"path\":\"noticeS\",\"perms\":\"\",\"routeName\":\"\",\"status\":\"0\",\"updateBy\":\"admin\",\"visible\":\"0\"}', '{\"msg\":\"操作成功\",\"code\":200}', 0, NULL, '2024-10-31 23:16:34', 12);
INSERT INTO `sys_oper_log` VALUES (264, '菜单管理', 2, 'site.hgu7.web.controller.system.SysMenuController.edit()', 'PUT', 1, 'admin', '研发部门', '/system/menu', '127.0.0.1', '内网IP', '{\"children\":[],\"component\":\"system/user/profile/index\",\"createTime\":\"2024-10-31 23:07:23\",\"icon\":\"people\",\"isCache\":\"0\",\"isFrame\":\"1\",\"menuId\":2045,\"menuName\":\"个人中心\",\"menuType\":\"C\",\"orderNum\":7,\"params\":{},\"parentId\":0,\"path\":\"user/profile\",\"perms\":\"\",\"routeName\":\"\",\"status\":\"0\",\"updateBy\":\"admin\",\"visible\":\"0\"}', '{\"msg\":\"操作成功\",\"code\":200}', 0, NULL, '2024-10-31 23:16:37', 18);
INSERT INTO `sys_oper_log` VALUES (265, '菜单管理', 2, 'site.hgu7.web.controller.system.SysMenuController.edit()', 'PUT', 1, 'admin', '研发部门', '/system/menu', '127.0.0.1', '内网IP', '{\"children\":[],\"createTime\":\"2024-10-28 08:42:34\",\"icon\":\"course\",\"isCache\":\"0\",\"isFrame\":\"1\",\"menuId\":2036,\"menuName\":\"选课管理\",\"menuType\":\"M\",\"orderNum\":3,\"params\":{},\"parentId\":0,\"path\":\"course\",\"perms\":\"\",\"routeName\":\"\",\"status\":\"0\",\"updateBy\":\"admin\",\"visible\":\"0\"}', '{\"msg\":\"操作成功\",\"code\":200}', 0, NULL, '2024-10-31 23:16:55', 5);
INSERT INTO `sys_oper_log` VALUES (266, '菜单管理', 2, 'site.hgu7.web.controller.system.SysMenuController.edit()', 'PUT', 1, 'admin', '研发部门', '/system/menu', '127.0.0.1', '内网IP', '{\"children\":[],\"component\":\"notice/noticeS\",\"createTime\":\"2024-10-31 16:47:49\",\"icon\":\"notice\",\"isCache\":\"0\",\"isFrame\":\"1\",\"menuId\":2044,\"menuName\":\"通知公告\",\"menuType\":\"C\",\"orderNum\":1,\"params\":{},\"parentId\":2043,\"path\":\"userNotice\",\"perms\":\"\",\"routeName\":\"\",\"status\":\"0\",\"updateBy\":\"admin\",\"visible\":\"0\"}', '{\"msg\":\"操作成功\",\"code\":200}', 0, NULL, '2024-11-01 10:49:30', 28);
INSERT INTO `sys_oper_log` VALUES (267, '字典类型', 1, 'site.hgu7.web.controller.system.SysDictTypeController.add()', 'POST', 1, 'admin', '研发部门', '/system/dict/type', '127.0.0.1', '内网IP', '{\"createBy\":\"admin\",\"dictName\":\"用户类型\",\"dictType\":\"sys_user_role\",\"params\":{},\"status\":\"0\"}', '{\"msg\":\"操作成功\",\"code\":200}', 0, NULL, '2024-11-01 11:02:54', 12);
INSERT INTO `sys_oper_log` VALUES (268, '字典数据', 1, 'site.hgu7.web.controller.system.SysDictDataController.add()', 'POST', 1, 'admin', '研发部门', '/system/dict/data', '127.0.0.1', '内网IP', '{\"createBy\":\"admin\",\"default\":false,\"dictLabel\":\"教师\",\"dictSort\":0,\"dictType\":\"sys_user_role\",\"dictValue\":\"100\",\"listClass\":\"default\",\"params\":{},\"status\":\"0\"}', '{\"msg\":\"操作成功\",\"code\":200}', 0, NULL, '2024-11-01 11:03:32', 16);
INSERT INTO `sys_oper_log` VALUES (269, '字典数据', 1, 'site.hgu7.web.controller.system.SysDictDataController.add()', 'POST', 1, 'admin', '研发部门', '/system/dict/data', '127.0.0.1', '内网IP', '{\"createBy\":\"admin\",\"default\":false,\"dictLabel\":\"普通学生\",\"dictSort\":0,\"dictType\":\"sys_user_role\",\"dictValue\":\"101\",\"listClass\":\"default\",\"params\":{},\"status\":\"0\"}', '{\"msg\":\"操作成功\",\"code\":200}', 0, NULL, '2024-11-01 11:03:44', 15);
INSERT INTO `sys_oper_log` VALUES (270, '通知公告', 1, 'site.hgu7.web.controller.system.SysNoticeController.add()', 'POST', 1, 'admin', '研发部门', '/system/notice', '127.0.0.1', '内网IP', '{\"createBy\":\"admin\",\"noticeContent\":\"<p>1231</p>\",\"noticeTitle\":\"1\",\"noticeType\":\"2\",\"notice_courseId\":111,\"notice_user_type\":\"100\",\"params\":{},\"status\":\"0\"}', '{\"msg\":\"操作成功\",\"code\":200}', 0, NULL, '2024-11-01 11:05:41', 12);
INSERT INTO `sys_oper_log` VALUES (271, '通知公告', 2, 'site.hgu7.web.controller.system.SysNoticeController.edit()', 'PUT', 1, 'admin', '研发部门', '/system/notice', '127.0.0.1', '内网IP', '{\"createBy\":\"admin\",\"createTime\":\"2024-11-01 11:05:41\",\"noticeContent\":\"<p>1231</p>\",\"noticeId\":32,\"noticeTitle\":\"12\",\"noticeType\":\"2\",\"params\":{},\"status\":\"0\",\"updateBy\":\"admin\"}', '{\"msg\":\"操作成功\",\"code\":200}', 0, NULL, '2024-11-01 11:06:08', 19);
INSERT INTO `sys_oper_log` VALUES (272, '通知公告', 2, 'site.hgu7.web.controller.system.SysNoticeController.edit()', 'PUT', 1, 'admin', '研发部门', '/system/notice', '127.0.0.1', '内网IP', '{\"createBy\":\"admin\",\"createTime\":\"2024-11-01 11:06:08\",\"noticeContent\":\"<p>1231</p>\",\"noticeId\":32,\"noticeTitle\":\"12\",\"noticeType\":\"2\",\"notice_courseId\":1111,\"notice_user_type\":\"100\",\"params\":{},\"status\":\"0\",\"updateBy\":\"admin\",\"updateTime\":\"2024-11-01 11:06:08\"}', '{\"msg\":\"操作成功\",\"code\":200}', 0, NULL, '2024-11-01 11:07:24', 17);
INSERT INTO `sys_oper_log` VALUES (273, '通知公告', 2, 'site.hgu7.web.controller.system.SysNoticeController.edit()', 'PUT', 1, 'admin', '研发部门', '/system/notice', '127.0.0.1', '内网IP', '{\"createBy\":\"admin\",\"createTime\":\"2024-10-22 15:18:06\",\"noticeId\":28,\"noticeTitle\":\"温馨提醒：2018-07-01 若依新版本发布啦\",\"noticeType\":\"2\",\"notice_courseId\":1,\"notice_user_type\":\"101\",\"params\":{},\"remark\":\"管理员\",\"status\":\"0\",\"updateBy\":\"admin\"}', '{\"msg\":\"操作成功\",\"code\":200}', 0, NULL, '2024-11-01 11:14:15', 28);
INSERT INTO `sys_oper_log` VALUES (274, '通知公告', 2, 'site.hgu7.web.controller.system.SysNoticeController.edit()', 'PUT', 1, 'admin', '研发部门', '/system/notice', '127.0.0.1', '内网IP', '{\"createBy\":\"admin\",\"createTime\":\"2024-11-01 11:07:24\",\"noticeContent\":\"<p>1231</p>\",\"noticeId\":32,\"noticeTitle\":\"12\",\"noticeType\":\"2\",\"notice_courseId\":111,\"notice_user_type\":\"101\",\"params\":{},\"status\":\"0\",\"updateBy\":\"admin\",\"updateTime\":\"2024-11-01 11:07:24\"}', '{\"msg\":\"操作成功\",\"code\":200}', 0, NULL, '2024-11-01 11:14:28', 4);
INSERT INTO `sys_oper_log` VALUES (275, '通知公告', 2, 'site.hgu7.web.controller.system.SysNoticeController.edit()', 'PUT', 1, 'admin', '研发部门', '/system/notice', '127.0.0.1', '内网IP', '{\"createBy\":\"admin\",\"createTime\":\"2024-11-01 11:14:28\",\"noticeContent\":\"<p>1231</p>\",\"noticeId\":32,\"noticeTitle\":\"12\",\"noticeType\":\"2\",\"notice_courseId\":1,\"notice_user_type\":\"101\",\"params\":{},\"status\":\"0\",\"updateBy\":\"admin\",\"updateTime\":\"2024-11-01 11:14:28\"}', '{\"msg\":\"操作成功\",\"code\":200}', 0, NULL, '2024-11-01 11:14:40', 10);
INSERT INTO `sys_oper_log` VALUES (276, '通知公告', 2, 'site.hgu7.web.controller.system.SysNoticeController.edit()', 'PUT', 1, 'admin', '研发部门', '/system/notice', '127.0.0.1', '内网IP', '{\"createBy\":\"admin\",\"createTime\":\"2024-11-01 11:14:40\",\"noticeContent\":\"<p>1231</p>\",\"noticeId\":32,\"noticeTitle\":\"12\",\"noticeType\":\"2\",\"notice_courseId\":1,\"params\":{},\"status\":\"0\",\"updateBy\":\"admin\",\"updateTime\":\"2024-11-01 11:14:40\"}', '{\"msg\":\"操作成功\",\"code\":200}', 0, NULL, '2024-11-01 11:16:17', 11);
INSERT INTO `sys_oper_log` VALUES (277, '通知公告', 2, 'site.hgu7.web.controller.system.SysNoticeController.edit()', 'PUT', 1, 'admin', '研发部门', '/system/notice', '127.0.0.1', '内网IP', '{\"createBy\":\"admin\",\"createTime\":\"2024-11-01 11:16:17\",\"noticeContent\":\"<p>1231</p>\",\"noticeId\":32,\"noticeTitle\":\"12\",\"noticeType\":\"2\",\"notice_courseId\":1,\"params\":{},\"status\":\"0\",\"updateBy\":\"admin\",\"updateTime\":\"2024-11-01 11:16:17\"}', '{\"msg\":\"操作成功\",\"code\":200}', 0, NULL, '2024-11-01 11:16:52', 2);
INSERT INTO `sys_oper_log` VALUES (278, '字典数据', 1, 'site.hgu7.web.controller.system.SysDictDataController.add()', 'POST', 1, 'admin', '研发部门', '/system/dict/data', '127.0.0.1', '内网IP', '{\"createBy\":\"admin\",\"default\":false,\"dictLabel\":\"全部人\",\"dictSort\":0,\"dictType\":\"sys_user_role\",\"dictValue\":\"null\",\"listClass\":\"default\",\"params\":{},\"status\":\"0\"}', '{\"msg\":\"操作成功\",\"code\":200}', 0, NULL, '2024-11-01 11:17:33', 9);
INSERT INTO `sys_oper_log` VALUES (279, '通知公告', 2, 'site.hgu7.web.controller.system.SysNoticeController.edit()', 'PUT', 1, 'admin', '研发部门', '/system/notice', '127.0.0.1', '内网IP', '{\"createBy\":\"admin\",\"createTime\":\"2024-11-01 11:16:52\",\"noticeContent\":\"<p>1231</p>\",\"noticeId\":32,\"noticeTitle\":\"12\",\"noticeType\":\"2\",\"notice_courseId\":1,\"notice_user_type\":\"null\",\"params\":{},\"status\":\"0\",\"updateBy\":\"admin\",\"updateTime\":\"2024-11-01 11:16:52\"}', '{\"msg\":\"操作成功\",\"code\":200}', 0, NULL, '2024-11-01 11:17:43', 10);
INSERT INTO `sys_oper_log` VALUES (280, '通知公告', 2, 'site.hgu7.web.controller.system.SysNoticeController.edit()', 'PUT', 1, 'admin', '研发部门', '/system/notice', '127.0.0.1', '内网IP', '{\"createBy\":\"admin\",\"createTime\":\"2024-11-01 11:17:43\",\"noticeContent\":\"<p>1231</p>\",\"noticeId\":32,\"noticeTitle\":\"12\",\"noticeType\":\"2\",\"notice_courseId\":1,\"params\":{},\"status\":\"0\",\"updateBy\":\"admin\",\"updateTime\":\"2024-11-01 11:17:43\"}', '{\"msg\":\"操作成功\",\"code\":200}', 0, NULL, '2024-11-01 11:20:58', 31);
INSERT INTO `sys_oper_log` VALUES (281, '字典类型', 3, 'site.hgu7.web.controller.system.SysDictDataController.remove()', 'DELETE', 1, 'admin', '研发部门', '/system/dict/data/113', '127.0.0.1', '内网IP', '[113]', '{\"msg\":\"操作成功\",\"code\":200}', 0, NULL, '2024-11-01 11:21:13', 48);
INSERT INTO `sys_oper_log` VALUES (282, '通知公告', 2, 'site.hgu7.web.controller.system.SysNoticeController.edit()', 'PUT', 1, 'admin', '研发部门', '/system/notice', '127.0.0.1', '内网IP', '{\"createBy\":\"admin\",\"createTime\":\"2024-11-01 11:20:58\",\"noticeContent\":\"<p>1231</p>\",\"noticeId\":32,\"noticeTitle\":\"12\",\"noticeType\":\"2\",\"params\":{},\"status\":\"0\",\"updateBy\":\"admin\",\"updateTime\":\"2024-11-01 11:20:58\"}', '{\"msg\":\"操作成功\",\"code\":200}', 0, NULL, '2024-11-01 11:21:26', 4);
INSERT INTO `sys_oper_log` VALUES (283, '通知公告', 2, 'site.hgu7.web.controller.system.SysNoticeController.edit()', 'PUT', 1, 'admin', '研发部门', '/system/notice', '127.0.0.1', '内网IP', '{\"createBy\":\"admin\",\"createTime\":\"2024-11-01 11:21:26\",\"noticeContent\":\"<p>1231</p>\",\"noticeId\":32,\"noticeTitle\":\"12\",\"noticeType\":\"2\",\"params\":{},\"status\":\"0\",\"updateBy\":\"admin\",\"updateTime\":\"2024-11-01 11:21:26\"}', '{\"msg\":\"操作成功\",\"code\":200}', 0, NULL, '2024-11-01 11:22:31', 17);
INSERT INTO `sys_oper_log` VALUES (284, '菜单管理', 2, 'site.hgu7.web.controller.system.SysMenuController.edit()', 'PUT', 1, 'admin', '研发部门', '/system/menu', '127.0.0.1', '内网IP', '{\"children\":[],\"component\":\"system/notice/index\",\"createTime\":\"2024-10-22 15:18:06\",\"icon\":\"message\",\"isCache\":\"0\",\"isFrame\":\"1\",\"menuId\":107,\"menuName\":\"发布通知公告\",\"menuType\":\"C\",\"orderNum\":8,\"params\":{},\"parentId\":2043,\"path\":\"notice\",\"perms\":\"system:notice:list\",\"query\":\"\",\"routeName\":\"\",\"status\":\"0\",\"updateBy\":\"admin\",\"visible\":\"0\"}', '{\"msg\":\"操作成功\",\"code\":200}', 0, NULL, '2024-11-01 14:33:06', 26);
INSERT INTO `sys_oper_log` VALUES (285, '通知公告', 2, 'site.hgu7.web.controller.system.SysNoticeController.edit()', 'PUT', 1, 'admin', '研发部门', '/system/notice', '127.0.0.1', '内网IP', '{\"createBy\":\"admin\",\"createTime\":\"2024-11-01 11:22:31\",\"noticeContent\":\"<p>1231</p>\",\"noticeId\":32,\"noticeTitle\":\"12\",\"noticeType\":\"2\",\"params\":{},\"status\":\"1\",\"updateBy\":\"admin\",\"updateTime\":\"2024-11-01 11:22:31\"}', '{\"msg\":\"操作成功\",\"code\":200}', 0, NULL, '2024-11-01 14:33:20', 4);
INSERT INTO `sys_oper_log` VALUES (286, '通知公告', 2, 'site.hgu7.web.controller.system.SysNoticeController.edit()', 'PUT', 1, 'admin', '研发部门', '/system/notice', '127.0.0.1', '内网IP', '{\"createBy\":\"admin\",\"createTime\":\"2024-10-31 22:43:39\",\"noticeContent\":\"<p class=\\\"ql-align-justify\\\">\\t根据省委组织部、省人力资源和社会保障厅<strong>《河北省事业单位公开招聘工作人员暂行办法》</strong>（冀人社发〔2011〕9号）文件精神，结合我校2024年招聘工作人员计划和岗位空缺情况、工作需要，拟采取选聘方式招聘工作人员145名，制定选聘公告如下：</p><p class=\\\"ql-align-justify\\\">\\t一、招聘单位基本情况</p><p class=\\\"ql-align-justify\\\">\\t河北地质大学（原石家庄经济学院）创建于1953年，是原地质部直属五大院校之一，是自然资源部、河北省人民政府共建大学，省属重点骨干大学，河北省重点支持的国内一流大学建设高校，博士学位授权立项建设单位，地质学家、中国科学院院士李廷栋任学校名誉校长。学校秉承“达观博物”的校训，弘扬“仰山慕水”文化，历经近70多年的办学历程，学校逐步形成了“资源环境+”多学科协同发展和深度交叉融合、地经渗透、产教融合的办学特色。</p><p class=\\\"ql-align-justify\\\">\\t学校拥有<strong>理学、工学、管理学、经济学、法学、文学、艺术学、教育学</strong>8大学科门类，70个本科专业。《河北省一流大学和一流学科建设推进方案（2021-2025年）》中，学校被纳入河北省建设国内一流大学序列，“地质学”“地质资源与地质工程”“工商管理”被纳入一流学科建设范围，拥有9个省级重点学科和重点发展学科。在教育部一流本科专业建设“双万计划”中，地质学等9个专业入选了国家级一流本科专业建设点，勘查技术与工程等16个专业入选省级一流本科专业建设点。学校面向全国31个省、直辖市、自治区招生，全日制在校生约18000人。</p><p class=\\\"ql-align-justify\\\">\\t学校现有专任教师989人，其中47.1%具有高级专业技术职务，52.0%具有博士学位。他们当中有国务院政府特殊津贴专家、省管优秀专家、省有突出贡献的中青年专家、省社会科学优秀青年专家、省青年拔尖人才、省“三三三人才工程”、省级教学名师等68人。近年来，学校全职引进李四光地质科学奖获得者宋明春教授，柔性引进中国科学院院士李廷栋、刘嘉麒，德国洪堡学者、“国家杰青”获得者季强等一批杰出人才。尚国琲公共管理教师团队、李英杰地质学教师团队分别入选首批和第二批全国高校黄大年式教师团队。于开宁水资源与环境教师团队、袁颖地质资源与防灾减灾教师团队分别入选首批“河北省高校黄大年式教师团队”。</p><p class=\\\"ql-align-justify\\\">\\t二、招聘原则</p><p class=\\\"ql-align-justify\\\">\\t坚持德才兼备，贯彻公开、竞争、平等、择优的原则，在测评、考核的基础上择优聘用。</p><p class=\\\"ql-align-justify\\\">\\t三、选聘条件、岗位、人数</p><p class=\\\"ql-align-justify\\\">\\t(一)应聘人员应具备以下基本条件</p><p class=\\\"ql-align-justify\\\">\\t1.具有中华人民共和国国籍；</p><p class=\\\"ql-align-justify\\\">\\t2.遵守宪法和法律；</p><p class=\\\"ql-align-justify\\\">\\t3.具有良好的品行；</p><p class=\\\"ql-align-justify\\\">\\t4.具有与招聘岗位要求相适应的年龄、学历学位、专业或技能条件；</p><p class=\\\"ql-align-justify\\\">\\t5.适应岗位要求的身体条件；</p><p class=\\\"ql-align-justify\\\">\\t6.应聘辅导员岗位必须是中共党员；</p><p class=\\\"ql-align-justify\\\">\\t7.具备岗位所需要的其他条件。</p><p class=\\\"ql-align-justify\\\">\\t(二)选聘人数和岗位条件以及人员分类情况</p><p class=\\\"ql-align-justify\\\">\\t1.选聘人数和岗位条件</p><p class=\\\"ql-align-justify\\\">\\t2024年河北地质大学拟选聘博士研究生工作人员145名。具体要求详见《河北地质大学2024年选聘工作人员岗位条件表》(附件)。其中专业参考教育部《授予博士、硕士学位和培养研究生的学科、专业目录》设置。对于取得海外院校学历学位或毕业于国内院校自设', '{\"msg\":\"操作成功\",\"code\":200}', 0, NULL, '2024-11-01 14:36:36', 31);
INSERT INTO `sys_oper_log` VALUES (287, '角色管理', 2, 'site.hgu7.web.controller.system.SysRoleController.edit()', 'PUT', 1, 'admin', '研发部门', '/system/role', '127.0.0.1', '内网IP', '{\"admin\":false,\"createTime\":\"2024-10-26 22:50:33\",\"dataScope\":\"1\",\"delFlag\":\"0\",\"deptCheckStrictly\":true,\"flag\":false,\"menuCheckStrictly\":true,\"menuIds\":[2036,2024,2025,2026,2027,2028,2029,2018,2019,2020,2021,2022,2023,2037,2030,2031,2032,2033,2034,2035,2038,2039,2040,2041,2042,2043,2044,107,1035,1036,1037,1038,2045],\"params\":{},\"roleId\":100,\"roleKey\":\"teacher\",\"roleName\":\"教师\",\"roleSort\":0,\"status\":\"0\",\"updateBy\":\"admin\"}', '{\"msg\":\"操作成功\",\"code\":200}', 0, NULL, '2024-11-01 14:37:36', 57);
INSERT INTO `sys_oper_log` VALUES (288, '角色管理', 2, 'site.hgu7.web.controller.system.SysRoleController.edit()', 'PUT', 1, 'admin', '研发部门', '/system/role', '127.0.0.1', '内网IP', '{\"admin\":false,\"createTime\":\"2024-10-26 22:50:50\",\"dataScope\":\"1\",\"delFlag\":\"0\",\"deptCheckStrictly\":true,\"flag\":false,\"menuCheckStrictly\":true,\"menuIds\":[2037,2039,2043,2036,2024,2025,2026,2027,2028,2029,2018,2019,2020,2021,2022,2023,2038,2040,2044,2045],\"params\":{},\"roleId\":101,\"roleKey\":\"student\",\"roleName\":\"普通学生\",\"roleSort\":0,\"status\":\"0\",\"updateBy\":\"admin\"}', '{\"msg\":\"操作成功\",\"code\":200}', 0, NULL, '2024-11-01 14:38:08', 16);
INSERT INTO `sys_oper_log` VALUES (289, '角色管理', 2, 'site.hgu7.web.controller.system.SysRoleController.edit()', 'PUT', 1, 'admin', '研发部门', '/system/role', '127.0.0.1', '内网IP', '{\"admin\":false,\"createTime\":\"2024-10-26 22:50:50\",\"dataScope\":\"1\",\"delFlag\":\"0\",\"deptCheckStrictly\":true,\"flag\":false,\"menuCheckStrictly\":true,\"menuIds\":[2036,2024,2018,2037,2039,2043,2025,2028,2029,2019,2022,2023,2038,2040,2044,2045],\"params\":{},\"roleId\":101,\"roleKey\":\"student\",\"roleName\":\"普通学生\",\"roleSort\":0,\"status\":\"0\",\"updateBy\":\"admin\"}', '{\"msg\":\"操作成功\",\"code\":200}', 0, NULL, '2024-11-01 14:57:13', 26);
INSERT INTO `sys_oper_log` VALUES (290, '角色管理', 2, 'site.hgu7.web.controller.system.SysRoleController.edit()', 'PUT', 1, 'admin', '研发部门', '/system/role', '127.0.0.1', '内网IP', '{\"admin\":false,\"createTime\":\"2024-10-26 22:50:50\",\"dataScope\":\"1\",\"delFlag\":\"0\",\"deptCheckStrictly\":true,\"flag\":false,\"menuCheckStrictly\":true,\"menuIds\":[2036,2024,2018,2037,2030,2039,2043,2025,2028,2029,2019,2022,2023,2031,2038,2040,2044,2045],\"params\":{},\"roleId\":101,\"roleKey\":\"student\",\"roleName\":\"普通学生\",\"roleSort\":0,\"status\":\"0\",\"updateBy\":\"admin\"}', '{\"msg\":\"操作成功\",\"code\":200}', 0, NULL, '2024-11-01 14:59:29', 25);
INSERT INTO `sys_oper_log` VALUES (291, '角色管理', 2, 'site.hgu7.web.controller.system.SysRoleController.edit()', 'PUT', 1, 'admin', '研发部门', '/system/role', '127.0.0.1', '内网IP', '{\"admin\":false,\"createTime\":\"2024-10-26 22:50:50\",\"dataScope\":\"1\",\"delFlag\":\"0\",\"deptCheckStrictly\":true,\"flag\":false,\"menuCheckStrictly\":true,\"menuIds\":[2036,2024,2018,2039,2043,2025,2028,2029,2019,2022,2023,2040,2044,2045],\"params\":{},\"roleId\":101,\"roleKey\":\"student\",\"roleName\":\"普通学生\",\"roleSort\":0,\"status\":\"0\",\"updateBy\":\"admin\"}', '{\"msg\":\"操作成功\",\"code\":200}', 0, NULL, '2024-11-01 15:00:49', 7);
INSERT INTO `sys_oper_log` VALUES (292, '角色管理', 2, 'site.hgu7.web.controller.system.SysRoleController.edit()', 'PUT', 1, 'admin', '研发部门', '/system/role', '127.0.0.1', '内网IP', '{\"admin\":false,\"createTime\":\"2024-10-26 22:50:50\",\"dataScope\":\"1\",\"delFlag\":\"0\",\"deptCheckStrictly\":true,\"flag\":false,\"menuCheckStrictly\":true,\"menuIds\":[2036,2024,2018,2043,2025,2028,2029,2019,2022,2023,2039,2040,2041,2042,2044,2045],\"params\":{},\"roleId\":101,\"roleKey\":\"student\",\"roleName\":\"普通学生\",\"roleSort\":0,\"status\":\"0\",\"updateBy\":\"admin\"}', '{\"msg\":\"操作成功\",\"code\":200}', 0, NULL, '2024-11-01 15:01:24', 15);
INSERT INTO `sys_oper_log` VALUES (293, '角色管理', 2, 'site.hgu7.web.controller.system.SysRoleController.edit()', 'PUT', 1, 'admin', '研发部门', '/system/role', '127.0.0.1', '内网IP', '{\"admin\":false,\"createTime\":\"2024-10-26 22:50:50\",\"dataScope\":\"1\",\"delFlag\":\"0\",\"deptCheckStrictly\":true,\"flag\":false,\"menuCheckStrictly\":true,\"menuIds\":[2036,2024,2018,2037,2030,2043,2025,2028,2029,2019,2022,2023,2031,2039,2040,2041,2042,2044,2045],\"params\":{},\"roleId\":101,\"roleKey\":\"student\",\"roleName\":\"普通学生\",\"roleSort\":0,\"status\":\"0\",\"updateBy\":\"admin\"}', '{\"msg\":\"操作成功\",\"code\":200}', 0, NULL, '2024-11-01 15:02:25', 14);
INSERT INTO `sys_oper_log` VALUES (294, '用户管理', 2, 'site.hgu7.web.controller.system.SysUserController.changeStatus()', 'PUT', 1, 'admin', '研发部门', '/system/user/changeStatus', '222.223.243.26', 'XX XX', '{\"admin\":false,\"params\":{},\"status\":\"1\",\"updateBy\":\"admin\",\"userId\":2}', '{\"msg\":\"操作成功\",\"code\":200}', 0, NULL, '2024-11-02 20:01:56', 74);
INSERT INTO `sys_oper_log` VALUES (295, '个人信息', 2, 'site.hgu7.web.controller.system.SysProfileController.updateProfile()', 'PUT', 1, 'admin', '研发部门', '/system/user/profile', '222.223.243.26', 'XX XX', '{\"admin\":false,\"email\":\"hzm永远爱佳怡🥰@163.com\",\"nickName\":\"何梓铭\",\"params\":{},\"phonenumber\":\"15888888888\",\"sex\":\"0\"}', '{\"msg\":\"操作成功\",\"code\":200}', 0, NULL, '2024-11-04 14:27:44', 93);
INSERT INTO `sys_oper_log` VALUES (296, '个人信息', 2, 'site.hgu7.web.controller.system.SysProfileController.updatePwd()', 'PUT', 1, 'admin', '研发部门', '/system/user/profile/updatePwd', '222.223.243.26', 'XX XX', '{}', '{\"msg\":\"操作成功\",\"code\":200}', 0, NULL, '2024-11-04 14:28:22', 505);
INSERT INTO `sys_oper_log` VALUES (297, '用户头像', 2, 'site.hgu7.web.controller.system.SysProfileController.avatar()', 'POST', 1, 'admin', '研发部门', '/system/user/profile/avatar', '222.223.243.26', 'XX XX', '', NULL, 1, 'D:\\ruoyi\\uploadPath\\avatar\\2024\\11\\04\\头像_20241104142837A001.jpg: 设备未就绪。', '2024-11-04 14:28:38', 1411);
INSERT INTO `sys_oper_log` VALUES (298, 'course', 2, 'site.hgu7.core.course.controller.CourseController.edit()', 'PUT', 1, 'admin', '研发部门', '/course/course', '222.223.243.26', 'XX XX', '{\"courseCategory\":\"00\",\"courseDescription\":\"线性代数是一门重要的数学基础课程，研究变量间的线性关系。它在自然科学、社会科学、工程技术、军事和工农业生产等领域中有广泛的应用。课程内容包括行列式、矩阵、向量的线性相关性、线性方程组、相似矩阵和二次型等理论。学习该课程需要具备微积分和代数基本知识。\",\"courseId\":1,\"courseImg\":\"https://tse4-mm.cn.bing.net/th/id/OIP-C.fK7K5Lvtke9pBIs-x0hN_wHaEY?w=290&h=180&c=7&r=0&o=5&pid=1.7\",\"courseName\":\"线性代数\",\"createdAt\":\"2024-10-30\",\"params\":{},\"teacher\":\"宋浩\",\"updatedAt\":\"2024-10-30\",\"userId\":1}', '{\"msg\":\"操作成功\",\"code\":200}', 0, NULL, '2024-11-04 14:31:53', 658);
INSERT INTO `sys_oper_log` VALUES (299, 'course', 2, 'site.hgu7.core.course.controller.CourseController.edit()', 'PUT', 1, 'admin', '研发部门', '/course/course', '222.223.243.26', 'XX XX', '{\"courseCategory\":\"00\",\"courseDescription\":\"高等数学是一门十分重要的基础理论课。它的主要研究对象为实变实值函数，尤其是连续的实变实值函数。本课程包括的主要内容有：一元函数的极限，连续、微分、积分，级数及多元函数的极限、连续、微分、积分（含参积分，线积分、重积分、面积分）、空间解析几何、微分方程等。\",\"courseId\":2,\"courseImg\":\"https://ts1.cn.mm.bing.net/th?id=OVP.O5FgFLeZI404cxGQkyzhywIIFE&w=608&h=342&c=7&rs=1&qlt=90&o=6&pid=1.7\",\"courseName\":\"高等数学\",\"createdAt\":\"2024-10-28\",\"params\":{},\"teacher\":\"宋浩\",\"updatedAt\":\"2024-10-28\",\"userId\":1}', '{\"msg\":\"操作成功\",\"code\":200}', 0, NULL, '2024-11-04 14:33:26', 25);
INSERT INTO `sys_oper_log` VALUES (300, 'course', 2, 'site.hgu7.core.course.controller.CourseController.edit()', 'PUT', 1, 'admin', '研发部门', '/course/course', '222.223.243.26', 'XX XX', '{\"courseCategory\":\"80\",\"courseDescription\":\"《计算机网络基础》是网络工程专业学生的必修课程，是一门集计算机技术与通信技术、 软件与硬件、理论与实践为一体的课程。作为一门学科与专业基础性课程，本课程的学习将 为学生后续从事计算机网络应用、设计与开发和进一步的专业学习打下必要的基础。\",\"courseId\":3,\"courseImg\":\"https://ts1.cn.mm.bing.net/th?id=OVP.O5FgFLeZI404cxGQkyzhywIIFE&w=608&h=342&c=7&rs=1&qlt=90&o=6&pid=1.7\",\"courseName\":\"计算机网络\",\"createdAt\":\"2024-10-29\",\"params\":{},\"teacher\":\"湖科大教书匠\",\"updatedAt\":\"2024-10-31\",\"userId\":1}', '{\"msg\":\"操作成功\",\"code\":200}', 0, NULL, '2024-11-04 14:34:05', 33);
INSERT INTO `sys_oper_log` VALUES (301, 'course', 1, 'site.hgu7.core.course.controller.CourseController.add()', 'POST', 1, 'admin', '研发部门', '/course/course', '222.223.243.26', 'XX XX', '{\"courseCategory\":\"80\",\"courseDescription\":\"该课程讲授计算机单机系统的组成 原理，讨论计算机组织与结构，即在硬件与软件功能分配中最基本的硬件系统。 课程内容包括计算机主要部件类型、结构，组成和基本工作原理，讨论机内数据 流、数据通路和控制方式等，使学生在硬件层面理解计算机系统，为后续的操作 系统、编译原理等课程打下良好的基础。\",\"courseId\":5,\"courseName\":\"计算机组成原理\",\"createdAt\":\"2024-11-04\",\"params\":{},\"teacher\":\"王道\",\"updatedAt\":\"2024-11-04\",\"userId\":1}', '{\"msg\":\"操作成功\",\"code\":200}', 0, NULL, '2024-11-04 14:34:55', 319);
INSERT INTO `sys_oper_log` VALUES (302, 'course', 1, 'site.hgu7.core.course.controller.CourseController.add()', 'POST', 1, 'admin', '研发部门', '/course/course', '222.223.243.26', 'XX XX', '{\"courseCategory\":\"80\",\"courseDescription\":\"本课程是计算机类专业的必修课程，旨在全面系统地介绍操作系统的体系结构、设计机理及实现方法和技术，包括自启动装入、系统调用与接口、处理器调度及进/线程控制、同步与通信机制、死锁处理、基于分区/分页/分段的内存管理及虚拟存储、设备管理、文件系统等，从而培养同学在操作系统研发方面的理论基础及技术素养。\",\"courseId\":6,\"courseName\":\"操作系统\",\"createdAt\":\"2024-11-04\",\"params\":{},\"teacher\":\"王道\",\"updatedAt\":\"2024-11-04\",\"userId\":1}', '{\"msg\":\"操作成功\",\"code\":200}', 0, NULL, '2024-11-04 14:35:32', 10);
INSERT INTO `sys_oper_log` VALUES (303, 'course', 2, 'site.hgu7.core.course.controller.CourseController.edit()', 'PUT', 1, 'admin', '研发部门', '/course/course', '222.223.243.26', 'XX XX', '{\"courseCategory\":\"80\",\"courseDescription\":\"《数据结构》是计算机科学教育中的一门必修课程，主要介绍数据结构及其相关操作的算法。课程内容包括算法分析、抽象数据类型、数组、表、栈、递归、广义表、队列和优先队列、树、搜索树和平衡搜索树、集合、散列和散列表、排序、图和图的算法。学生通过学习，能够掌握数据结构的基本知识，提高用计算机解决实际问题的能力。\",\"courseId\":4,\"courseImg\":\"https://tse2-mm.cn.bing.net/th/id/OIP-C.rQbZxx-FFZILEV5fR8-ZJgAAAA?w=274&h=169&c=7&r=0&o=5&pid=1.7\",\"courseName\":\"数据结构\",\"createdAt\":\"2024-10-30\",\"params\":{},\"teacher\":\"王道\",\"updatedAt\":\"2024-10-30\",\"userId\":1}', '{\"msg\":\"操作成功\",\"code\":200}', 0, NULL, '2024-11-04 14:36:49', 13);
INSERT INTO `sys_oper_log` VALUES (304, 'course', 2, 'site.hgu7.core.course.controller.CourseController.edit()', 'PUT', 1, 'admin', '研发部门', '/course/course', '222.223.243.26', 'XX XX', '{\"courseCategory\":\"80\",\"courseDescription\":\"《计算机网络基础》是网络工程专业学生的必修课程，是一门集计算机技术与通信技术、 软件与硬件、理论与实践为一体的课程。作为一门学科与专业基础性课程，本课程的学习将 为学生后续从事计算机网络应用、设计与开发和进一步的专业学习打下必要的基础。\",\"courseId\":3,\"courseImg\":\"https://tse3-mm.cn.bing.net/th/id/OIP-C.W89FVAuldBahnyfGq96HsAHaEK?w=298&h=180&c=7&r=0&o=5&pid=1.7\",\"courseName\":\"计算机网络\",\"createdAt\":\"2024-10-29\",\"params\":{},\"teacher\":\"湖科大教书匠\",\"updatedAt\":\"2024-11-04\",\"userId\":1}', '{\"msg\":\"操作成功\",\"code\":200}', 0, NULL, '2024-11-04 14:37:18', 19);
INSERT INTO `sys_oper_log` VALUES (305, 'course', 2, 'site.hgu7.core.course.controller.CourseController.edit()', 'PUT', 1, 'admin', '研发部门', '/course/course', '222.223.243.26', 'XX XX', '{\"courseCategory\":\"80\",\"courseDescription\":\"《数据结构》是计算机科学教育中的一门必修课程，主要介绍数据结构及其相关操作的算法。课程内容包括算法分析、抽象数据类型、数组、表、栈、递归、广义表、队列和优先队列、树、搜索树和平衡搜索树、集合、散列和散列表、排序、图和图的算法。学生通过学习，能够掌握数据结构的基本知识，提高用计算机解决实际问题的能力。\",\"courseId\":4,\"courseImg\":\"https://tse3-mm.cn.bing.net/th/id/OIP-C.EGOrs0RiHjuiJ6cTUZVTtAAAAA?w=277&h=180&c=7&r=0&o=5&pid=1.7\",\"courseName\":\"数据结构\",\"createdAt\":\"2024-10-30\",\"params\":{},\"teacher\":\"王道\",\"updatedAt\":\"2024-11-04\",\"userId\":1}', '{\"msg\":\"操作成功\",\"code\":200}', 0, NULL, '2024-11-04 14:37:40', 10);
INSERT INTO `sys_oper_log` VALUES (306, 'course', 2, 'site.hgu7.core.course.controller.CourseController.edit()', 'PUT', 1, 'admin', '研发部门', '/course/course', '222.223.243.26', 'XX XX', '{\"courseCategory\":\"80\",\"courseDescription\":\"该课程讲授计算机单机系统的组成 原理，讨论计算机组织与结构，即在硬件与软件功能分配中最基本的硬件系统。 课程内容包括计算机主要部件类型、结构，组成和基本工作原理，讨论机内数据 流、数据通路和控制方式等，使学生在硬件层面理解计算机系统，为后续的操作 系统、编译原理等课程打下良好的基础。\",\"courseId\":5,\"courseImg\":\"https://tse2-mm.cn.bing.net/th/id/OIP-C.zOqBjnegIbKvPNf8RcL6ngHaEK?w=318&h=180&c=7&r=0&o=5&pid=1.7\",\"courseName\":\"计算机组成原理\",\"createdAt\":\"2024-11-04\",\"params\":{},\"teacher\":\"王道\",\"updatedAt\":\"2024-11-04\",\"userId\":1}', '{\"msg\":\"操作成功\",\"code\":200}', 0, NULL, '2024-11-04 14:37:59', 8);
INSERT INTO `sys_oper_log` VALUES (307, 'course', 2, 'site.hgu7.core.course.controller.CourseController.edit()', 'PUT', 1, 'admin', '研发部门', '/course/course', '222.223.243.26', 'XX XX', '{\"courseCategory\":\"80\",\"courseDescription\":\"本课程是计算机类专业的必修课程，旨在全面系统地介绍操作系统的体系结构、设计机理及实现方法和技术，包括自启动装入、系统调用与接口、处理器调度及进/线程控制、同步与通信机制、死锁处理、基于分区/分页/分段的内存管理及虚拟存储、设备管理、文件系统等，从而培养同学在操作系统研发方面的理论基础及技术素养。\",\"courseId\":6,\"courseImg\":\"https://tse3-mm.cn.bing.net/th/id/OIP-C.p_bKAcU-MFBZUbZ0i_pHKQHaHa?w=161&h=180&c=7&r=0&o=5&pid=1.7\",\"courseName\":\"操作系统\",\"createdAt\":\"2024-11-04\",\"params\":{},\"teacher\":\"王道\",\"updatedAt\":\"2024-11-04\",\"userId\":1}', '{\"msg\":\"操作成功\",\"code\":200}', 0, NULL, '2024-11-04 14:38:23', 10);
INSERT INTO `sys_oper_log` VALUES (308, 'course_chapters', 2, 'site.hgu7.core.course.controller.CourseChaptersController.edit()', 'PUT', 1, 'admin', '研发部门', '/course/chapters', '222.223.243.26', 'XX XX', '{\"chapterDescription\":\"微积分的创立背景是在十六十七世纪，由于天文学、航海和力学的发展，提出了两大类科学问题，第一类问题包括光调曲线的切线和)法线、的速度和加速度以及如何求炮弹的最大射程，最终形成了做分学理论。第二类问题包括曲线的长度、平面图形的面积、空间物体的体积以及天体间的引力，最终形成了积分学理论。牛顿是经验的、具体的和谨慎的，而莱布尼茨则是富于想象的、喜欢推广的和大胆的。\",\"chapterId\":1,\"chapterTitle\":\"1.1 函数的几种特性\",\"courseId\":2,\"createdAt\":\"2024-10-31\",\"params\":{},\"position\":\"1\",\"updatedAt\":\"2024-10-31\",\"videoUrl\":\"http://s-bj-11294-hgu-zxxx.oss.dogecdn.com/gs1.1%20%E5%87%BD%E6%95%B0%E7%9A%84%E5%87%A0%E7%A7%8D%E7%89%B9%E6%80%A7.mp4\"}', '{\"msg\":\"操作成功\",\"code\":200}', 0, NULL, '2024-11-04 14:40:37', 94);
INSERT INTO `sys_oper_log` VALUES (309, 'course_chapters', 2, 'site.hgu7.core.course.controller.CourseChaptersController.edit()', 'PUT', 1, 'admin', '研发部门', '/course/chapters', '222.223.243.26', 'XX XX', '{\"chapterDescription\":\"本视频介绍了函数的概念与性质。函数起源于描述一个量依赖于另外一个量的变化，简要的函数例子、函数的运算以及函数的几个简单特性\",\"chapterId\":2,\"chapterTitle\":\"1.2 反函数 复合函数 初等函数\",\"courseId\":2,\"createdAt\":\"2024-10-31\",\"params\":{},\"position\":\"2\",\"updatedAt\":\"2024-10-31\",\"videoUrl\":\"http://s-bj-11294-hgu-zxxx.oss.dogecdn.com/gs1.1%20%E5%8F%8D%E5%87%BD%E6%95%B0%20%E5%A4%8D%E5%90%88%E5%87%BD%E6%95%B0%20%E5%88%9D%E7%AD%89%E5%87%BD%E6%95%B0.mp4\"}', '{\"msg\":\"操作成功\",\"code\":200}', 0, NULL, '2024-11-04 14:40:57', 14);
INSERT INTO `sys_oper_log` VALUES (310, 'course_chapters', 2, 'site.hgu7.core.course.controller.CourseChaptersController.edit()', 'PUT', 1, 'admin', '研发部门', '/course/chapters', '222.223.243.26', 'XX XX', '{\"chapterDescription\":\"本视频介绍了指数函数和对数函数的概念及其图形表示。指数函数是通过将一些点进行无限加密得到的连续曲线，而对数函数则是指数函数的反函数。对数西数表示了物质财盲和精神财富之间的关系，\\n即物质财富增加的量要更\\n多才能获得与精神财富增加相同的量。通过图形可以看出，对数函数的增量要比指数函数的增量大。本节课还介绍了基本初等函数和双曲函教。\",\"chapterId\":3,\"chapterTitle\":\"1.3 收敛数列的性质\",\"courseId\":2,\"createdAt\":\"2024-10-31\",\"params\":{},\"position\":\"3\",\"updatedAt\":\"2024-10-31\",\"videoUrl\":\"http://s-bj-11294-hgu-zxxx.oss.dogecdn.com/gs1.2%20%E6%94%B6%E6%95%9B%E6%95%B0%E5%88%97%E7%9A%84%E6%80%A7%E8%B4%A8.mp4\"}', '{\"msg\":\"操作成功\",\"code\":200}', 0, NULL, '2024-11-04 14:41:20', 13);
INSERT INTO `sys_oper_log` VALUES (311, 'course_chapters', 2, 'site.hgu7.core.course.controller.CourseChaptersController.edit()', 'PUT', 1, 'admin', '研发部门', '/course/chapters', '222.223.243.26', 'XX XX', '{\"chapterDescription\":\"本节课土要讲解了二项式定理的推广问题，即如同将二项式定理中的n换成一般的实数。牛顿在创立做积分理论时考虑了这个问题，并提出了将有限和推广为无很和的思想，然后讨论了如问考虑无穷多个数的和，以及无穷级数\\n的概念和收敛性质。最后介绍了柯西收敛原理。本节课的主要内容是关于无穷级数的概念与运算性质的问题引入。\",\"chapterId\":4,\"chapterTitle\":\"1.4 无穷小与无穷大\",\"courseId\":2,\"createdAt\":\"2024-10-31\",\"params\":{},\"position\":\"4\",\"updatedAt\":\"2024-10-31\",\"videoUrl\":\"http://s-bj-11294-hgu-zxxx.oss.dogecdn.com/gs1.4%20%E6%97%A0%E7%A9%B7%E5%B0%8F%E4%B8%8E%E6%97%A0%E7%A9%B7%E5%A4%A7.mp4\"}', '{\"msg\":\"操作成功\",\"code\":200}', 0, NULL, '2024-11-04 14:41:39', 14);
INSERT INTO `sys_oper_log` VALUES (312, 'course_chapters', 1, 'site.hgu7.core.course.controller.CourseChaptersController.add()', 'POST', 1, 'admin', '研发部门', '/course/chapters', '222.223.243.26', 'XX XX', '{\"chapterDescription\":\"反三角函数介绍反三角函数介绍反三角函数介绍反三角函数介绍\",\"chapterId\":14,\"chapterTitle\":\"反三角函数介绍\",\"courseId\":2,\"params\":{},\"position\":\"5\",\"videoUrl\":\"http://s-bj-11294-hgu-zxxx.oss.dogecdn.com/gs%E5%8F%8D%E4%B8%89%E8%A7%92%E5%87%BD%E6%95%B0%E4%BB%8B%E7%BB%8D.mp4\"}', '{\"msg\":\"操作成功\",\"code\":200}', 0, NULL, '2024-11-04 14:42:06', 20);
INSERT INTO `sys_oper_log` VALUES (313, 'course_chapters', 2, 'site.hgu7.core.course.controller.CourseChaptersController.edit()', 'PUT', 1, 'admin', '研发部门', '/course/chapters', '222.223.243.26', 'XX XX', '{\"chapterDescription\":\"第一节二阶三阶行列式的定义\",\"chapterId\":5,\"chapterTitle\":\"第一节二阶三阶行列式的定义\",\"courseId\":1,\"createdAt\":\"2024-10-31\",\"params\":{},\"position\":\"1\",\"updatedAt\":\"2024-10-31\",\"videoUrl\":\"http://s-bj-11294-hgu-zxxx.oss.dogecdn.com/xd%E6%96%B0%EF%BD%9C%E7%AC%AC%E4%B8%80%E8%8A%82%E4%BA%8C%E9%98%B6%E4%B8%89%E9%98%B6%E8%A1%8C%E5%88%97%E5%BC%8F%E7%9A%84%E5%AE%9A%E4%B9%89.mp4\"}', '{\"msg\":\"操作成功\",\"code\":200}', 0, NULL, '2024-11-04 14:42:30', 15);
INSERT INTO `sys_oper_log` VALUES (314, 'course_chapters', 2, 'site.hgu7.core.course.controller.CourseChaptersController.edit()', 'PUT', 1, 'admin', '研发部门', '/course/chapters', '222.223.243.26', 'XX XX', '{\"chapterDescription\":\"第二节排列与逆序\",\"chapterId\":6,\"chapterTitle\":\"第二节排列与逆序\",\"courseId\":1,\"createdAt\":\"2024-10-31\",\"params\":{},\"position\":\"2\",\"updatedAt\":\"2024-10-31\",\"videoUrl\":\"http://s-bj-11294-hgu-zxxx.oss.dogecdn.com/xd%E6%96%B0%EF%BD%9C%E7%AC%AC%E4%BA%8C%E8%8A%82%E6%8E%92%E5%88%97%E4%B8%8E%E9%80%86%E5%BA%8F.mp4\"}', '{\"msg\":\"操作成功\",\"code\":200}', 0, NULL, '2024-11-04 14:49:01', 12);
INSERT INTO `sys_oper_log` VALUES (315, 'course_chapters', 2, 'site.hgu7.core.course.controller.CourseChaptersController.edit()', 'PUT', 1, 'admin', '研发部门', '/course/chapters', '222.223.243.26', 'XX XX', '{\"chapterDescription\":\"第三节n阶行列式\",\"chapterId\":7,\"chapterTitle\":\"第三节n阶行列式\",\"courseId\":1,\"createdAt\":\"2024-10-31\",\"params\":{},\"position\":\"3\",\"updatedAt\":\"2024-10-31\",\"videoUrl\":\"http://s-bj-11294-hgu-zxxx.oss.dogecdn.com/xd%E6%96%B0%EF%BD%9C%E7%AC%AC%E4%B8%89%E8%8A%82n%E9%98%B6%E8%A1%8C%E5%88%97%E5%BC%8F.mp4\"}', '{\"msg\":\"操作成功\",\"code\":200}', 0, NULL, '2024-11-04 14:49:15', 5);
INSERT INTO `sys_oper_log` VALUES (316, 'course_chapters', 2, 'site.hgu7.core.course.controller.CourseChaptersController.edit()', 'PUT', 1, 'admin', '研发部门', '/course/chapters', '222.223.243.26', 'XX XX', '{\"chapterDescription\":\"第四节行列式的性质\",\"chapterId\":8,\"chapterTitle\":\"第四节行列式的性质\",\"courseId\":1,\"createdAt\":\"2024-10-31\",\"params\":{},\"position\":\"4\",\"updatedAt\":\"2024-10-31\",\"videoUrl\":\"http://s-bj-11294-hgu-zxxx.oss.dogecdn.com/xd%E6%96%B0%EF%BD%9C%E7%AC%AC%E5%9B%9B%E8%8A%82%E8%A1%8C%E5%88%97%E5%BC%8F%E7%9A%84%E6%80%A7%E8%B4%A8.mp4\"}', '{\"msg\":\"操作成功\",\"code\":200}', 0, NULL, '2024-11-04 14:49:32', 8);
INSERT INTO `sys_oper_log` VALUES (317, 'course_chapters', 2, 'site.hgu7.core.course.controller.CourseChaptersController.edit()', 'PUT', 1, 'admin', '研发部门', '/course/chapters', '222.223.243.26', 'XX XX', '{\"chapterDescription\":\"第五节行列式按一行（列）展开\",\"chapterId\":9,\"chapterTitle\":\"第五节行列式按一行（列）展开\",\"courseId\":1,\"createdAt\":\"2024-10-31\",\"params\":{},\"position\":\"5\",\"updatedAt\":\"2024-10-31\",\"videoUrl\":\"http://s-bj-11294-hgu-zxxx.oss.dogecdn.com/xd%E6%96%B0%EF%BD%9C%E7%AC%AC%E4%BA%94%E8%8A%82%E8%A1%8C%E5%88%97%E5%BC%8F%E6%8C%89%E4%B8%80%E8%A1%8C%EF%BC%88%E5%88%97%EF%BC%89%E5%B1%95%E5%BC%80.mp4\"}', '{\"msg\":\"操作成功\",\"code\":200}', 0, NULL, '2024-11-04 14:49:48', 14);
INSERT INTO `sys_oper_log` VALUES (318, 'course_chapters', 1, 'site.hgu7.core.course.controller.CourseChaptersController.add()', 'POST', 1, 'admin', '研发部门', '/course/chapters', '222.223.243.26', 'XX XX', '{\"chapterDescription\":\"第六节行列式按多行展开\",\"chapterId\":15,\"chapterTitle\":\"第六节行列式按多行展开\",\"courseId\":1,\"params\":{},\"position\":\"6\",\"videoUrl\":\"http://s-bj-11294-hgu-zxxx.oss.dogecdn.com/xd%E6%96%B0%EF%BD%9C%E7%AC%AC%E5%85%AD%E8%8A%82%E8%A1%8C%E5%88%97%E5%BC%8F%E6%8C%89%E5%A4%9A%E8%A1%8C%E5%B1%95%E5%BC%80.mp4\"}', '{\"msg\":\"操作成功\",\"code\":200}', 0, NULL, '2024-11-04 14:50:06', 8);
INSERT INTO `sys_oper_log` VALUES (319, 'course_chapters', 2, 'site.hgu7.core.course.controller.CourseChaptersController.edit()', 'PUT', 1, 'admin', '研发部门', '/course/chapters', '222.223.243.26', 'XX XX', '{\"chapterDescription\":\"1.1 计算机网络在信息时代的作用\",\"chapterId\":10,\"chapterTitle\":\"1.1 计算机网络在信息时代的作用\",\"courseId\":3,\"createdAt\":\"2024-10-31\",\"params\":{},\"position\":\"1\",\"updatedAt\":\"2024-10-31\",\"videoUrl\":\"http://s-bj-11294-hgu-zxxx.oss.dogecdn.com/jw1.1%20%E8%AE%A1%E7%AE%97%E6%9C%BA%E7%BD%91%E7%BB%9C%E5%9C%A8%E4%BF%A1%E6%81%AF%E6%97%B6%E4%BB%A3%E7%9A%84%E4%BD%9C%E7%94%A8.mp4\"}', '{\"msg\":\"操作成功\",\"code\":200}', 0, NULL, '2024-11-04 14:50:28', 13);
INSERT INTO `sys_oper_log` VALUES (320, 'course_chapters', 2, 'site.hgu7.core.course.controller.CourseChaptersController.edit()', 'PUT', 1, 'admin', '研发部门', '/course/chapters', '222.223.243.26', 'XX XX', '{\"chapterDescription\":\"1.2 因特网概述\",\"chapterId\":11,\"chapterTitle\":\"1.2 因特网概述\",\"courseId\":3,\"createdAt\":\"2024-10-31\",\"params\":{},\"position\":\"2\",\"updatedAt\":\"2024-10-31\",\"videoUrl\":\"http://s-bj-11294-hgu-zxxx.oss.dogecdn.com/jw1.2%20%E5%9B%A0%E7%89%B9%E7%BD%91%E6%A6%82%E8%BF%B0.mp4\"}', '{\"msg\":\"操作成功\",\"code\":200}', 0, NULL, '2024-11-04 14:50:43', 11);
INSERT INTO `sys_oper_log` VALUES (321, 'course_chapters', 2, 'site.hgu7.core.course.controller.CourseChaptersController.edit()', 'PUT', 1, 'admin', '研发部门', '/course/chapters', '222.223.243.26', 'XX XX', '{\"chapterDescription\":\"1.3 三种交换方式：电路交换、分组交换和报文交换\",\"chapterId\":12,\"chapterTitle\":\"1.3 三种交换方式：电路交换、分组交换和报文交换\",\"courseId\":3,\"createdAt\":\"2024-10-31\",\"params\":{},\"position\":\"3\",\"updatedAt\":\"2024-10-31\",\"videoUrl\":\"http://s-bj-11294-hgu-zxxx.oss.dogecdn.com/jw1.3%20%E4%B8%89%E7%A7%8D%E4%BA%A4%E6%8D%A2%E6%96%B9%E5%BC%8F%EF%BC%9A%E7%94%B5%E8%B7%AF%E4%BA%A4%E6%8D%A2%E3%80%81%E5%88%86%E7%BB%84%E4%BA%A4%E6%8D%A2%E5%92%8C%E6%8A%A5%E6%96%87%E4%BA%A4%E6%8D%A2.mp4\"}', '{\"msg\":\"操作成功\",\"code\":200}', 0, NULL, '2024-11-04 14:50:54', 7);
INSERT INTO `sys_oper_log` VALUES (322, 'course_chapters', 2, 'site.hgu7.core.course.controller.CourseChaptersController.edit()', 'PUT', 1, 'admin', '研发部门', '/course/chapters', '222.223.243.26', 'XX XX', '{\"chapterDescription\":\"1.4 计算机网络的定义和分类\",\"chapterId\":13,\"chapterTitle\":\"1.4 计算机网络的定义和分类\",\"courseId\":3,\"createdAt\":\"2024-10-31\",\"params\":{},\"position\":\"4\",\"updatedAt\":\"2024-10-31\",\"videoUrl\":\"http://s-bj-11294-hgu-zxxx.oss.dogecdn.com/jw1.4%20%E8%AE%A1%E7%AE%97%E6%9C%BA%E7%BD%91%E7%BB%9C%E7%9A%84%E5%AE%9A%E4%B9%89%E5%92%8C%E5%88%86%E7%B1%BB.mp4\"}', '{\"msg\":\"操作成功\",\"code\":200}', 0, NULL, '2024-11-04 14:51:09', 11);
INSERT INTO `sys_oper_log` VALUES (323, 'course_chapters', 1, 'site.hgu7.core.course.controller.CourseChaptersController.add()', 'POST', 1, 'admin', '研发部门', '/course/chapters', '222.223.243.26', 'XX XX', '{\"chapterDescription\":\"1.5 计算机网络的性能指标（1）\",\"chapterId\":16,\"chapterTitle\":\"1.5 计算机网络的性能指标（1）\",\"courseId\":5,\"params\":{},\"position\":\"5\",\"videoUrl\":\"http://s-bj-11294-hgu-zxxx.oss.dogecdn.com/jw1.5%20%E8%AE%A1%E7%AE%97%E6%9C%BA%E7%BD%91%E7%BB%9C%E7%9A%84%E6%80%A7%E8%83%BD%E6%8C%87%E6%A0%87%EF%BC%881%EF%BC%89.mp4\"}', '{\"msg\":\"操作成功\",\"code\":200}', 0, NULL, '2024-11-04 14:51:30', 7);
INSERT INTO `sys_oper_log` VALUES (324, 'course_chapters', 2, 'site.hgu7.core.course.controller.CourseChaptersController.edit()', 'PUT', 1, 'admin', '研发部门', '/course/chapters', '222.223.243.26', 'XX XX', '{\"chapterDescription\":\"1.5 计算机网络的性能指标（1）\",\"chapterId\":16,\"chapterTitle\":\"1.5 计算机网络的性能指标（1）\",\"courseId\":3,\"createdAt\":\"2024-11-04\",\"params\":{},\"position\":\"5\",\"updatedAt\":\"2024-11-04\",\"videoUrl\":\"http://s-bj-11294-hgu-zxxx.oss.dogecdn.com/jw1.5%20%E8%AE%A1%E7%AE%97%E6%9C%BA%E7%BD%91%E7%BB%9C%E7%9A%84%E6%80%A7%E8%83%BD%E6%8C%87%E6%A0%87%EF%BC%881%EF%BC%89.mp4\"}', '{\"msg\":\"操作成功\",\"code\":200}', 0, NULL, '2024-11-04 14:51:40', 7);
INSERT INTO `sys_oper_log` VALUES (325, 'course_chapters', 1, 'site.hgu7.core.course.controller.CourseChaptersController.add()', 'POST', 1, 'admin', '研发部门', '/course/chapters', '222.223.243.26', 'XX XX', '{\"chapterDescription\":\"1.5 计算机网络的性能指标（2）\",\"chapterId\":17,\"chapterTitle\":\"1.5 计算机网络的性能指标（2）\",\"courseId\":3,\"params\":{},\"position\":\"6\",\"videoUrl\":\"http://s-bj-11294-hgu-zxxx.oss.dogecdn.com/jw1.5%20%E8%AE%A1%E7%AE%97%E6%9C%BA%E7%BD%91%E7%BB%9C%E7%9A%84%E6%80%A7%E8%83%BD%E6%8C%87%E6%A0%87%EF%BC%882%EF%BC%89.mp4\"}', '{\"msg\":\"操作成功\",\"code\":200}', 0, NULL, '2024-11-04 14:51:54', 7);
INSERT INTO `sys_oper_log` VALUES (326, 'course_chapters', 1, 'site.hgu7.core.course.controller.CourseChaptersController.add()', 'POST', 1, 'admin', '研发部门', '/course/chapters', '222.223.243.26', 'XX XX', '{\"chapterDescription\":\"1.6 计算机网络体系结构（1）—常见的计算机网络体系结构\",\"chapterId\":18,\"chapterTitle\":\"1.6 计算机网络体系结构（1）—常见的计算机网络体系结构\",\"courseId\":3,\"params\":{},\"position\":\"7\",\"videoUrl\":\"http://s-bj-11294-hgu-zxxx.oss.dogecdn.com/jw1.6%20%E8%AE%A1%E7%AE%97%E6%9C%BA%E7%BD%91%E7%BB%9C%E4%BD%93%E7%B3%BB%E7%BB%93%E6%9E%84%EF%BC%881%EF%BC%89%E2%80%94%E5%B8%B8%E8%A7%81%E7%9A%84%E8%AE%A1%E7%AE%97%E6%9C%BA%E7%BD%91%E7%BB%9C%E4%BD%93%E7%B3%BB%E7%BB%93%E6%9E%84.mp4\"}', '{\"msg\":\"操作成功\",\"code\":200}', 0, NULL, '2024-11-04 14:52:09', 16);
INSERT INTO `sys_oper_log` VALUES (327, 'course_chapters', 1, 'site.hgu7.core.course.controller.CourseChaptersController.add()', 'POST', 1, 'admin', '研发部门', '/course/chapters', '222.223.243.26', 'XX XX', '{\"chapterDescription\":\"1.0_开篇_数据结构在学什么\",\"chapterId\":19,\"chapterTitle\":\"1.0_开篇_数据结构在学什么\",\"courseId\":4,\"params\":{},\"position\":\"1\",\"videoUrl\":\"http://s-bj-11294-hgu-zxxx.oss.dogecdn.com/sj1.0_%E5%BC%80%E7%AF%87_%E6%95%B0%E6%8D%AE%E7%BB%93%E6%9E%84%E5%9C%A8%E5%AD%A6%E4%BB%80%E4%B9%88.mp4\"}', '{\"msg\":\"操作成功\",\"code\":200}', 0, NULL, '2024-11-04 14:52:48', 7);
INSERT INTO `sys_oper_log` VALUES (328, 'course_chapters', 1, 'site.hgu7.core.course.controller.CourseChaptersController.add()', 'POST', 1, 'admin', '研发部门', '/course/chapters', '222.223.243.26', 'XX XX', '{\"chapterDescription\":\"1.1_1_数据结构的基本概念\",\"chapterId\":20,\"chapterTitle\":\"1.1_1_数据结构的基本概念\",\"courseId\":4,\"params\":{},\"position\":\"2\",\"videoUrl\":\"http://s-bj-11294-hgu-zxxx.oss.dogecdn.com/sj1.1_1_%E6%95%B0%E6%8D%AE%E7%BB%93%E6%9E%84%E7%9A%84%E5%9F%BA%E6%9C%AC%E6%A6%82%E5%BF%B5.mp4\"}', '{\"msg\":\"操作成功\",\"code\":200}', 0, NULL, '2024-11-04 14:53:05', 5);
INSERT INTO `sys_oper_log` VALUES (329, 'course_chapters', 1, 'site.hgu7.core.course.controller.CourseChaptersController.add()', 'POST', 1, 'admin', '研发部门', '/course/chapters', '222.223.243.26', 'XX XX', '{\"chapterDescription\":\"1.1_2算法的基本概念\",\"chapterId\":21,\"chapterTitle\":\"1.1_2算法的基本概念\",\"courseId\":4,\"params\":{},\"position\":\"3\",\"videoUrl\":\"http://s-bj-11294-hgu-zxxx.oss.dogecdn.com/sj1.1_2%E7%AE%97%E6%B3%95%E7%9A%84%E5%9F%BA%E6%9C%AC%E6%A6%82%E5%BF%B5.mp4\"}', '{\"msg\":\"操作成功\",\"code\":200}', 0, NULL, '2024-11-04 14:53:19', 4);
INSERT INTO `sys_oper_log` VALUES (330, 'course_chapters', 1, 'site.hgu7.core.course.controller.CourseChaptersController.add()', 'POST', 1, 'admin', '研发部门', '/course/chapters', '222.223.243.26', 'XX XX', '{\"chapterDescription\":\"1.2_2_算法的时间复杂度\",\"chapterId\":22,\"chapterTitle\":\"1.2_2_算法的时间复杂度\",\"courseId\":4,\"params\":{},\"position\":\"3\",\"videoUrl\":\"http://s-bj-11294-hgu-zxxx.oss.dogecdn.com/sj1.2_2_%E7%AE%97%E6%B3%95%E7%9A%84%E6%97%B6%E9%97%B4%E5%A4%8D%E6%9D%82%E5%BA%A6.mp4\"}', '{\"msg\":\"操作成功\",\"code\":200}', 0, NULL, '2024-11-04 14:53:44', 6);
INSERT INTO `sys_oper_log` VALUES (331, 'course_chapters', 2, 'site.hgu7.core.course.controller.CourseChaptersController.edit()', 'PUT', 1, 'admin', '研发部门', '/course/chapters', '222.223.243.26', 'XX XX', '{\"chapterDescription\":\"1.2_2_算法的时间复杂度\",\"chapterId\":22,\"chapterTitle\":\"1.2_2_算法的时间复杂度\",\"courseId\":4,\"createdAt\":\"2024-11-04\",\"params\":{},\"position\":\"4\",\"updatedAt\":\"2024-11-04\",\"videoUrl\":\"http://s-bj-11294-hgu-zxxx.oss.dogecdn.com/sj1.2_2_%E7%AE%97%E6%B3%95%E7%9A%84%E6%97%B6%E9%97%B4%E5%A4%8D%E6%9D%82%E5%BA%A6.mp4\"}', '{\"msg\":\"操作成功\",\"code\":200}', 0, NULL, '2024-11-04 14:53:53', 8);
INSERT INTO `sys_oper_log` VALUES (332, 'course_chapters', 1, 'site.hgu7.core.course.controller.CourseChaptersController.add()', 'POST', 1, 'admin', '研发部门', '/course/chapters', '222.223.243.26', 'XX XX', '{\"chapterId\":23,\"courseId\":4,\"params\":{},\"position\":\"5\"}', '{\"msg\":\"操作成功\",\"code\":200}', 0, NULL, '2024-11-04 14:54:02', 5);
INSERT INTO `sys_oper_log` VALUES (333, 'course_chapters', 2, 'site.hgu7.core.course.controller.CourseChaptersController.edit()', 'PUT', 1, 'admin', '研发部门', '/course/chapters', '222.223.243.26', 'XX XX', '{\"chapterDescription\":\"1.2_3_算法的空间复杂度\",\"chapterId\":23,\"chapterTitle\":\"1.2_3_算法的空间复杂度\",\"courseId\":4,\"createdAt\":\"2024-11-04\",\"params\":{},\"position\":\"5\",\"updatedAt\":\"2024-11-04\",\"videoUrl\":\"http://s-bj-11294-hgu-zxxx.oss.dogecdn.com/sj1.2_3_%E7%AE%97%E6%B3%95%E7%9A%84%E7%A9%BA%E9%97%B4%E5%A4%8D%E6%9D%82%E5%BA%A6.mp4\"}', '{\"msg\":\"操作成功\",\"code\":200}', 0, NULL, '2024-11-04 14:54:17', 8);
INSERT INTO `sys_oper_log` VALUES (334, 'course_chapters', 1, 'site.hgu7.core.course.controller.CourseChaptersController.add()', 'POST', 1, 'admin', '研发部门', '/course/chapters', '222.223.243.26', 'XX XX', '{\"chapterDescription\":\"1.1_计算机的发展\",\"chapterId\":24,\"chapterTitle\":\"1.1_计算机的发展\",\"courseId\":5,\"params\":{},\"position\":\"1\",\"videoUrl\":\"http://s-bj-11294-hgu-zxxx.oss.dogecdn.com/zy1.1_%E8%AE%A1%E7%AE%97%E6%9C%BA%E7%9A%84%E5%8F%91%E5%B1%95.mp4\"}', '{\"msg\":\"操作成功\",\"code\":200}', 0, NULL, '2024-11-04 14:54:44', 5);
INSERT INTO `sys_oper_log` VALUES (335, 'course_chapters', 1, 'site.hgu7.core.course.controller.CourseChaptersController.add()', 'POST', 1, 'admin', '研发部门', '/course/chapters', '222.223.243.26', 'XX XX', '{\"chapterDescription\":\"1.2_1_计算机硬件的基本组成\",\"chapterId\":25,\"chapterTitle\":\"1.2_1_计算机硬件的基本组成\",\"courseId\":5,\"params\":{},\"position\":\"2\",\"videoUrl\":\"http://s-bj-11294-hgu-zxxx.oss.dogecdn.com/zy1.2_1_%E8%AE%A1%E7%AE%97%E6%9C%BA%E7%A1%AC%E4%BB%B6%E7%9A%84%E5%9F%BA%E6%9C%AC%E7%BB%84%E6%88%90.mp4\"}', '{\"msg\":\"操作成功\",\"code\":200}', 0, NULL, '2024-11-04 14:55:01', 4);
INSERT INTO `sys_oper_log` VALUES (336, 'course_chapters', 1, 'site.hgu7.core.course.controller.CourseChaptersController.add()', 'POST', 1, 'admin', '研发部门', '/course/chapters', '222.223.243.26', 'XX XX', '{\"chapterDescription\":\"1.2_2_各个硬件的工作原理\",\"chapterId\":26,\"chapterTitle\":\"1.2_2_各个硬件的工作原理\",\"courseId\":5,\"params\":{},\"position\":\"3\",\"videoUrl\":\"http://s-bj-11294-hgu-zxxx.oss.dogecdn.com/zy1.2_2_%E5%90%84%E4%B8%AA%E7%A1%AC%E4%BB%B6%E7%9A%84%E5%B7%A5%E4%BD%9C%E5%8E%9F%E7%90%86.mp4\"}', '{\"msg\":\"操作成功\",\"code\":200}', 0, NULL, '2024-11-04 14:55:33', 8);
INSERT INTO `sys_oper_log` VALUES (337, 'course_chapters', 1, 'site.hgu7.core.course.controller.CourseChaptersController.add()', 'POST', 1, 'admin', '研发部门', '/course/chapters', '222.223.243.26', 'XX XX', '{\"chapterDescription\":\"1.2_3_计算机系统的层次结构\",\"chapterId\":27,\"chapterTitle\":\"1.2_3_计算机系统的层次结构\",\"courseId\":5,\"params\":{},\"position\":\"4\",\"videoUrl\":\"http://s-bj-11294-hgu-zxxx.oss.dogecdn.com/zy1.2_3_%E8%AE%A1%E7%AE%97%E6%9C%BA%E7%B3%BB%E7%BB%9F%E7%9A%84%E5%B1%82%E6%AC%A1%E7%BB%93%E6%9E%84.mp4\"}', '{\"msg\":\"操作成功\",\"code\":200}', 0, NULL, '2024-11-04 14:55:48', 7);
INSERT INTO `sys_oper_log` VALUES (338, 'course_chapters', 1, 'site.hgu7.core.course.controller.CourseChaptersController.add()', 'POST', 1, 'admin', '研发部门', '/course/chapters', '222.223.243.26', 'XX XX', '{\"chapterDescription\":\"1.3_计算机的性能指标\",\"chapterId\":28,\"chapterTitle\":\"1.3_计算机的性能指标\",\"courseId\":5,\"params\":{},\"position\":\"5\",\"videoUrl\":\"http://s-bj-11294-hgu-zxxx.oss.dogecdn.com/zy1.3_%E8%AE%A1%E7%AE%97%E6%9C%BA%E7%9A%84%E6%80%A7%E8%83%BD%E6%8C%87%E6%A0%87.mp4\"}', '{\"msg\":\"操作成功\",\"code\":200}', 0, NULL, '2024-11-04 14:56:01', 5);
INSERT INTO `sys_oper_log` VALUES (339, 'course_chapters', 1, 'site.hgu7.core.course.controller.CourseChaptersController.add()', 'POST', 1, 'admin', '研发部门', '/course/chapters', '222.223.243.26', 'XX XX', '{\"chapterDescription\":\"1.1_1_操作系统的概念、功能\",\"chapterId\":29,\"chapterTitle\":\"1.1_1_操作系统的概念、功能\",\"courseId\":6,\"params\":{},\"position\":\"1\",\"videoUrl\":\"http://s-bj-11294-hgu-zxxx.oss.dogecdn.com/os1.1_1_%E6%93%8D%E4%BD%9C%E7%B3%BB%E7%BB%9F%E7%9A%84%E6%A6%82%E5%BF%B5%E3%80%81%E5%8A%9F%E8%83%BD.mp4\"}', '{\"msg\":\"操作成功\",\"code\":200}', 0, NULL, '2024-11-04 14:56:15', 4);
INSERT INTO `sys_oper_log` VALUES (340, 'course_chapters', 1, 'site.hgu7.core.course.controller.CourseChaptersController.add()', 'POST', 1, 'admin', '研发部门', '/course/chapters', '222.223.243.26', 'XX XX', '{\"chapterDescription\":\"1.2_操作系统的发展与分类\",\"chapterId\":30,\"chapterTitle\":\"1.2_操作系统的发展与分类\",\"courseId\":6,\"params\":{},\"position\":\"2\",\"videoUrl\":\"http://s-bj-11294-hgu-zxxx.oss.dogecdn.com/os1.2_%E6%93%8D%E4%BD%9C%E7%B3%BB%E7%BB%9F%E7%9A%84%E5%8F%91%E5%B1%95%E4%B8%8E%E5%88%86%E7%B1%BB.mp4\"}', '{\"msg\":\"操作成功\",\"code\":200}', 0, NULL, '2024-11-04 14:56:25', 5);
INSERT INTO `sys_oper_log` VALUES (341, 'course_chapters', 1, 'site.hgu7.core.course.controller.CourseChaptersController.add()', 'POST', 1, 'admin', '研发部门', '/course/chapters', '222.223.243.26', 'XX XX', '{\"chapterDescription\":\"1.3_1_操作系统的运行机制\",\"chapterId\":31,\"chapterTitle\":\"1.3_1_操作系统的运行机制\",\"courseId\":6,\"params\":{},\"position\":\"3\",\"videoUrl\":\"http://s-bj-11294-hgu-zxxx.oss.dogecdn.com/os1.3_1_%E6%93%8D%E4%BD%9C%E7%B3%BB%E7%BB%9F%E7%9A%84%E8%BF%90%E8%A1%8C%E6%9C%BA%E5%88%B6.mp4\"}', '{\"msg\":\"操作成功\",\"code\":200}', 0, NULL, '2024-11-04 14:56:38', 4);
INSERT INTO `sys_oper_log` VALUES (342, 'course_chapters', 1, 'site.hgu7.core.course.controller.CourseChaptersController.add()', 'POST', 1, 'admin', '研发部门', '/course/chapters', '222.223.243.26', 'XX XX', '{\"chapterDescription\":\"1.3_2_中断和异常\",\"chapterId\":32,\"chapterTitle\":\"1.3_2_中断和异常\",\"courseId\":6,\"params\":{},\"position\":\"3\",\"videoUrl\":\"http://s-bj-11294-hgu-zxxx.oss.dogecdn.com/os1.3_2_%E4%B8%AD%E6%96%AD%E5%92%8C%E5%BC%82%E5%B8%B8.mp4\"}', '{\"msg\":\"操作成功\",\"code\":200}', 0, NULL, '2024-11-04 14:57:29', 4);
INSERT INTO `sys_oper_log` VALUES (343, 'course_chapters', 2, 'site.hgu7.core.course.controller.CourseChaptersController.edit()', 'PUT', 1, 'admin', '研发部门', '/course/chapters', '222.223.243.26', 'XX XX', '{\"chapterDescription\":\"1.3_2_中断和异常\",\"chapterId\":32,\"chapterTitle\":\"1.3_2_中断和异常\",\"courseId\":6,\"createdAt\":\"2024-11-04\",\"params\":{},\"position\":\"4\",\"updatedAt\":\"2024-11-04\",\"videoUrl\":\"http://s-bj-11294-hgu-zxxx.oss.dogecdn.com/os1.3_2_%E4%B8%AD%E6%96%AD%E5%92%8C%E5%BC%82%E5%B8%B8.mp4\"}', '{\"msg\":\"操作成功\",\"code\":200}', 0, NULL, '2024-11-04 14:57:34', 9);
INSERT INTO `sys_oper_log` VALUES (344, 'course_chapters', 1, 'site.hgu7.core.course.controller.CourseChaptersController.add()', 'POST', 1, 'admin', '研发部门', '/course/chapters', '222.223.243.26', 'XX XX', '{\"chapterDescription\":\"1.3_3_系统调用\",\"chapterId\":33,\"chapterTitle\":\"1.3_3_系统调用\",\"courseId\":6,\"params\":{},\"position\":\"5\",\"videoUrl\":\"http://s-bj-11294-hgu-zxxx.oss.dogecdn.com/os1.3_3_%E7%B3%BB%E7%BB%9F%E8%B0%83%E7%94%A8.mp4\"}', '{\"msg\":\"操作成功\",\"code\":200}', 0, NULL, '2024-11-04 14:57:51', 4);
INSERT INTO `sys_oper_log` VALUES (345, 'course_chapters', 1, 'site.hgu7.core.course.controller.CourseChaptersController.add()', 'POST', 1, 'admin', '研发部门', '/course/chapters', '222.223.243.26', 'XX XX', '{\"chapterDescription\":\"1.4_1_操作系统体系结构（上）\",\"chapterId\":34,\"chapterTitle\":\"1.4_1_操作系统体系结构（上）\",\"courseId\":6,\"params\":{},\"position\":\"6\",\"videoUrl\":\"http://s-bj-11294-hgu-zxxx.oss.dogecdn.com/os1.4_1_%E6%93%8D%E4%BD%9C%E7%B3%BB%E7%BB%9F%E4%BD%93%E7%B3%BB%E7%BB%93%E6%9E%84%EF%BC%88%E4%B8%8A%EF%BC%89.mp4\"}', '{\"msg\":\"操作成功\",\"code\":200}', 0, NULL, '2024-11-04 14:58:11', 8);
INSERT INTO `sys_oper_log` VALUES (346, 'course_chapters', 1, 'site.hgu7.core.course.controller.CourseChaptersController.add()', 'POST', 1, 'admin', '研发部门', '/course/chapters', '222.223.243.26', 'XX XX', '{\"chapterDescription\":\"1.4_2_操作系统体系结构（下）\",\"chapterId\":35,\"chapterTitle\":\"1.4_2_操作系统体系结构（下）\",\"courseId\":6,\"params\":{},\"position\":\"7\",\"videoUrl\":\"http://s-bj-11294-hgu-zxxx.oss.dogecdn.com/os1.4_2_%E6%93%8D%E4%BD%9C%E7%B3%BB%E7%BB%9F%E4%BD%93%E7%B3%BB%E7%BB%93%E6%9E%84%EF%BC%88%E4%B8%8B%EF%BC%89.mp4\"}', '{\"msg\":\"操作成功\",\"code\":200}', 0, NULL, '2024-11-04 14:58:26', 10);
INSERT INTO `sys_oper_log` VALUES (347, '个人信息', 2, 'site.hgu7.web.controller.system.SysProfileController.updateProfile()', 'PUT', 1, 'admin', '研发部门', '/system/user/profile', '222.223.243.26', 'XX XX', '{\"admin\":false,\"email\":\"铭铭永远爱佳怡🥰@163.com\",\"nickName\":\"何梓铭\",\"params\":{},\"phonenumber\":\"15888888888\",\"sex\":\"0\"}', '{\"msg\":\"操作成功\",\"code\":200}', 0, NULL, '2024-11-04 15:19:01', 16);
INSERT INTO `sys_oper_log` VALUES (348, '个人信息', 2, 'site.hgu7.web.controller.system.SysProfileController.updateProfile()', 'PUT', 1, 'admin', '研发部门', '/system/user/profile', '222.223.243.26', 'XX XX', '{\"admin\":false,\"email\":\"铭铭永远爱佳怡🥰@163.com\",\"nickName\":\"何梓铭\",\"params\":{},\"phonenumber\":\"15888888888\",\"sex\":\"0\"}', '{\"msg\":\"操作成功\",\"code\":200}', 0, NULL, '2024-11-04 15:23:24', 144);
INSERT INTO `sys_oper_log` VALUES (349, '通知公告', 3, 'site.hgu7.web.controller.system.SysNoticeController.remove()', 'DELETE', 1, 'admin', '研发部门', '/system/notice/18,19,20,21,23,22,24,25,27,26', '222.223.243.26', 'XX XX', '[18,19,20,21,23,22,24,25,27,26]', '{\"msg\":\"操作成功\",\"code\":200}', 0, NULL, '2024-11-04 16:28:56', 558);
INSERT INTO `sys_oper_log` VALUES (350, '通知公告', 3, 'site.hgu7.web.controller.system.SysNoticeController.remove()', 'DELETE', 1, 'admin', '研发部门', '/system/notice/28,29,30,31,32', '222.223.243.26', 'XX XX', '[28,29,30,31,32]', '{\"msg\":\"操作成功\",\"code\":200}', 0, NULL, '2024-11-04 16:28:58', 7);
INSERT INTO `sys_oper_log` VALUES (351, '通知公告', 2, 'site.hgu7.web.controller.system.SysNoticeController.edit()', 'PUT', 1, 'admin', '研发部门', '/system/notice', '222.223.243.26', 'XX XX', '{\"createBy\":\"admin\",\"createTime\":\"2024-10-22 15:18:06\",\"noticeContent\":\"<p class=\\\"ql-align-justify\\\"><strong>校属各单位：</strong></p><p class=\\\"ql-align-justify\\\">\\t现将2024年国庆节放假的有关事项通知如下：</p><p class=\\\"ql-align-justify\\\">\\t一、全校师生9月29日（星期日）--10月6日（星期日）放假调休八天。</p><p class=\\\"ql-align-justify\\\">\\t二、10月7日（星期一）开始按校历安排正常上班上课。节后作息时间保持不变。9月21日（星期六）参照第三周周二的课程安排，9月28日（星期六）参照第五周周三的课程安排。</p><p class=\\\"ql-align-justify\\\">\\t三、放假期间各校区、各单位要落实好安全工作责任制，加强节日期间安全巡查力度，做好校园各重点区域安全隐患排查整治工作。</p><p class=\\\"ql-align-justify\\\">\\t四、各单位要安排好值班人员，认真做好放假期间的值班工作。严格落实值班值守各项规定要求，值班人员要24 小时坚守岗位，切实做好联络协调、紧急突发事件和重要舆情信息报告等工作；要坚决杜绝带班领导未在岗带班、值班员脱岗、随意替岗、值班电话无人接听等问题。值班电话应为固定座机电话，不得呼叫转移至手机。保证联络畅通，并于9月25日前将本单位值班人员的名单及联系电话通过电子邮件方式报党委办公室（校长办公室）综合科。邮箱地址为：Lbzhk@hgu.edu.cn。</p><p class=\\\"ql-align-justify\\\">\\t五、学校节假日期间安排总值班：每日8:00—次日8:00值班在主楼三楼总值班室（主楼三楼327室），值班电话为87208004；新校区值班在2号学院楼A座408，值班电话为87207006；安全工作处每日8:00—次日8:00值班在保卫处值班室（主楼146室），值班电话为87208110。如遇有重大（突发、紧急）事项要及时向校领导和学校总值班室请示报告、做到高效有序处置。</p><p class=\\\"ql-align-justify\\\">\\t</p><p class=\\\"ql-align-right\\\">\\t党委办公室(校长办公室)</p><p class=\\\"ql-align-right\\\">2024年9月21日</p><p><br></p>\",\"noticeId\":2,\"noticeTitle\":\"河北地质大学2024年国庆节放假通知\",\"noticeType\":\"2\",\"params\":{},\"remark\":\"管理员\",\"status\":\"0\",\"updateBy\":\"admin\"}', '{\"msg\":\"操作成功\",\"code\":200}', 0, NULL, '2024-11-04 16:29:56', 389);
INSERT INTO `sys_oper_log` VALUES (352, '通知公告', 2, 'site.hgu7.web.controller.system.SysNoticeController.edit()', 'PUT', 1, 'admin', '研发部门', '/system/notice', '222.223.243.26', 'XX XX', '{\"createBy\":\"admin\",\"createTime\":\"2024-10-22 15:18:06\",\"noticeContent\":\"<p class=\\\"ql-align-justify\\\"><strong>校属各单位：</strong></p><p class=\\\"ql-align-justify\\\">\\t现将2024年国庆节放假的有关事项通知如下：</p><p class=\\\"ql-align-justify\\\">\\t一、全校师生9月29日（星期日）--10月6日（星期日）放假调休八天。</p><p class=\\\"ql-align-justify\\\">\\t二、10月7日（星期一）开始按校历安排正常上班上课。节后作息时间保持不变。9月21日（星期六）参照第三周周二的课程安排，9月28日（星期六）参照第五周周三的课程安排。</p><p class=\\\"ql-align-justify\\\">\\t三、放假期间各校区、各单位要落实好安全工作责任制，加强节日期间安全巡查力度，做好校园各重点区域安全隐患排查整治工作。</p><p class=\\\"ql-align-justify\\\">\\t四、各单位要安排好值班人员，认真做好放假期间的值班工作。严格落实值班值守各项规定要求，值班人员要24 小时坚守岗位，切实做好联络协调、紧急突发事件和重要舆情信息报告等工作；要坚决杜绝带班领导未在岗带班、值班员脱岗、随意替岗、值班电话无人接听等问题。值班电话应为固定座机电话，不得呼叫转移至手机。保证联络畅通，并于9月25日前将本单位值班人员的名单及联系电话通过电子邮件方式报党委办公室（校长办公室）综合科。邮箱地址为：Lbzhk@hgu.edu.cn。</p><p class=\\\"ql-align-justify\\\">\\t五、学校节假日期间安排总值班：每日8:00—次日8:00值班在主楼三楼总值班室（主楼三楼327室），值班电话为87208004；新校区值班在2号学院楼A座408，值班电话为87207006；安全工作处每日8:00—次日8:00值班在保卫处值班室（主楼146室），值班电话为87208110。如遇有重大（突发、紧急）事项要及时向校领导和学校总值班室请示报告、做到高效有序处置。</p><p class=\\\"ql-align-justify\\\">\\t</p><p class=\\\"ql-align-right\\\">\\t党委办公室(校长办公室)</p><p class=\\\"ql-align-right\\\">2024年9月21日</p><p><br></p>\",\"noticeId\":2,\"noticeTitle\":\"河北地质大学2024年国庆节放假通知\",\"noticeType\":\"2\",\"params\":{},\"remark\":\"管理员\",\"status\":\"0\",\"updateBy\":\"admin\"}', '{\"msg\":\"操作成功\",\"code\":200}', 0, NULL, '2024-11-04 16:29:56', 389);
INSERT INTO `sys_oper_log` VALUES (353, '通知公告', 2, 'site.hgu7.web.controller.system.SysNoticeController.edit()', 'PUT', 1, 'admin', '研发部门', '/system/notice', '222.223.243.26', 'XX XX', '{\"createBy\":\"admin\",\"createTime\":\"2024-10-31 19:34:49\",\"noticeContent\":\"<p>\\t<span style=\\\"color: rgb(121, 117, 117);\\\">2024年中秋、国庆佳节将至，为锲而不舍落实中央八项规定及其实施细则精神，持之以恒纠“四风”树新风，各级党组织、各单位要切实增强“四个意识”，提高政治站位，认真履行主体责任，以“节点”为“考点”，不断巩固党纪学习教育成果，督促党员干部和师生员工绷紧廉洁自律之弦，自觉抵制违规吃喝行为，坚决做到“十个不准”，共同营造崇廉尚俭、风清气正的校园政治生态和良好育人环境。</span></p>\",\"noticeId\":10,\"noticeTitle\":\"关于进一步严明中秋、国庆节日期间纪律要求的工作提示（纪发〔2024〕10号）\",\"noticeType\":\"1\",\"params\":{},\"status\":\"0\",\"updateBy\":\"admin\",\"updateTime\":\"2024-10-31 19:34:49\"}', '{\"msg\":\"操作成功\",\"code\":200}', 0, NULL, '2024-11-04 16:31:12', 10);
INSERT INTO `sys_oper_log` VALUES (354, '通知公告', 2, 'site.hgu7.web.controller.system.SysNoticeController.edit()', 'PUT', 1, 'admin', '研发部门', '/system/notice', '222.223.243.26', 'XX XX', '{\"createBy\":\"admin\",\"createTime\":\"2024-10-31 19:35:26\",\"noticeContent\":\"<p class=\\\"ql-align-justify\\\"><strong>校属各单位：</strong></p><p class=\\\"ql-align-justify\\\">\\t现将2024年中秋节放假的有关事项通知如下：</p><p class=\\\"ql-align-justify\\\">\\t一、全校师生9月15日（星期日）--9月17日（星期二）放假调休三天。9月14日（星期六）参照9月16日（星期一）的课程安排。</p><p class=\\\"ql-align-justify\\\">\\t二、放假期间各校区、各单位要落实好安全工作责任制，加强节日期间安全巡查力度，做好校园各重点区域安全隐患排查整治工作。</p><p class=\\\"ql-align-justify\\\">\\t三、各单位要安排好值班人员，认真做好放假期间的值班工作。严格落实值班值守各项规定要求，值班人员要24 小时坚守岗位，切实做好联络协调、紧急突发事件和重要舆情信息报告等工作；要坚决杜绝带班领导未在岗带班、值班员脱岗、随意替岗、值班电话无人接听等问题。值班电话应为固定座机电话，不得呼叫转移至手机。保证联络畅通，并于9月12日前将本单位值班人员的名单及联系电话通过电子邮件方式报党委办公室（校长办公室）综合科。邮箱地址为：<a href=\\\"mailto:Lbzhk@hgu.edu.cn\\\" rel=\\\"noopener noreferrer\\\" target=\\\"_blank\\\" style=\\\"color: rgb(30, 80, 162);\\\">Lbzhk@hgu.edu.cn</a>。</p><p class=\\\"ql-align-justify\\\">\\t四、学校节假日期间安排总值班：每日8:00—次日8:00值班在主楼三楼总值班室（主楼三楼327室），值班电话为87208004；安全工作处每日 8:00—次日8:00值班在保卫处值班室（主楼146室），值班电话为87208110。如遇有重大（突发、紧急）事项要及时向校领导和学校总值班室请示报告、做到高效有序处置。</p><p class=\\\"ql-align-justify\\\">\\t</p><p class=\\\"ql-align-right\\\">\\t党委办公室（校长办公室）</p><p class=\\\"ql-align-right\\\">2024年9月11日</p><p><br></p>\",\"noticeId\":11,\"noticeTitle\":\"河北地质大学2024年中秋节放假通知\",\"noticeType\":\"2\",\"notice_courseId\":1,\"params\":{},\"status\":\"0\",\"updateBy\":\"admin\",\"updateTime\":\"2024-10-31 19:35:26\"}', '{\"msg\":\"操作成功\",\"code\":200}', 0, NULL, '2024-11-04 16:31:36', 8);
INSERT INTO `sys_oper_log` VALUES (355, '通知公告', 2, 'site.hgu7.web.controller.system.SysNoticeController.edit()', 'PUT', 1, 'admin', '研发部门', '/system/notice', '222.223.243.26', 'XX XX', '{\"createBy\":\"admin\",\"createTime\":\"2024-10-22 15:18:06\",\"noticeContent\":\"<p class=\\\"ql-align-justify\\\"><strong>全校师生：</strong></p><p class=\\\"ql-align-justify\\\">\\t根据《中华人民共和国网络安全法》、《中华人民共和国数据安全法》、《中华人民共和国个人信息保护法》等法律法规和政策文件要求，严格落实互联网访问实名认证制度，规范外来访客网络访问管理，实行智慧地大准入统一身份认证制度，切实维护校园安全稳定，进一步规范网络秩序，净化校园网络生态环境，加强校内网络安全管理及师生个人信息安全，现就加强校园网络账号管理相关事宜通知如下：</p><p class=\\\"ql-align-justify\\\">\\t一、学校所有信息系统（邮件系统除外）必须采用以工号或学号为用户名的统一管理，不以工号或学号为用户名的信息系统于9月1日前完成整改，严格执行“一人一号、专人专用、谁使用谁负责”的原则。</p><p class=\\\"ql-align-justify\\\">\\t二、严禁将个人网络账号转借他人使用，严禁冒用、盗用他人账号。系统将对相关转借、冒用、盗用情形自动做出限制入网等处理，并对相关人员按照规定进行相应处理。由此产生信息泄露、挂马、数字资产损失等网络信息安全事件的相关法律责任由个人承担。</p><p class=\\\"ql-align-justify\\\">\\t三、定期更改个人密码并妥善保管。各信息系统务必启用强密码策略（建议8位以上，包含数字、大小写字母、特殊字符等组合），避免弱口令被恶意破解，造成信息泄露等财产损失及相关法律风险。</p><p class=\\\"ql-align-justify\\\">\\t</p><p class=\\\"ql-align-right\\\">\\t河北地质大学信息中心</p><p class=\\\"ql-align-right\\\">2024年7月30日</p><p><br></p>\",\"noticeId\":12,\"noticeTitle\":\"关于加强校园网络账号管理的通知\",\"noticeType\":\"2\",\"params\":{},\"remark\":\"管理员\",\"status\":\"0\",\"updateBy\":\"admin\"}', '{\"msg\":\"操作成功\",\"code\":200}', 0, NULL, '2024-11-04 16:32:01', 10);
INSERT INTO `sys_oper_log` VALUES (356, '通知公告', 2, 'site.hgu7.web.controller.system.SysNoticeController.edit()', 'PUT', 1, 'admin', '研发部门', '/system/notice', '222.223.243.26', 'XX XX', '{\"createBy\":\"admin\",\"createTime\":\"2024-10-22 15:18:06\",\"noticeContent\":\"<p class=\\\"ql-align-justify\\\">\\t为深入贯彻落实习近平总书记关于教育的重要论述和关于语言文化工作的重要指示批示精神，积极推进中华优秀语言文化传承发展，提升新时代大学生语言文化素养与应用能力，打造大学生原创语言艺术精品，省教育厅决定举办第七届“新声”大学生语言文化艺术节，根据我校实际，制定本方案。</p><p class=\\\"ql-align-justify\\\">\\t<strong>一、活动主题</strong></p><p class=\\\"ql-align-justify\\\">\\t奏响青春之歌，共谱时代华章。</p><p class=\\\"ql-align-justify\\\">\\t<strong>二、承办单位</strong></p><p class=\\\"ql-align-justify\\\">\\t河北地质大学艺术学院</p><p class=\\\"ql-align-justify\\\">\\t<strong>三、活动对象</strong></p><p class=\\\"ql-align-justify\\\">\\t参赛选手须为河北地质大学正式注册的在校学生（包括本科生、研究生等）；每位选手参赛作品不得多于两个，且组合形式（合诵、独诵等）不能相同；每部作品的参赛人数不得超过6人，指导教师不超过2人。报名采用实名制，凭有效身份证明及学籍证明报名参赛，并填写真实有效的联系方式。</p><p class=\\\"ql-align-justify\\\">\\t<strong>四、作品要求</strong></p><p class=\\\"ql-align-justify\\\">\\t（一）内容要求</p><p class=\\\"ql-align-justify\\\">\\t参赛作品内容要弘扬社会主义核心价值观，符合本届“新声”大赛主题，内容积极向上，展现当代大学生良好的精神风貌和专业素养。参赛作品不得含有色情、暴力、反动或有悖社会主义核心价值观的内容，不得与国家法律、法规相抵触，不涉及著作权、版权、肖像权、名誉权、隐私权等相关法律纠纷。作品应体现“新声”特色，为“原创”或“改编”（影视剧或文学作品在舞台朗诵艺术形式上创新）作品，经典作品诵读不在参选之列。在参赛期间原则上不得更换作品。</p><p class=\\\"ql-align-justify\\\">\\t（二）形式要求</p><p class=\\\"ql-align-justify\\\">\\t参赛作品要求为2024年新创作录制的视频,高清1920*1080横屏拍摄,格式为MP4,时长不得超过7分钟，图像、声音清晰,不抖动、无噪音。视频作品必须同期录音,不得后期配音。视频文字建议使用方正字库字体或其他有版权的字体,视频中不得使用未经肖像权人同意的肖像,不得使用未经授权的图片、视频和音频,不得出现与大赛无关的条幅、角标等。</p><p class=\\\"ql-align-justify\\\">\\t（三）其他要求</p><p class=\\\"ql-align-justify\\\">\\t视频作品片头要求规范填写作品名称、参赛者姓名、指导老师姓名、学院名称。作品上传时间截止后,相关信息不得更改。</p><p class=\\\"ql-align-justify\\\">\\t<strong>五、报名要求</strong></p><p class=\\\"ql-align-justify\\\">\\t各参赛选手以所在学院为单位提交一个百度云盘文件夹，文件夹请注明学院名称、作品数量。请将百度云文件夹链接发送至承办单位工作邮箱：ysysxy@vip.163.com 。文件夹内以作品为单位创建子文件夹，每个子文件夹名称为“作品名称XXX，XXX学院”，文件夹内需包括：①参赛作品视频（名称与文件夹名称相同）；②200字以内作品介绍；③作品完整文本；④第七届“新声”大学生语言文化艺术节报名信息表（见附件）。</p><p class=\\\"ql-align-justify\\\">\\t<strong>六、时间安排</strong></p><p class=\\\"ql-align-justify\\\">\\t（一）作品报送时间：2024年7月25日前。</p><p class=\\\"ql-align-justify\\\">\\t（二）评选时间：2024年7月26日至30日。以视频评审方式进行初赛。组织评委从报送作品中评选出优秀作品，统一推荐入围省级大赛作品。</p><p class=\\\"ql-align-justify\\\">\\t<strong>七、奖项设置</strong></p><p class=\\\"ql-align-j', '{\"msg\":\"操作成功\",\"code\":200}', 0, NULL, '2024-11-04 16:32:29', 10);
INSERT INTO `sys_oper_log` VALUES (357, '通知公告', 2, 'site.hgu7.web.controller.system.SysNoticeController.edit()', 'PUT', 1, 'admin', '研发部门', '/system/notice', '222.223.243.26', 'XX XX', '{\"createBy\":\"admin\",\"createTime\":\"2024-10-31 19:34:49\",\"noticeContent\":\"<p class=\\\"ql-align-justify\\\">\\t一、项目基本情况</p><p class=\\\"ql-align-justify\\\">\\t采购编号：无</p><p class=\\\"ql-align-justify\\\">\\t项目名称：河北地质大学老校区四季风光纪录片等视频拍摄制作项目</p><p class=\\\"ql-align-justify\\\">\\t采购方式：询价</p><p class=\\\"ql-align-justify\\\">\\t项目实施地点：采购人指定地点</p><p class=\\\"ql-align-justify\\\">\\t采购时间：2024年6月；</p><p class=\\\"ql-align-justify\\\">\\t二、供应商的资格要求：</p><p class=\\\"ql-align-justify\\\">\\t1.满足《中华人民共和国政府采购法》第二十二条规定</p><p class=\\\"ql-align-justify\\\">\\t2.落实政府采购政策需满足的资格要求：无</p><p class=\\\"ql-align-justify\\\">\\t3.本项目的特定资格要求：广播电视经营许可证</p><p class=\\\"ql-align-justify\\\">\\t4.本项目不接受联合体</p><p class=\\\"ql-align-justify\\\">\\t三、获取采购文件</p><p class=\\\"ql-align-justify\\\">\\t时间：2024年06月26日至2023年6月28日，上午09时00分至12时00分，下午14时00分至17时00分，逾期将不予受理。</p><p class=\\\"ql-align-justify\\\">\\t获取方式：查验营业执照、广播电视节目经营许可证等证件有效合格后，现场发放询价文件。</p><p class=\\\"ql-align-justify\\\">\\t四、响应文件的递交</p><p class=\\\"ql-align-justify\\\">\\t响应文件递交截止和询价时间：时间：2024年07月01日至2023年07月02日，上午09时00分至11时00分，下午15时00分至17时00分。</p><p class=\\\"ql-align-justify\\\">\\t响应文件递交和询价地点：河北地质大学。</p><p class=\\\"ql-align-justify\\\">\\t五、开启</p><p class=\\\"ql-align-justify\\\">\\t时间：2023年07月03日10时00分（北京时间）</p><p class=\\\"ql-align-justify\\\">\\t地点：河北地质大学</p><p class=\\\"ql-align-justify\\\">\\t六、其他补充事宜</p><p class=\\\"ql-align-justify\\\">\\t无</p><p class=\\\"ql-align-justify\\\">\\t七、凡对本次采购提出询问，请按以下方式联系。</p><p class=\\\"ql-align-justify\\\">\\t采购人信息</p><p class=\\\"ql-align-justify\\\">\\t名 称：河北地质大学</p><p class=\\\"ql-align-justify\\\">\\t地 址：石家庄市槐安东路136号主楼230房间</p><p class=\\\"ql-align-justify\\\">\\t联系方式：电话：87207371 联系人：王老师</p><p class=\\\"ql-align-right\\\">\\t河北地质大学</p><p class=\\\"ql-align-right\\\">\\t2024年6月26日</p><p><br></p>\",\"noticeId\":14,\"noticeTitle\":\"河北地质大学老校区四季风光纪录片等视频拍摄制作项目询价公告\",\"noticeType\":\"2\",\"notice_courseId\":1,\"notice_user_type\":\" \",\"params\":{},\"status\":\"0\",\"updateBy\":\"admin\",\"updateTime\":\"2024-10-31 19:34:49\"}', '{\"msg\":\"操作成功\",\"code\":200}', 0, NULL, '2024-11-04 16:32:57', 13);
INSERT INTO `sys_oper_log` VALUES (358, '通知公告', 2, 'site.hgu7.web.controller.system.SysNoticeController.edit()', 'PUT', 1, 'admin', '研发部门', '/system/notice', '222.223.243.26', 'XX XX', '{\"createBy\":\"admin\",\"createTime\":\"2024-10-31 19:35:26\",\"noticeContent\":\"<p><strong class=\\\"ql-size-large\\\">数据结构</strong><span class=\\\"ql-size-large\\\">可以开始</span><u class=\\\"ql-size-large\\\">在线学习</u></p>\",\"noticeId\":15,\"noticeTitle\":\"【数据结构】课程可以开始在线学习\",\"noticeType\":\"2\",\"notice_courseId\":4,\"notice_user_type\":\"101\",\"params\":{},\"status\":\"0\",\"updateBy\":\"admin\",\"updateTime\":\"2024-10-31 19:35:26\"}', '{\"msg\":\"操作成功\",\"code\":200}', 0, NULL, '2024-11-04 16:34:05', 11);
INSERT INTO `sys_oper_log` VALUES (359, '通知公告', 2, 'site.hgu7.web.controller.system.SysNoticeController.edit()', 'PUT', 1, 'admin', '研发部门', '/system/notice', '222.223.243.26', 'XX XX', '{\"createBy\":\"admin\",\"createTime\":\"2024-10-22 15:18:06\",\"noticeContent\":\"<p><span class=\\\"ql-size-large\\\">【</span><strong class=\\\"ql-size-large\\\">高等数学</strong><span class=\\\"ql-size-large\\\">】课程可以开始</span><span class=\\\"ql-size-large\\\" style=\\\"color: rgb(102, 185, 102);\\\">在线学习</span></p>\",\"noticeId\":16,\"noticeTitle\":\"【高等数学】课程可以开始在线学习\",\"noticeType\":\"2\",\"notice_courseId\":2,\"notice_user_type\":\"101\",\"params\":{},\"remark\":\"管理员\",\"status\":\"0\",\"updateBy\":\"admin\"}', '{\"msg\":\"操作成功\",\"code\":200}', 0, NULL, '2024-11-04 16:34:34', 9);
INSERT INTO `sys_oper_log` VALUES (360, '通知公告', 2, 'site.hgu7.web.controller.system.SysNoticeController.edit()', 'PUT', 1, 'admin', '研发部门', '/system/notice', '222.223.243.26', 'XX XX', '{\"createBy\":\"admin\",\"createTime\":\"2024-10-22 15:18:06\",\"noticeContent\":\"<p><span class=\\\"ql-size-huge\\\">【</span><span class=\\\"ql-size-huge\\\" style=\\\"color: rgb(0, 102, 204);\\\">线性代数</span><span class=\\\"ql-size-huge\\\">】课程可以开始在线学习</span></p>\",\"noticeId\":17,\"noticeTitle\":\"【线性代数】课程可以开始在线学习\",\"noticeType\":\"1\",\"notice_courseId\":1,\"params\":{},\"remark\":\"管理员\",\"status\":\"0\",\"updateBy\":\"admin\"}', '{\"msg\":\"操作成功\",\"code\":200}', 0, NULL, '2024-11-04 16:34:57', 6);
INSERT INTO `sys_oper_log` VALUES (361, '用户头像', 2, 'site.hgu7.web.controller.system.SysProfileController.avatar()', 'POST', 1, 'admin', '研发部门', '/system/user/profile/avatar', '222.223.243.26', 'XX XX', '', NULL, 1, 'D:\\ruoyi\\uploadPath\\avatar\\2024\\11\\04\\头像_20241104163904A002.jpg: 设备未就绪。', '2024-11-04 16:39:04', 15);
INSERT INTO `sys_oper_log` VALUES (362, '用户头像', 2, 'site.hgu7.web.controller.system.SysProfileController.avatar()', 'POST', 1, 'admin', '研发部门', '/system/user/profile/avatar', '222.223.243.26', 'XX XX', '', '{\"msg\":\"操作成功\",\"imgUrl\":\"/profile/avatar/2024/11/04/头像_20241104164231A001.jpg\",\"code\":200}', 0, NULL, '2024-11-04 16:42:31', 387);
INSERT INTO `sys_oper_log` VALUES (363, '个人信息', 2, 'site.hgu7.web.controller.system.SysProfileController.updateProfile()', 'PUT', 1, 'admin', '研发部门', '/system/user/profile', '222.223.243.26', 'XX XX', '{\"admin\":false,\"email\":\"铭铭永远喜欢佳怡🥰@163.com\",\"nickName\":\"何梓铭\",\"params\":{},\"phonenumber\":\"15888888888\",\"sex\":\"0\"}', '{\"msg\":\"操作成功\",\"code\":200}', 0, NULL, '2024-11-04 16:42:43', 31);
INSERT INTO `sys_oper_log` VALUES (364, '用户头像', 2, 'site.hgu7.web.controller.system.SysProfileController.avatar()', 'POST', 1, 'admin', '研发部门', '/system/user/profile/avatar', '222.223.243.26', 'XX XX', '', '{\"msg\":\"操作成功\",\"imgUrl\":\"/profile/avatar/2024/11/04/头像_20241104164322A002.jpg\",\"code\":200}', 0, NULL, '2024-11-04 16:43:22', 16);
INSERT INTO `sys_oper_log` VALUES (365, '通知公告', 2, 'site.hgu7.web.controller.system.SysNoticeController.edit()', 'PUT', 1, 'admin', '研发部门', '/system/notice', '222.223.243.26', 'XX XX', '{\"createBy\":\"admin\",\"createTime\":\"2024-11-04 16:29:55\",\"noticeContent\":\"<p class=\\\"ql-align-justify\\\"><strong class=\\\"ql-size-large\\\">校属各单位：</strong></p><p class=\\\"ql-align-justify\\\"><span class=\\\"ql-size-large\\\">\\t现将2024年国庆节放假的有关事项通知如下：</span></p><p class=\\\"ql-align-justify\\\"><span class=\\\"ql-size-large\\\">\\t一、全校师生</span><strong class=\\\"ql-size-large\\\">9月29日（星期日）--10月6日（星期日）</strong><span class=\\\"ql-size-large\\\">放假调休八天。</span></p><p class=\\\"ql-align-justify\\\"><span class=\\\"ql-size-large\\\">\\t二、</span><strong class=\\\"ql-size-large\\\" style=\\\"color: rgb(230, 0, 0);\\\">10月7日（星期一）</strong><span class=\\\"ql-size-large\\\">开始按校历安排正常上班上课。节后作息时间保持不变。</span><strong class=\\\"ql-size-large\\\" style=\\\"color: rgb(230, 0, 0);\\\">9月21日（星期六）参照第三周周二的课程安排，9月28日（星期六）参照第五周周三的课程安排。</strong></p><p class=\\\"ql-align-justify\\\"><span class=\\\"ql-size-large\\\">\\t三、放假期间各校区、各单位要落实好安全工作责任制，加强节日期间安全巡查力度，做好校园各重点区域安全隐患排查整治工作。</span></p><p class=\\\"ql-align-justify\\\"><span class=\\\"ql-size-large\\\">\\t四、各单位要安排好值班人员，认真做好放假期间的值班工作。严格落实值班值守各项规定要求，值班人员要24 小时坚守岗位，切实做好联络协调、紧急突发事件和重要舆情信息报告等工作；要坚决杜绝带班领导未在岗带班、值班员脱岗、随意替岗、值班电话无人接听等问题。值班电话应为固定座机电话，不得呼叫转移至手机。保证联络畅通，并于9月25日前将本单位值班人员的名单及联系电话通过电子邮件方式报党委办公室（校长办公室）综合科。邮箱地址为：Lbzhk@hgu.edu.cn。</span></p><p class=\\\"ql-align-justify\\\"><span class=\\\"ql-size-large\\\">\\t五、学校节假日期间安排总值班：每日8:00—次日8:00值班在主楼三楼总值班室（主楼三楼327室），值班电话为87208004；新校区值班在2号学院楼A座408，值班电话为87207006；安全工作处每日8:00—次日8:00值班在保卫处值班室（主楼146室），值班电话为87208110。如遇有重大（突发、紧急）事项要及时向校领导和学校总值班室请示报告、做到高效有序处置。</span></p><p class=\\\"ql-align-justify\\\"><span class=\\\"ql-size-large\\\">\\t</span></p><p class=\\\"ql-align-right\\\"><span class=\\\"ql-size-large\\\">\\t党委办公室(校长办公室)</span></p><p class=\\\"ql-align-right\\\"><span class=\\\"ql-size-large\\\">2024年9月21日</span></p><p><br></p>\",\"noticeId\":2,\"noticeTitle\":\"河北地质大学2024年国庆节放假通知\",\"noticeType\":\"2\",\"params\":{},\"remark\":\"管理员\",\"status\":\"0\",\"updateBy\":\"admin\",\"updateTime\":\"2024-11-04 16:29:55\"}', '{\"msg\":\"操作成功\",\"code\":200}', 0, NULL, '2024-11-04 16:57:49', 23);
INSERT INTO `sys_oper_log` VALUES (366, '角色管理', 2, 'site.hgu7.web.controller.system.SysRoleController.edit()', 'PUT', 1, 'admin', '研发部门', '/system/role', '222.223.243.26', 'XX XX', '{\"admin\":false,\"createTime\":\"2024-10-26 22:50:50\",\"dataScope\":\"1\",\"delFlag\":\"0\",\"deptCheckStrictly\":true,\"flag\":false,\"menuCheckStrictly\":true,\"menuIds\":[2036,2024,2018,2043,2025,2028,2029,2019,2022,2023,2039,2040,2041,2042,2044,2045],\"params\":{},\"roleId\":101,\"roleKey\":\"student\",\"roleName\":\"普通学生\",\"roleSort\":0,\"status\":\"0\",\"updateBy\":\"admin\"}', '{\"msg\":\"操作成功\",\"code\":200}', 0, NULL, '2024-11-04 17:06:59', 107);
INSERT INTO `sys_oper_log` VALUES (367, '角色管理', 2, 'site.hgu7.web.controller.system.SysRoleController.edit()', 'PUT', 1, 'admin', '研发部门', '/system/role', '222.223.243.26', 'XX XX', '{\"admin\":false,\"createTime\":\"2024-10-26 22:50:50\",\"dataScope\":\"1\",\"delFlag\":\"0\",\"deptCheckStrictly\":true,\"flag\":false,\"menuCheckStrictly\":true,\"menuIds\":[2036,2024,2018,2037,2030,2043,2025,2028,2029,2019,2022,2023,2031,2039,2040,2041,2042,2044,2045],\"params\":{},\"roleId\":101,\"roleKey\":\"student\",\"roleName\":\"普通学生\",\"roleSort\":0,\"status\":\"0\",\"updateBy\":\"admin\"}', '{\"msg\":\"操作成功\",\"code\":200}', 0, NULL, '2024-11-04 17:07:29', 24);
INSERT INTO `sys_oper_log` VALUES (368, '角色管理', 2, 'site.hgu7.web.controller.system.SysRoleController.edit()', 'PUT', 1, 'admin', '研发部门', '/system/role', '222.223.243.26', 'XX XX', '{\"admin\":false,\"createTime\":\"2024-10-26 22:50:50\",\"dataScope\":\"1\",\"delFlag\":\"0\",\"deptCheckStrictly\":true,\"flag\":false,\"menuCheckStrictly\":true,\"menuIds\":[2036,2024,2018,2037,2030,2043,2025,2019,2022,2023,2031,2039,2040,2041,2042,2044,2045],\"params\":{},\"roleId\":101,\"roleKey\":\"student\",\"roleName\":\"普通学生\",\"roleSort\":0,\"status\":\"0\",\"updateBy\":\"admin\"}', '{\"msg\":\"操作成功\",\"code\":200}', 0, NULL, '2024-11-04 17:22:29', 18);
INSERT INTO `sys_oper_log` VALUES (369, '个人信息', 2, 'site.hgu7.web.controller.system.SysProfileController.updateProfile()', 'PUT', 1, 'admin', '研发部门', '/system/user/profile', '222.223.243.26', 'XX XX', '{\"admin\":false,\"email\":\"铭铭永远喜欢佳怡🥰@163.com\",\"nickName\":\"何梓铭 \",\"params\":{},\"phonenumber\":\"15888888888\",\"sex\":\"0\"}', '{\"msg\":\"操作成功\",\"code\":200}', 0, NULL, '2024-11-04 17:40:30', 22);
INSERT INTO `sys_oper_log` VALUES (370, '个人信息', 2, 'site.hgu7.web.controller.system.SysProfileController.updatePwd()', 'PUT', 1, 'admin', '研发部门', '/system/user/profile/updatePwd', '222.223.243.26', 'XX XX', '{}', '{\"msg\":\"操作成功\",\"code\":200}', 0, NULL, '2024-11-04 17:40:40', 241);
INSERT INTO `sys_oper_log` VALUES (371, '个人信息', 2, 'site.hgu7.web.controller.system.SysProfileController.updateProfile()', 'PUT', 1, 'admin', '研发部门', '/system/user/profile', '222.223.243.26', 'XX XX', '{\"admin\":false,\"email\":\"小铭永远喜欢佳怡🥰@163.com\",\"nickName\":\"何梓铭 \",\"params\":{},\"phonenumber\":\"15888888888\",\"sex\":\"0\"}', '{\"msg\":\"操作成功\",\"code\":200}', 0, NULL, '2024-11-04 19:57:42', 62);
INSERT INTO `sys_oper_log` VALUES (372, '通知公告', 2, 'site.hgu7.web.controller.system.SysNoticeController.edit()', 'PUT', 1, 'admin', '研发部门', '/system/notice', '222.223.243.26', 'XX XX', '{\"createBy\":\"admin\",\"createTime\":\"2024-11-01 14:36:36\",\"noticeContent\":\"<h5 class=\\\"ql-align-justify\\\">\\t<span class=\\\"ql-size-huge\\\">根据省委组织部、省人力资源和社会保障厅</span><strong class=\\\"ql-size-large\\\">《河北省事业单位公开招聘工作人员暂行办法》</strong><span class=\\\"ql-size-large\\\">（冀人社发〔2011〕9号）文件精神，结合我校2024年招聘工作人员计划和岗位空缺情况、工作需要，拟采取选聘方式招聘工作人员145名，制定选聘公告如下：</span></h5><h3 class=\\\"ql-align-justify\\\"><span class=\\\"ql-size-large\\\">\\t一、招聘单位基本情况</span></h3><p class=\\\"ql-align-justify\\\">\\t河北地质大学（原石家庄经济学院）创建于1953年，是原地质部直属五大院校之一，是自然资源部、河北省人民政府共建大学，省属重点骨干大学，河北省重点支持的国内一流大学建设高校，博士学位授权立项建设单位，地质学家、中国科学院院士李廷栋任学校名誉校长。学校秉承“达观博物”的校训，弘扬“仰山慕水”文化，历经近70多年的办学历程，学校逐步形成了“资源环境+”多学科协同发展和深度交叉融合、地经渗透、产教融合的办学特色。</p><p class=\\\"ql-align-justify\\\">\\t学校拥有<strong>理学、工学、管理学、经济学、法学、文学、艺术学、教育学</strong>8大学科门类，70个本科专业。《河北省一流大学和一流学科建设推进方案（2021-2025年）》中，学校被纳入河北省建设国内一流大学序列，“地质学”“地质资源与地质工程”“工商管理”被纳入一流学科建设范围，拥有9个省级重点学科和重点发展学科。在教育部一流本科专业建设“双万计划”中，地质学等9个专业入选了国家级一流本科专业建设点，勘查技术与工程等16个专业入选省级一流本科专业建设点。学校面向全国31个省、直辖市、自治区招生，全日制在校生约18000人。</p><p class=\\\"ql-align-justify\\\">\\t学校现有专任教师989人，其中47.1%具有高级专业技术职务，52.0%具有博士学位。他们当中有国务院政府特殊津贴专家、省管优秀专家、省有突出贡献的中青年专家、省社会科学优秀青年专家、省青年拔尖人才、省“三三三人才工程”、省级教学名师等68人。近年来，学校全职引进李四光地质科学奖获得者宋明春教授，柔性引进中国科学院院士李廷栋、刘嘉麒，德国洪堡学者、“国家杰青”获得者季强等一批杰出人才。尚国琲公共管理教师团队、李英杰地质学教师团队分别入选首批和第二批全国高校黄大年式教师团队。于开宁水资源与环境教师团队、袁颖地质资源与防灾减灾教师团队分别入选首批“河北省高校黄大年式教师团队”。</p><p class=\\\"ql-align-justify\\\">\\t二、招聘原则</p><p class=\\\"ql-align-justify\\\">\\t坚持德才兼备，贯彻公开、竞争、平等、择优的原则，在测评、考核的基础上择优聘用。</p><p class=\\\"ql-align-justify\\\">\\t三、选聘条件、岗位、人数</p><p class=\\\"ql-align-justify\\\">\\t(一)应聘人员应具备以下基本条件</p><p class=\\\"ql-align-justify\\\">\\t1.具有中华人民共和国国籍；</p><p class=\\\"ql-align-justify\\\">\\t2.遵守宪法和法律；</p><p class=\\\"ql-align-justify\\\">\\t3.具有良好的品行；</p><p class=\\\"ql-align-justify\\\">\\t4.具有与招聘岗位要求相适应的年龄、学历学位、专业或技能条件；</p><p class=\\\"ql-align-justify\\\">\\t5.适应岗位要求的身体条件；</p><p class=\\\"ql-align-justify\\\">\\t6.应聘辅导员岗位必须是中共党员；</p><p class=\\\"ql-align-justify\\\">\\t7.具备岗位所需要的其他条件。</p><p class=\\\"ql-align-justify\\\">\\t(二)选聘人数和岗位条件以及人员分类情况</p><p class=\\\"ql-align-justify\\\">\\t1.选聘人数和岗位条件</p><p class=\\\"ql-al', '{\"msg\":\"操作成功\",\"code\":200}', 0, NULL, '2024-11-04 19:58:38', 90);
INSERT INTO `sys_oper_log` VALUES (373, '通知公告', 2, 'site.hgu7.web.controller.system.SysNoticeController.edit()', 'PUT', 1, 'admin', '研发部门', '/system/notice', '222.223.243.26', 'XX XX', '{\"createBy\":\"admin\",\"createTime\":\"2024-11-04 19:58:38\",\"noticeContent\":\"<h1 class=\\\"ql-align-justify\\\">\\t<span class=\\\"ql-size-huge\\\">根据省委组织部、省人力资源和社会保障厅</span><strong class=\\\"ql-size-large\\\">《河北省事业单位公开招聘工作人员暂行办法》</strong><span class=\\\"ql-size-large\\\">（冀人社发〔2011〕9号）文件精神，结合我校2024年招聘工作人员计划和岗位空缺情况、工作需要，拟采取选聘方式招聘工作人员145名，制定选聘公告如下：</span></h1><h3 class=\\\"ql-align-justify\\\"><span class=\\\"ql-size-large\\\">\\t一、招聘单位基本情况</span></h3><p class=\\\"ql-align-justify\\\">\\t河北地质大学（原石家庄经济学院）创建于1953年，是原地质部直属五大院校之一，是自然资源部、河北省人民政府共建大学，省属重点骨干大学，河北省重点支持的国内一流大学建设高校，博士学位授权立项建设单位，地质学家、中国科学院院士李廷栋任学校名誉校长。学校秉承“达观博物”的校训，弘扬“仰山慕水”文化，历经近70多年的办学历程，学校逐步形成了“资源环境+”多学科协同发展和深度交叉融合、地经渗透、产教融合的办学特色。</p><p class=\\\"ql-align-justify\\\">\\t学校拥有<strong>理学、工学、管理学、经济学、法学、文学、艺术学、教育学</strong>8大学科门类，70个本科专业。《河北省一流大学和一流学科建设推进方案（2021-2025年）》中，学校被纳入河北省建设国内一流大学序列，“地质学”“地质资源与地质工程”“工商管理”被纳入一流学科建设范围，拥有9个省级重点学科和重点发展学科。在教育部一流本科专业建设“双万计划”中，地质学等9个专业入选了国家级一流本科专业建设点，勘查技术与工程等16个专业入选省级一流本科专业建设点。学校面向全国31个省、直辖市、自治区招生，全日制在校生约18000人。</p><p class=\\\"ql-align-justify\\\">\\t学校现有专任教师989人，其中47.1%具有高级专业技术职务，52.0%具有博士学位。他们当中有国务院政府特殊津贴专家、省管优秀专家、省有突出贡献的中青年专家、省社会科学优秀青年专家、省青年拔尖人才、省“三三三人才工程”、省级教学名师等68人。近年来，学校全职引进李四光地质科学奖获得者宋明春教授，柔性引进中国科学院院士李廷栋、刘嘉麒，德国洪堡学者、“国家杰青”获得者季强等一批杰出人才。尚国琲公共管理教师团队、李英杰地质学教师团队分别入选首批和第二批全国高校黄大年式教师团队。于开宁水资源与环境教师团队、袁颖地质资源与防灾减灾教师团队分别入选首批“河北省高校黄大年式教师团队”。</p><p class=\\\"ql-align-justify\\\">\\t二、招聘原则</p><p class=\\\"ql-align-justify\\\">\\t坚持德才兼备，贯彻公开、竞争、平等、择优的原则，在测评、考核的基础上择优聘用。</p><p class=\\\"ql-align-justify\\\">\\t三、选聘条件、岗位、人数</p><p class=\\\"ql-align-justify\\\">\\t(一)应聘人员应具备以下基本条件</p><p class=\\\"ql-align-justify\\\">\\t1.具有中华人民共和国国籍；</p><p class=\\\"ql-align-justify\\\">\\t2.遵守宪法和法律；</p><p class=\\\"ql-align-justify\\\">\\t3.具有良好的品行；</p><p class=\\\"ql-align-justify\\\">\\t4.具有与招聘岗位要求相适应的年龄、学历学位、专业或技能条件；</p><p class=\\\"ql-align-justify\\\">\\t5.适应岗位要求的身体条件；</p><p class=\\\"ql-align-justify\\\">\\t6.应聘辅导员岗位必须是中共党员；</p><p class=\\\"ql-align-justify\\\">\\t7.具备岗位所需要的其他条件。</p><p class=\\\"ql-align-justify\\\">\\t(二)选聘人数和岗位条件以及人员分类情况</p><p class=\\\"ql-align-justify\\\">\\t1.选聘人数和岗位条件</p><p class=\\\"ql-al', '{\"msg\":\"操作成功\",\"code\":200}', 0, NULL, '2024-11-04 19:59:33', 22);
INSERT INTO `sys_oper_log` VALUES (374, '代码生成', 6, 'site.hgu7.generator.controller.GenController.importTableSave()', 'POST', 1, 'admin', '研发部门', '/tool/gen/importTable', '222.223.243.26', 'XX XX', '{\"tables\":\"fine_course,caru_course,recommend_course\"}', '{\"msg\":\"操作成功\",\"code\":200}', 0, NULL, '2024-11-06 15:00:07', 888);
INSERT INTO `sys_oper_log` VALUES (375, '代码生成', 2, 'site.hgu7.generator.controller.GenController.editSave()', 'PUT', 1, 'admin', '研发部门', '/tool/gen', '222.223.243.26', 'XX XX', '{\"businessName\":\"CaruCourse\",\"className\":\"CaruCourse\",\"columns\":[{\"capJavaField\":\"CaruId\",\"columnId\":24,\"columnName\":\"caru_id\",\"columnType\":\"int\",\"createBy\":\"admin\",\"createTime\":\"2024-11-06 15:00:07\",\"dictType\":\"\",\"edit\":false,\"htmlType\":\"input\",\"increment\":true,\"insert\":true,\"isIncrement\":\"1\",\"isInsert\":\"1\",\"isPk\":\"1\",\"isRequired\":\"0\",\"javaField\":\"caruId\",\"javaType\":\"Long\",\"list\":false,\"params\":{},\"pk\":true,\"query\":false,\"queryType\":\"EQ\",\"required\":false,\"sort\":1,\"superColumn\":false,\"tableId\":4,\"updateBy\":\"\",\"usableColumn\":false},{\"capJavaField\":\"CaruCourseId\",\"columnComment\":\"轮播图课程id\",\"columnId\":25,\"columnName\":\"CaruCourseId\",\"columnType\":\"int\",\"createBy\":\"admin\",\"createTime\":\"2024-11-06 15:00:07\",\"dictType\":\"\",\"edit\":true,\"htmlType\":\"input\",\"increment\":false,\"insert\":true,\"isEdit\":\"1\",\"isIncrement\":\"0\",\"isInsert\":\"1\",\"isList\":\"1\",\"isPk\":\"0\",\"isQuery\":\"1\",\"isRequired\":\"0\",\"javaField\":\"CaruCourseId\",\"javaType\":\"Long\",\"list\":true,\"params\":{},\"pk\":false,\"query\":true,\"queryType\":\"EQ\",\"required\":false,\"sort\":2,\"superColumn\":false,\"tableId\":4,\"updateBy\":\"\",\"usableColumn\":false}],\"crud\":true,\"functionAuthor\":\"hzm\",\"functionName\":\"首页轮播图展示的课程\",\"genPath\":\"/\",\"genType\":\"0\",\"moduleName\":\"CaruCourse\",\"options\":\"{\\\"parentMenuId\\\":1}\",\"packageName\":\"site.hgu7.CaruCourse\",\"params\":{\"parentMenuId\":1},\"parentMenuId\":1,\"sub\":false,\"tableComment\":\"首页轮播图展示的课程id\",\"tableId\":4,\"tableName\":\"caru_course\",\"tplCategory\":\"crud\",\"tplWebType\":\"element-plus\",\"tree\":false}', '{\"msg\":\"操作成功\",\"code\":200}', 0, NULL, '2024-11-06 15:02:12', 317);

-- ----------------------------
-- Table structure for sys_post
-- ----------------------------
DROP TABLE IF EXISTS `sys_post`;
CREATE TABLE `sys_post`  (
  `post_id` bigint NOT NULL AUTO_INCREMENT COMMENT '岗位ID',
  `post_code` varchar(64) CHARACTER SET utf8mb4 COLLATE utf8mb4_0900_ai_ci NOT NULL COMMENT '岗位编码',
  `post_name` varchar(50) CHARACTER SET utf8mb4 COLLATE utf8mb4_0900_ai_ci NOT NULL COMMENT '岗位名称',
  `post_sort` int NOT NULL COMMENT '显示顺序',
  `status` char(1) CHARACTER SET utf8mb4 COLLATE utf8mb4_0900_ai_ci NOT NULL COMMENT '状态（0正常 1停用）',
  `create_by` varchar(64) CHARACTER SET utf8mb4 COLLATE utf8mb4_0900_ai_ci NULL DEFAULT '' COMMENT '创建者',
  `create_time` datetime NULL DEFAULT NULL COMMENT '创建时间',
  `update_by` varchar(64) CHARACTER SET utf8mb4 COLLATE utf8mb4_0900_ai_ci NULL DEFAULT '' COMMENT '更新者',
  `update_time` datetime NULL DEFAULT NULL COMMENT '更新时间',
  `remark` varchar(500) CHARACTER SET utf8mb4 COLLATE utf8mb4_0900_ai_ci NULL DEFAULT NULL COMMENT '备注',
  PRIMARY KEY (`post_id`) USING BTREE
) ENGINE = InnoDB AUTO_INCREMENT = 5 CHARACTER SET = utf8mb4 COLLATE = utf8mb4_0900_ai_ci COMMENT = '岗位信息表' ROW_FORMAT = DYNAMIC;

-- ----------------------------
-- Records of sys_post
-- ----------------------------
INSERT INTO `sys_post` VALUES (1, 'ceo', '董事长', 1, '0', 'admin', '2024-10-22 15:18:06', '', NULL, '');
INSERT INTO `sys_post` VALUES (2, 'se', '项目经理', 2, '0', 'admin', '2024-10-22 15:18:06', '', NULL, '');
INSERT INTO `sys_post` VALUES (3, 'hr', '人力资源', 3, '0', 'admin', '2024-10-22 15:18:06', '', NULL, '');
INSERT INTO `sys_post` VALUES (4, 'user', '普通员工', 4, '0', 'admin', '2024-10-22 15:18:06', '', NULL, '');

-- ----------------------------
-- Table structure for sys_role
-- ----------------------------
DROP TABLE IF EXISTS `sys_role`;
CREATE TABLE `sys_role`  (
  `role_id` bigint NOT NULL AUTO_INCREMENT COMMENT '角色ID',
  `role_name` varchar(30) CHARACTER SET utf8mb4 COLLATE utf8mb4_0900_ai_ci NOT NULL COMMENT '角色名称',
  `role_key` varchar(100) CHARACTER SET utf8mb4 COLLATE utf8mb4_0900_ai_ci NOT NULL COMMENT '角色权限字符串',
  `role_sort` int NOT NULL COMMENT '显示顺序',
  `data_scope` char(1) CHARACTER SET utf8mb4 COLLATE utf8mb4_0900_ai_ci NULL DEFAULT '1' COMMENT '数据范围（1：全部数据权限 2：自定数据权限 3：本部门数据权限 4：本部门及以下数据权限）',
  `menu_check_strictly` tinyint(1) NULL DEFAULT 1 COMMENT '菜单树选择项是否关联显示',
  `dept_check_strictly` tinyint(1) NULL DEFAULT 1 COMMENT '部门树选择项是否关联显示',
  `status` char(1) CHARACTER SET utf8mb4 COLLATE utf8mb4_0900_ai_ci NOT NULL COMMENT '角色状态（0正常 1停用）',
  `del_flag` char(1) CHARACTER SET utf8mb4 COLLATE utf8mb4_0900_ai_ci NULL DEFAULT '0' COMMENT '删除标志（0代表存在 2代表删除）',
  `create_by` varchar(64) CHARACTER SET utf8mb4 COLLATE utf8mb4_0900_ai_ci NULL DEFAULT '' COMMENT '创建者',
  `create_time` datetime NULL DEFAULT NULL COMMENT '创建时间',
  `update_by` varchar(64) CHARACTER SET utf8mb4 COLLATE utf8mb4_0900_ai_ci NULL DEFAULT '' COMMENT '更新者',
  `update_time` datetime NULL DEFAULT NULL COMMENT '更新时间',
  `remark` varchar(500) CHARACTER SET utf8mb4 COLLATE utf8mb4_0900_ai_ci NULL DEFAULT NULL COMMENT '备注',
  PRIMARY KEY (`role_id`) USING BTREE
) ENGINE = InnoDB AUTO_INCREMENT = 102 CHARACTER SET = utf8mb4 COLLATE = utf8mb4_0900_ai_ci COMMENT = '角色信息表' ROW_FORMAT = DYNAMIC;

-- ----------------------------
-- Records of sys_role
-- ----------------------------
INSERT INTO `sys_role` VALUES (1, '超级管理员', 'admin', 1, '1', 1, 1, '0', '0', 'admin', '2024-10-22 15:18:06', '', NULL, '超级管理员');
INSERT INTO `sys_role` VALUES (2, '普通角色', 'common', 2, '2', 1, 1, '0', '0', 'admin', '2024-10-22 15:18:06', '', NULL, '普通角色');
INSERT INTO `sys_role` VALUES (100, '教师', 'teacher', 0, '1', 1, 1, '0', '0', 'admin', '2024-10-26 22:50:33', 'admin', '2024-11-01 14:37:36', NULL);
INSERT INTO `sys_role` VALUES (101, '普通学生', 'student', 0, '1', 1, 1, '0', '0', 'admin', '2024-10-26 22:50:50', 'admin', '2024-11-04 17:22:29', NULL);

-- ----------------------------
-- Table structure for sys_role_dept
-- ----------------------------
DROP TABLE IF EXISTS `sys_role_dept`;
CREATE TABLE `sys_role_dept`  (
  `role_id` bigint NOT NULL COMMENT '角色ID',
  `dept_id` bigint NOT NULL COMMENT '部门ID',
  PRIMARY KEY (`role_id`, `dept_id`) USING BTREE
) ENGINE = InnoDB CHARACTER SET = utf8mb4 COLLATE = utf8mb4_0900_ai_ci COMMENT = '角色和部门关联表' ROW_FORMAT = DYNAMIC;

-- ----------------------------
-- Records of sys_role_dept
-- ----------------------------
INSERT INTO `sys_role_dept` VALUES (2, 100);
INSERT INTO `sys_role_dept` VALUES (2, 101);
INSERT INTO `sys_role_dept` VALUES (2, 105);

-- ----------------------------
-- Table structure for sys_role_menu
-- ----------------------------
DROP TABLE IF EXISTS `sys_role_menu`;
CREATE TABLE `sys_role_menu`  (
  `role_id` bigint NOT NULL COMMENT '角色ID',
  `menu_id` bigint NOT NULL COMMENT '菜单ID',
  PRIMARY KEY (`role_id`, `menu_id`) USING BTREE
) ENGINE = InnoDB CHARACTER SET = utf8mb4 COLLATE = utf8mb4_0900_ai_ci COMMENT = '角色和菜单关联表' ROW_FORMAT = DYNAMIC;

-- ----------------------------
-- Records of sys_role_menu
-- ----------------------------
INSERT INTO `sys_role_menu` VALUES (2, 1);
INSERT INTO `sys_role_menu` VALUES (2, 2);
INSERT INTO `sys_role_menu` VALUES (2, 3);
INSERT INTO `sys_role_menu` VALUES (2, 4);
INSERT INTO `sys_role_menu` VALUES (2, 100);
INSERT INTO `sys_role_menu` VALUES (2, 101);
INSERT INTO `sys_role_menu` VALUES (2, 102);
INSERT INTO `sys_role_menu` VALUES (2, 103);
INSERT INTO `sys_role_menu` VALUES (2, 104);
INSERT INTO `sys_role_menu` VALUES (2, 105);
INSERT INTO `sys_role_menu` VALUES (2, 106);
INSERT INTO `sys_role_menu` VALUES (2, 107);
INSERT INTO `sys_role_menu` VALUES (2, 108);
INSERT INTO `sys_role_menu` VALUES (2, 109);
INSERT INTO `sys_role_menu` VALUES (2, 110);
INSERT INTO `sys_role_menu` VALUES (2, 111);
INSERT INTO `sys_role_menu` VALUES (2, 112);
INSERT INTO `sys_role_menu` VALUES (2, 113);
INSERT INTO `sys_role_menu` VALUES (2, 114);
INSERT INTO `sys_role_menu` VALUES (2, 115);
INSERT INTO `sys_role_menu` VALUES (2, 116);
INSERT INTO `sys_role_menu` VALUES (2, 117);
INSERT INTO `sys_role_menu` VALUES (2, 500);
INSERT INTO `sys_role_menu` VALUES (2, 501);
INSERT INTO `sys_role_menu` VALUES (2, 1000);
INSERT INTO `sys_role_menu` VALUES (2, 1001);
INSERT INTO `sys_role_menu` VALUES (2, 1002);
INSERT INTO `sys_role_menu` VALUES (2, 1003);
INSERT INTO `sys_role_menu` VALUES (2, 1004);
INSERT INTO `sys_role_menu` VALUES (2, 1005);
INSERT INTO `sys_role_menu` VALUES (2, 1006);
INSERT INTO `sys_role_menu` VALUES (2, 1007);
INSERT INTO `sys_role_menu` VALUES (2, 1008);
INSERT INTO `sys_role_menu` VALUES (2, 1009);
INSERT INTO `sys_role_menu` VALUES (2, 1010);
INSERT INTO `sys_role_menu` VALUES (2, 1011);
INSERT INTO `sys_role_menu` VALUES (2, 1012);
INSERT INTO `sys_role_menu` VALUES (2, 1013);
INSERT INTO `sys_role_menu` VALUES (2, 1014);
INSERT INTO `sys_role_menu` VALUES (2, 1015);
INSERT INTO `sys_role_menu` VALUES (2, 1016);
INSERT INTO `sys_role_menu` VALUES (2, 1017);
INSERT INTO `sys_role_menu` VALUES (2, 1018);
INSERT INTO `sys_role_menu` VALUES (2, 1019);
INSERT INTO `sys_role_menu` VALUES (2, 1020);
INSERT INTO `sys_role_menu` VALUES (2, 1021);
INSERT INTO `sys_role_menu` VALUES (2, 1022);
INSERT INTO `sys_role_menu` VALUES (2, 1023);
INSERT INTO `sys_role_menu` VALUES (2, 1024);
INSERT INTO `sys_role_menu` VALUES (2, 1025);
INSERT INTO `sys_role_menu` VALUES (2, 1026);
INSERT INTO `sys_role_menu` VALUES (2, 1027);
INSERT INTO `sys_role_menu` VALUES (2, 1028);
INSERT INTO `sys_role_menu` VALUES (2, 1029);
INSERT INTO `sys_role_menu` VALUES (2, 1030);
INSERT INTO `sys_role_menu` VALUES (2, 1031);
INSERT INTO `sys_role_menu` VALUES (2, 1032);
INSERT INTO `sys_role_menu` VALUES (2, 1033);
INSERT INTO `sys_role_menu` VALUES (2, 1034);
INSERT INTO `sys_role_menu` VALUES (2, 1035);
INSERT INTO `sys_role_menu` VALUES (2, 1036);
INSERT INTO `sys_role_menu` VALUES (2, 1037);
INSERT INTO `sys_role_menu` VALUES (2, 1038);
INSERT INTO `sys_role_menu` VALUES (2, 1039);
INSERT INTO `sys_role_menu` VALUES (2, 1040);
INSERT INTO `sys_role_menu` VALUES (2, 1041);
INSERT INTO `sys_role_menu` VALUES (2, 1042);
INSERT INTO `sys_role_menu` VALUES (2, 1043);
INSERT INTO `sys_role_menu` VALUES (2, 1044);
INSERT INTO `sys_role_menu` VALUES (2, 1045);
INSERT INTO `sys_role_menu` VALUES (2, 1046);
INSERT INTO `sys_role_menu` VALUES (2, 1047);
INSERT INTO `sys_role_menu` VALUES (2, 1048);
INSERT INTO `sys_role_menu` VALUES (2, 1049);
INSERT INTO `sys_role_menu` VALUES (2, 1050);
INSERT INTO `sys_role_menu` VALUES (2, 1051);
INSERT INTO `sys_role_menu` VALUES (2, 1052);
INSERT INTO `sys_role_menu` VALUES (2, 1053);
INSERT INTO `sys_role_menu` VALUES (2, 1054);
INSERT INTO `sys_role_menu` VALUES (2, 1055);
INSERT INTO `sys_role_menu` VALUES (2, 1056);
INSERT INTO `sys_role_menu` VALUES (2, 1057);
INSERT INTO `sys_role_menu` VALUES (2, 1058);
INSERT INTO `sys_role_menu` VALUES (2, 1059);
INSERT INTO `sys_role_menu` VALUES (2, 1060);
INSERT INTO `sys_role_menu` VALUES (100, 107);
INSERT INTO `sys_role_menu` VALUES (100, 1035);
INSERT INTO `sys_role_menu` VALUES (100, 1036);
INSERT INTO `sys_role_menu` VALUES (100, 1037);
INSERT INTO `sys_role_menu` VALUES (100, 1038);
INSERT INTO `sys_role_menu` VALUES (100, 2018);
INSERT INTO `sys_role_menu` VALUES (100, 2019);
INSERT INTO `sys_role_menu` VALUES (100, 2020);
INSERT INTO `sys_role_menu` VALUES (100, 2021);
INSERT INTO `sys_role_menu` VALUES (100, 2022);
INSERT INTO `sys_role_menu` VALUES (100, 2023);
INSERT INTO `sys_role_menu` VALUES (100, 2024);
INSERT INTO `sys_role_menu` VALUES (100, 2025);
INSERT INTO `sys_role_menu` VALUES (100, 2026);
INSERT INTO `sys_role_menu` VALUES (100, 2027);
INSERT INTO `sys_role_menu` VALUES (100, 2028);
INSERT INTO `sys_role_menu` VALUES (100, 2029);
INSERT INTO `sys_role_menu` VALUES (100, 2030);
INSERT INTO `sys_role_menu` VALUES (100, 2031);
INSERT INTO `sys_role_menu` VALUES (100, 2032);
INSERT INTO `sys_role_menu` VALUES (100, 2033);
INSERT INTO `sys_role_menu` VALUES (100, 2034);
INSERT INTO `sys_role_menu` VALUES (100, 2035);
INSERT INTO `sys_role_menu` VALUES (100, 2036);
INSERT INTO `sys_role_menu` VALUES (100, 2037);
INSERT INTO `sys_role_menu` VALUES (100, 2038);
INSERT INTO `sys_role_menu` VALUES (100, 2039);
INSERT INTO `sys_role_menu` VALUES (100, 2040);
INSERT INTO `sys_role_menu` VALUES (100, 2041);
INSERT INTO `sys_role_menu` VALUES (100, 2042);
INSERT INTO `sys_role_menu` VALUES (100, 2043);
INSERT INTO `sys_role_menu` VALUES (100, 2044);
INSERT INTO `sys_role_menu` VALUES (100, 2045);
INSERT INTO `sys_role_menu` VALUES (101, 2018);
INSERT INTO `sys_role_menu` VALUES (101, 2019);
INSERT INTO `sys_role_menu` VALUES (101, 2022);
INSERT INTO `sys_role_menu` VALUES (101, 2023);
INSERT INTO `sys_role_menu` VALUES (101, 2024);
INSERT INTO `sys_role_menu` VALUES (101, 2025);
INSERT INTO `sys_role_menu` VALUES (101, 2030);
INSERT INTO `sys_role_menu` VALUES (101, 2031);
INSERT INTO `sys_role_menu` VALUES (101, 2036);
INSERT INTO `sys_role_menu` VALUES (101, 2037);
INSERT INTO `sys_role_menu` VALUES (101, 2039);
INSERT INTO `sys_role_menu` VALUES (101, 2040);
INSERT INTO `sys_role_menu` VALUES (101, 2041);
INSERT INTO `sys_role_menu` VALUES (101, 2042);
INSERT INTO `sys_role_menu` VALUES (101, 2043);
INSERT INTO `sys_role_menu` VALUES (101, 2044);
INSERT INTO `sys_role_menu` VALUES (101, 2045);

-- ----------------------------
-- Table structure for sys_user
-- ----------------------------
DROP TABLE IF EXISTS `sys_user`;
CREATE TABLE `sys_user`  (
  `user_id` bigint NOT NULL AUTO_INCREMENT COMMENT '用户ID',
  `dept_id` bigint NULL DEFAULT NULL COMMENT '部门ID',
  `user_name` varchar(30) CHARACTER SET utf8mb4 COLLATE utf8mb4_0900_ai_ci NOT NULL COMMENT '用户账号',
  `nick_name` varchar(30) CHARACTER SET utf8mb4 COLLATE utf8mb4_0900_ai_ci NOT NULL COMMENT '用户昵称',
  `user_type` varchar(2) CHARACTER SET utf8mb4 COLLATE utf8mb4_0900_ai_ci NULL DEFAULT '00' COMMENT '用户类型（00系统用户）',
  `email` varchar(50) CHARACTER SET utf8mb4 COLLATE utf8mb4_0900_ai_ci NULL DEFAULT '' COMMENT '用户邮箱',
  `phonenumber` varchar(11) CHARACTER SET utf8mb4 COLLATE utf8mb4_0900_ai_ci NULL DEFAULT '' COMMENT '手机号码',
  `sex` char(1) CHARACTER SET utf8mb4 COLLATE utf8mb4_0900_ai_ci NULL DEFAULT '0' COMMENT '用户性别（0男 1女 2未知）',
  `avatar` varchar(100) CHARACTER SET utf8mb4 COLLATE utf8mb4_0900_ai_ci NULL DEFAULT '' COMMENT '头像地址',
  `password` varchar(100) CHARACTER SET utf8mb4 COLLATE utf8mb4_0900_ai_ci NULL DEFAULT '' COMMENT '密码',
  `status` char(1) CHARACTER SET utf8mb4 COLLATE utf8mb4_0900_ai_ci NULL DEFAULT '0' COMMENT '帐号状态（0正常 1停用）',
  `del_flag` char(1) CHARACTER SET utf8mb4 COLLATE utf8mb4_0900_ai_ci NULL DEFAULT '0' COMMENT '删除标志（0代表存在 2代表删除）',
  `login_ip` varchar(128) CHARACTER SET utf8mb4 COLLATE utf8mb4_0900_ai_ci NULL DEFAULT '' COMMENT '最后登录IP',
  `login_date` datetime NULL DEFAULT NULL COMMENT '最后登录时间',
  `create_by` varchar(64) CHARACTER SET utf8mb4 COLLATE utf8mb4_0900_ai_ci NULL DEFAULT '' COMMENT '创建者',
  `create_time` datetime NULL DEFAULT NULL COMMENT '创建时间',
  `update_by` varchar(64) CHARACTER SET utf8mb4 COLLATE utf8mb4_0900_ai_ci NULL DEFAULT '' COMMENT '更新者',
  `update_time` datetime NULL DEFAULT NULL COMMENT '更新时间',
  `remark` varchar(500) CHARACTER SET utf8mb4 COLLATE utf8mb4_0900_ai_ci NULL DEFAULT NULL COMMENT '备注',
  PRIMARY KEY (`user_id`) USING BTREE
) ENGINE = InnoDB AUTO_INCREMENT = 102 CHARACTER SET = utf8mb4 COLLATE = utf8mb4_0900_ai_ci COMMENT = '用户信息表' ROW_FORMAT = DYNAMIC;

-- ----------------------------
-- Records of sys_user
-- ----------------------------
INSERT INTO `sys_user` VALUES (1, 103, 'admin', '何梓铭 ', '00', '小铭永远喜欢佳怡🥰@163.com', '15888888888', '0', '', '$2a$10$9lc1.VvfRE55ekl8mA5o7uNcbYYl/9iX4No5OQrPeWWlZ5piXivK.', '0', '0', '222.223.243.26', '2024-11-06 14:50:28', 'admin', '2024-10-22 15:18:06', '', '2024-11-06 14:50:27', '管理员');
INSERT INTO `sys_user` VALUES (2, 105, 'ry', '若依', '00', 'ry@qq.com', '15666666666', '1', '', '$2a$10$7JB720yubVSZvUI0rEqK/.VqGOZTH.ulu33dHOiBE8ByOhJIrdAu2', '1', '0', '127.0.0.1', '2024-10-22 15:18:06', 'admin', '2024-10-22 15:18:06', 'admin', '2024-11-02 20:01:56', '测试员');
INSERT INTO `sys_user` VALUES (100, NULL, 'xiejiayi', '谢佳怡', '00', '', '', '0', '', '$2a$10$7JB720yubVSZvUI0rEqK/.VqGOZTH.ulu33dHOiBE8ByOhJIrdAu2', '0', '0', '222.223.243.26', '2024-11-04 17:42:37', '', '2024-10-30 17:22:22', '', '2024-11-04 17:42:36', NULL);
INSERT INTO `sys_user` VALUES (101, NULL, 'admin123', 'admin123', '00', '', '', '0', '', '$2a$10$0HIX7NXdf16UZOBqkxNCqOUjdXaOr4AMM7i2fE/WyLRrcEsvHEhOu', '0', '0', '127.0.0.1', '2024-11-01 15:00:02', '', '2024-10-30 20:34:04', '', '2024-11-01 15:00:02', NULL);

-- ----------------------------
-- Table structure for sys_user_post
-- ----------------------------
DROP TABLE IF EXISTS `sys_user_post`;
CREATE TABLE `sys_user_post`  (
  `user_id` bigint NOT NULL COMMENT '用户ID',
  `post_id` bigint NOT NULL COMMENT '岗位ID',
  PRIMARY KEY (`user_id`, `post_id`) USING BTREE
) ENGINE = InnoDB CHARACTER SET = utf8mb4 COLLATE = utf8mb4_0900_ai_ci COMMENT = '用户与岗位关联表' ROW_FORMAT = DYNAMIC;

-- ----------------------------
-- Records of sys_user_post
-- ----------------------------
INSERT INTO `sys_user_post` VALUES (1, 1);
INSERT INTO `sys_user_post` VALUES (2, 2);

-- ----------------------------
-- Table structure for sys_user_role
-- ----------------------------
DROP TABLE IF EXISTS `sys_user_role`;
CREATE TABLE `sys_user_role`  (
  `user_id` bigint NOT NULL COMMENT '用户ID',
  `role_id` bigint NOT NULL COMMENT '角色ID',
  PRIMARY KEY (`user_id`, `role_id`) USING BTREE
) ENGINE = InnoDB CHARACTER SET = utf8mb4 COLLATE = utf8mb4_0900_ai_ci COMMENT = '用户和角色关联表' ROW_FORMAT = DYNAMIC;

-- ----------------------------
-- Records of sys_user_role
-- ----------------------------
INSERT INTO `sys_user_role` VALUES (1, 1);
INSERT INTO `sys_user_role` VALUES (2, 2);
INSERT INTO `sys_user_role` VALUES (100, 101);
INSERT INTO `sys_user_role` VALUES (101, 101);

SET FOREIGN_KEY_CHECKS = 1;
